{
"type": "FeatureCollection",
"name": "buildings",
"crs": { "type": "name", "properties": { "name": "urn:ogc:def:crs:OGC:1.3:CRS84" } },
"features": [
{ "type": "Feature", "properties": { "fid": 2784, "Building_Name": "Staff Quaters", "Building_ID": 2784, "Floor_Count": 1, "Building_Type": "Residential", "Year_Built": null, "Primary_Use": "Residential", "Square_Meters": 14.49, "Occupancy_Cap": 2 }, "geometry": { "type": "MultiPolygon", "coordinates": [ [ [ [ 7.7134014, 8.5659388 ], [ 7.7134388, 8.565937 ], [ 7.7134404, 8.5659687 ], [ 7.713403, 8.5659706 ], [ 7.7134014, 8.5659388 ] ] ] ] } },
{ "type": "Feature", "properties": { "fid": 2806, "Building_Name": "Polytechnic Staff School", "Building_ID": 2806, "Floor_Count": 1, "Building_Type": "Academic", "Year_Built": null, "Primary_Use": "Academic", "Square_Meters": 331.13, "Occupancy_Cap": 199 }, "geometry": { "type": "MultiPolygon", "coordinates": [ [ [ [ 7.7180654, 8.5573159 ], [ 7.7179954, 8.5573626 ], [ 7.7178131, 8.5570957 ], [ 7.7178831, 8.557049 ], [ 7.7180654, 8.5573159 ] ] ] ] } },
{ "type": "Feature", "properties": { "fid": 2807, "Building_Name": "School Clinic", "Building_ID": 2807, "Floor_Count": 1, "Building_Type": "Administrative", "Year_Built": null, "Primary_Use": "Administrative", "Square_Meters": 19.38, "Occupancy_Cap": 3 }, "geometry": { "type": "MultiPolygon", "coordinates": [ [ [ [ 7.7159837, 8.5636489 ], [ 7.7159449, 8.5636472 ], [ 7.7159467, 8.5636063 ], [ 7.7159856, 8.563608 ], [ 7.7159837, 8.5636489 ] ] ] ] } },
{ "type": "Feature", "properties": { "fid": 2823, "Building_Name": null, "Building_ID": 2823, "Floor_Count": 1, "Building_Type": null, "Year_Built": null, "Primary_Use": null, "Square_Meters": 29.57, "Occupancy_Cap": 9 }, "geometry": { "type": "MultiPolygon", "coordinates": [ [ [ [ 7.7148107, 8.5685589 ], [ 7.7148505, 8.5685308 ], [ 7.7148797, 8.5685712 ], [ 7.7148399, 8.5685993 ], [ 7.7148107, 8.5685589 ] ] ] ] } },
{ "type": "Feature", "properties": { "fid": 2843, "Building_Name": "Staff Quaters", "Building_ID": 2843, "Floor_Count": 1, "Building_Type": "Residential", "Year_Built": null, "Primary_Use": "Residential", "Square_Meters": 253.09, "Occupancy_Cap": 30 }, "geometry": { "type": "MultiPolygon", "coordinates": [ [ [ [ 7.7126213, 8.5667586 ], [ 7.7126176, 8.5669167 ], [ 7.7125521, 8.5669152 ], [ 7.7125517, 8.5669338 ], [ 7.7124927, 8.5669325 ], [ 7.7124968, 8.5667558 ], [ 7.7126213, 8.5667586 ] ] ] ] } },
{ "type": "Feature", "properties": { "fid": 2854, "Building_Name": "Shop", "Building_ID": 2854, "Floor_Count": 1, "Building_Type": "Commercial", "Year_Built": null, "Primary_Use": "Commercial", "Square_Meters": 38.49, "Occupancy_Cap": 12 }, "geometry": { "type": "MultiPolygon", "coordinates": [ [ [ [ 7.7176163, 8.5661217 ], [ 7.7176207, 8.5661838 ], [ 7.71757, 8.5661873 ], [ 7.7175656, 8.5661253 ], [ 7.7176163, 8.5661217 ] ] ] ] } },
{ "type": "Feature", "properties": { "fid": 2856, "Building_Name": "Staff Quaters", "Building_ID": 2856, "Floor_Count": 1, "Building_Type": "Residential", "Year_Built": null, "Primary_Use": "Residential", "Square_Meters": 269.25, "Occupancy_Cap": 32 }, "geometry": { "type": "MultiPolygon", "coordinates": [ [ [ [ 7.7131803, 8.5669065 ], [ 7.7131858, 8.5667449 ], [ 7.7133224, 8.5667494 ], [ 7.713317, 8.5669111 ], [ 7.7131803, 8.5669065 ] ] ] ] } },
{ "type": "Feature", "properties": { "fid": 2865, "Building_Name": "Staff Quaters", "Building_ID": 2865, "Floor_Count": 1, "Building_Type": "Residential", "Year_Built": null, "Primary_Use": "Residential", "Square_Meters": 241.52, "Occupancy_Cap": 29 }, "geometry": { "type": "MultiPolygon", "coordinates": [ [ [ [ 7.7130293, 8.566754 ], [ 7.7130326, 8.5669148 ], [ 7.7129092, 8.5669172 ], [ 7.712906, 8.5667565 ], [ 7.7130293, 8.566754 ] ] ] ] } },
{ "type": "Feature", "properties": { "fid": 2896, "Building_Name": "Mosque", "Building_ID": 2896, "Floor_Count": 1, "Building_Type": "Worship", "Year_Built": null, "Primary_Use": "Worship", "Square_Meters": 321.41, "Occupancy_Cap": 289 }, "geometry": { "type": "MultiPolygon", "coordinates": [ [ [ [ 7.7188326, 8.5584844 ], [ 7.7190104, 8.5585404 ], [ 7.718967, 8.5586752 ], [ 7.7187892, 8.5586192 ], [ 7.7188326, 8.5584844 ] ] ] ] } },
{ "type": "Feature", "properties": { "fid": 2902, "Building_Name": "ETF Building", "Building_ID": 2902, "Floor_Count": 1, "Building_Type": "Academic", "Year_Built": null, "Primary_Use": "Academic", "Square_Meters": 245.05, "Occupancy_Cap": 147 }, "geometry": { "type": "MultiPolygon", "coordinates": [ [ [ [ 7.71848, 8.5683249 ], [ 7.7182041, 8.5683344 ], [ 7.7182015, 8.5682615 ], [ 7.7184775, 8.5682521 ], [ 7.71848, 8.5683249 ] ] ] ] } },
{ "type": "Feature", "properties": { "fid": 2916, "Building_Name": "Polytechnic Staff School", "Building_ID": 2916, "Floor_Count": 1, "Building_Type": "Academic", "Year_Built": null, "Primary_Use": "Academic", "Square_Meters": 348.97, "Occupancy_Cap": 209 }, "geometry": { "type": "MultiPolygon", "coordinates": [ [ [ [ 7.7179434, 8.5564419 ], [ 7.717994, 8.5565177 ], [ 7.7177304, 8.5566895 ], [ 7.7176799, 8.5566137 ], [ 7.7179434, 8.5564419 ] ] ] ] } },
{ "type": "Feature", "properties": { "fid": 2917, "Building_Name": null, "Building_ID": 2917, "Floor_Count": 1, "Building_Type": null, "Year_Built": null, "Primary_Use": null, "Square_Meters": 556.37, "Occupancy_Cap": 167 }, "geometry": { "type": "MultiPolygon", "coordinates": [ [ [ [ 7.7159798, 8.5682677 ], [ 7.7160722, 8.5682196 ], [ 7.7162785, 8.5686066 ], [ 7.7161861, 8.5686548 ], [ 7.7159798, 8.5682677 ] ] ] ] } },
{ "type": "Feature", "properties": { "fid": 2934, "Building_Name": "Old Entrepreneurship Center", "Building_ID": 2934, "Floor_Count": 1, "Building_Type": "Academic", "Year_Built": null, "Primary_Use": "Academic", "Square_Meters": 22.3, "Occupancy_Cap": 13 }, "geometry": { "type": "MultiPolygon", "coordinates": [ [ [ [ 7.72529394625103, 8.564623340683129 ], [ 7.72530134625103, 8.564666040683129 ], [ 7.72525974625103, 8.564673140683128 ], [ 7.72525224625103, 8.564630440683128 ], [ 7.72529394625103, 8.564623340683129 ] ] ] ] } },
{ "type": "Feature", "properties": { "fid": 2952, "Building_Name": "School of Environmental", "Building_ID": 2952, "Floor_Count": 1, "Building_Type": "Academic", "Year_Built": null, "Primary_Use": "Academic", "Square_Meters": 93.98, "Occupancy_Cap": 56 }, "geometry": { "type": "MultiPolygon", "coordinates": [ [ [ [ 7.7170969, 8.5685512 ], [ 7.7172908, 8.5684512 ], [ 7.7173073, 8.5684825 ], [ 7.7171134, 8.5685825 ], [ 7.7170969, 8.5685512 ] ] ] ] } },
{ "type": "Feature", "properties": { "fid": 2981, "Building_Name": "Works Department", "Building_ID": 2981, "Floor_Count": 1, "Building_Type": "Administrative", "Year_Built": null, "Primary_Use": "Administrative", "Square_Meters": 45.42, "Occupancy_Cap": 7 }, "geometry": { "type": "MultiPolygon", "coordinates": [ [ [ [ 7.7132194, 8.5681398 ], [ 7.7132208, 8.5681955 ], [ 7.7131538, 8.5681971 ], [ 7.7131524, 8.5681415 ], [ 7.7132194, 8.5681398 ] ] ] ] } },
{ "type": "Feature", "properties": { "fid": 2985, "Building_Name": null, "Building_ID": 2985, "Floor_Count": 1, "Building_Type": null, "Year_Built": null, "Primary_Use": null, "Square_Meters": 153.14, "Occupancy_Cap": 46 }, "geometry": { "type": "MultiPolygon", "coordinates": [ [ [ [ 7.715765, 8.5682484 ], [ 7.7158451, 8.5683687 ], [ 7.7157721, 8.5684162 ], [ 7.7156921, 8.5682959 ], [ 7.715765, 8.5682484 ] ] ] ] } },
{ "type": "Feature", "properties": { "fid": 3016, "Building_Name": null, "Building_ID": 3016, "Floor_Count": 1, "Building_Type": null, "Year_Built": null, "Primary_Use": null, "Square_Meters": 26.24, "Occupancy_Cap": 8 }, "geometry": { "type": "MultiPolygon", "coordinates": [ [ [ [ 7.7156732, 8.5682644 ], [ 7.715691, 8.5683076 ], [ 7.7156482, 8.5683248 ], [ 7.7156304, 8.5682816 ], [ 7.7156732, 8.5682644 ] ] ] ] } },
{ "type": "Feature", "properties": { "fid": 3019, "Building_Name": "Works Department", "Building_ID": 3019, "Floor_Count": 1, "Building_Type": "Administrative", "Year_Built": null, "Primary_Use": "Administrative", "Square_Meters": 289.41, "Occupancy_Cap": 43 }, "geometry": { "type": "MultiPolygon", "coordinates": [ [ [ [ 7.7128783, 8.5676533 ], [ 7.7130821, 8.5676581 ], [ 7.7130793, 8.5677747 ], [ 7.7128756, 8.5677699 ], [ 7.7128783, 8.5676533 ] ] ] ] } },
{ "type": "Feature", "properties": { "fid": 3047, "Building_Name": "Staff Quaters", "Building_ID": 3047, "Floor_Count": 1, "Building_Type": "Residential", "Year_Built": null, "Primary_Use": "Residential", "Square_Meters": 55.53, "Occupancy_Cap": 7 }, "geometry": { "type": "MultiPolygon", "coordinates": [ [ [ [ 7.7132123, 8.5671596 ], [ 7.7131375, 8.567164 ], [ 7.7131338, 8.5671033 ], [ 7.7132086, 8.5670988 ], [ 7.7132123, 8.5671596 ] ] ] ] } },
{ "type": "Feature", "properties": { "fid": 3050, "Building_Name": "Church", "Building_ID": 3050, "Floor_Count": 1, "Building_Type": "Worship", "Year_Built": null, "Primary_Use": "Worship", "Square_Meters": 225.01, "Occupancy_Cap": 203 }, "geometry": { "type": "MultiPolygon", "coordinates": [ [ [ [ 7.720686, 8.5637571 ], [ 7.7206077, 8.5637972 ], [ 7.7205102, 8.563611 ], [ 7.7205885, 8.563571 ], [ 7.720686, 8.5637571 ] ] ] ] } },
{ "type": "Feature", "properties": { "fid": 3083, "Building_Name": "School of Environmental", "Building_ID": 3083, "Floor_Count": 1, "Building_Type": "Academic", "Year_Built": null, "Primary_Use": "Academic", "Square_Meters": 557.33, "Occupancy_Cap": 334 }, "geometry": { "type": "MultiPolygon", "coordinates": [ [ [ [ 7.7164377, 8.5685506 ], [ 7.7165383, 8.5685032 ], [ 7.7167168, 8.5688741 ], [ 7.7166161, 8.5689214 ], [ 7.7164377, 8.5685506 ] ] ] ] } },
{ "type": "Feature", "properties": { "fid": 3084, "Building_Name": "Mass Communication Complex", "Building_ID": 3084, "Floor_Count": 2, "Building_Type": "Academic", "Year_Built": null, "Primary_Use": "Academic", "Square_Meters": 1064.25, "Occupancy_Cap": 639 }, "geometry": { "type": "MultiPolygon", "coordinates": [ [ [ [ 7.7159822, 8.5656483 ], [ 7.7160674, 8.5656911 ], [ 7.7160111, 8.5658007 ], [ 7.7159173, 8.5657536 ], [ 7.715875, 8.5658358 ], [ 7.7158005, 8.5657983 ], [ 7.7158286, 8.5657435 ], [ 7.715786, 8.565722 ], [ 7.7158196, 8.5656567 ], [ 7.7157471, 8.5656203 ], [ 7.7158718, 8.5653779 ], [ 7.71607, 8.5654776 ], [ 7.7159822, 8.5656483 ] ] ] ] } },
{ "type": "Feature", "properties": { "fid": 3134, "Building_Name": "Mass Communication Complex", "Building_ID": 3134, "Floor_Count": 2, "Building_Type": "Academic", "Year_Built": null, "Primary_Use": "Academic", "Square_Meters": 694.35, "Occupancy_Cap": 417 }, "geometry": { "type": "MultiPolygon", "coordinates": [ [ [ [ 7.715824, 8.5659633 ], [ 7.7159246, 8.5657742 ], [ 7.7161608, 8.5658971 ], [ 7.7160602, 8.5660862 ], [ 7.715824, 8.5659633 ] ] ] ] } },
{ "type": "Feature", "properties": { "fid": 3135, "Building_Name": "New Entrepreneurship Center", "Building_ID": 3135, "Floor_Count": 2, "Building_Type": "Academic", "Year_Built": null, "Primary_Use": "Academic", "Square_Meters": 1598.04, "Occupancy_Cap": 959 }, "geometry": { "type": "MultiPolygon", "coordinates": [ [ [ [ 7.7144021, 8.5648095 ], [ 7.714766, 8.5647917 ], [ 7.714784, 8.5651515 ], [ 7.7144201, 8.5651693 ], [ 7.7144021, 8.5648095 ] ] ] ] } },
{ "type": "Feature", "properties": { "fid": 3144, "Building_Name": "Old Entrepreneurship Center", "Building_ID": 3144, "Floor_Count": 1, "Building_Type": "Academic", "Year_Built": null, "Primary_Use": "Academic", "Square_Meters": 70.58, "Occupancy_Cap": 42 }, "geometry": { "type": "MultiPolygon", "coordinates": [ [ [ [ 7.725133057386832, 8.564529755456793 ], [ 7.725018057386832, 8.564535055456792 ], [ 7.725015657386832, 8.564484755456792 ], [ 7.725130657386832, 8.564479455456793 ], [ 7.725133057386832, 8.564529755456793 ] ] ] ] } },
{ "type": "Feature", "properties": { "fid": 3154, "Building_Name": "Hostel", "Building_ID": 3154, "Floor_Count": 2, "Building_Type": "Residential", "Year_Built": null, "Primary_Use": "Residential", "Square_Meters": 354.73, "Occupancy_Cap": 43 }, "geometry": { "type": "MultiPolygon", "coordinates": [ [ [ [ 7.719002, 8.5592869 ], [ 7.7190979, 8.5590916 ], [ 7.7192186, 8.5591496 ], [ 7.7191227, 8.5593449 ], [ 7.719002, 8.5592869 ] ] ] ] } },
{ "type": "Feature", "properties": { "fid": 3155, "Building_Name": "Polytechnic Staff School", "Building_ID": 3155, "Floor_Count": 1, "Building_Type": "Academic", "Year_Built": null, "Primary_Use": "Academic", "Square_Meters": 423.55, "Occupancy_Cap": 254 }, "geometry": { "type": "MultiPolygon", "coordinates": [ [ [ [ 7.7173225, 8.5577349 ], [ 7.7173722, 8.5578208 ], [ 7.7170671, 8.5579934 ], [ 7.7170174, 8.5579075 ], [ 7.7173225, 8.5577349 ] ] ] ] } },
{ "type": "Feature", "properties": { "fid": 3156, "Building_Name": "Shop", "Building_ID": 3156, "Floor_Count": 1, "Building_Type": "Commercial", "Year_Built": null, "Primary_Use": "Commercial", "Square_Meters": 27.72, "Occupancy_Cap": 8 }, "geometry": { "type": "MultiPolygon", "coordinates": [ [ [ [ 7.7157373, 8.5675171 ], [ 7.7157909, 8.5675054 ], [ 7.7158, 8.5675458 ], [ 7.7157463, 8.5675576 ], [ 7.7157373, 8.5675171 ] ] ] ] } },
{ "type": "Feature", "properties": { "fid": 3157, "Building_Name": "Works Department", "Building_ID": 3157, "Floor_Count": 1, "Building_Type": "Administrative", "Year_Built": null, "Primary_Use": "Administrative", "Square_Meters": 296.07, "Occupancy_Cap": 44 }, "geometry": { "type": "MultiPolygon", "coordinates": [ [ [ [ 7.7131687, 8.5676459 ], [ 7.7133725, 8.5676434 ], [ 7.713374, 8.5677627 ], [ 7.7131702, 8.5677652 ], [ 7.7131687, 8.5676459 ] ] ] ] } },
{ "type": "Feature", "properties": { "fid": 3158, "Building_Name": "Staff Quaters", "Building_ID": 3158, "Floor_Count": 1, "Building_Type": "Residential", "Year_Built": null, "Primary_Use": "Residential", "Square_Meters": 73.91, "Occupancy_Cap": 9 }, "geometry": { "type": "MultiPolygon", "coordinates": [ [ [ [ 7.7118775, 8.5656109 ], [ 7.7119181, 8.5656044 ], [ 7.7119419, 8.5657501 ], [ 7.7119013, 8.5657566 ], [ 7.7118775, 8.5656109 ] ] ] ] } },
{ "type": "Feature", "properties": { "fid": 3165, "Building_Name": null, "Building_ID": 3165, "Floor_Count": 1, "Building_Type": null, "Year_Built": null, "Primary_Use": null, "Square_Meters": 216.18, "Occupancy_Cap": 65 }, "geometry": { "type": "MultiPolygon", "coordinates": [ [ [ [ 7.7159143, 8.5684458 ], [ 7.7159905, 8.5685929 ], [ 7.7158948, 8.5686413 ], [ 7.7158187, 8.5684942 ], [ 7.7159143, 8.5684458 ] ] ] ] } },
{ "type": "Feature", "properties": { "fid": 3166, "Building_Name": null, "Building_ID": 3166, "Floor_Count": 1, "Building_Type": null, "Year_Built": null, "Primary_Use": null, "Square_Meters": 25.14, "Occupancy_Cap": 8 }, "geometry": { "type": "MultiPolygon", "coordinates": [ [ [ [ 7.7152279, 8.568545 ], [ 7.715186, 8.5685742 ], [ 7.7151625, 8.5685413 ], [ 7.7152045, 8.5685121 ], [ 7.7152279, 8.568545 ] ] ] ] } },
{ "type": "Feature", "properties": { "fid": 3198, "Building_Name": "Staff Quaters", "Building_ID": 3198, "Floor_Count": 1, "Building_Type": "Residential", "Year_Built": null, "Primary_Use": "Residential", "Square_Meters": 102.8, "Occupancy_Cap": 12 }, "geometry": { "type": "MultiPolygon", "coordinates": [ [ [ [ 7.711675, 8.5653444 ], [ 7.7116762, 8.5652781 ], [ 7.7118036, 8.5652804 ], [ 7.7118024, 8.5653466 ], [ 7.711675, 8.5653444 ] ] ] ] } },
{ "type": "Feature", "properties": { "fid": 3207, "Building_Name": "Polytechnic Staff School", "Building_ID": 3207, "Floor_Count": 1, "Building_Type": "Academic", "Year_Built": null, "Primary_Use": "Academic", "Square_Meters": 26.04, "Occupancy_Cap": 16 }, "geometry": { "type": "MultiPolygon", "coordinates": [ [ [ [ 7.7179061, 8.5564066 ], [ 7.7179186, 8.5564509 ], [ 7.7178738, 8.5564632 ], [ 7.7178613, 8.5564189 ], [ 7.7179061, 8.5564066 ] ] ] ] } },
{ "type": "Feature", "properties": { "fid": 3213, "Building_Name": "Shop", "Building_ID": 3213, "Floor_Count": 1, "Building_Type": "Commercial", "Year_Built": null, "Primary_Use": "Commercial", "Square_Meters": 74.94, "Occupancy_Cap": 22 }, "geometry": { "type": "MultiPolygon", "coordinates": [ [ [ [ 7.7164052, 8.5676 ], [ 7.7164598, 8.5675649 ], [ 7.7165119, 8.567644 ], [ 7.7164572, 8.5676792 ], [ 7.7164052, 8.5676 ] ] ] ] } },
{ "type": "Feature", "properties": { "fid": 3238, "Building_Name": null, "Building_ID": 3238, "Floor_Count": 1, "Building_Type": null, "Year_Built": null, "Primary_Use": null, "Square_Meters": 26.4, "Occupancy_Cap": 8 }, "geometry": { "type": "MultiPolygon", "coordinates": [ [ [ [ 7.713654, 8.5674345 ], [ 7.713622, 8.5674374 ], [ 7.7136158, 8.5673701 ], [ 7.7136477, 8.5673672 ], [ 7.713654, 8.5674345 ] ] ] ] } },
{ "type": "Feature", "properties": { "fid": 3240, "Building_Name": "Hostel", "Building_ID": 3240, "Floor_Count": 1, "Building_Type": "Residential", "Year_Built": null, "Primary_Use": "Residential", "Square_Meters": 22.91, "Occupancy_Cap": 3 }, "geometry": { "type": "MultiPolygon", "coordinates": [ [ [ [ 7.7190946, 8.5587815 ], [ 7.7191301, 8.5587755 ], [ 7.719139, 8.558827 ], [ 7.7191035, 8.558833 ], [ 7.7190946, 8.5587815 ] ] ] ] } },
{ "type": "Feature", "properties": { "fid": 3276, "Building_Name": "Hostel", "Building_ID": 3276, "Floor_Count": 1, "Building_Type": "Residential", "Year_Built": null, "Primary_Use": "Residential", "Square_Meters": 66.17, "Occupancy_Cap": 8 }, "geometry": { "type": "MultiPolygon", "coordinates": [ [ [ [ 7.7191706, 8.558415 ], [ 7.7192142, 8.5584008 ], [ 7.7192515, 8.5585134 ], [ 7.7192079, 8.5585275 ], [ 7.7191706, 8.558415 ] ] ] ] } },
{ "type": "Feature", "properties": { "fid": 3292, "Building_Name": "Hostel", "Building_ID": 3292, "Floor_Count": 1, "Building_Type": "Residential", "Year_Built": null, "Primary_Use": "Residential", "Square_Meters": 805.28, "Occupancy_Cap": 97 }, "geometry": { "type": "MultiPolygon", "coordinates": [ [ [ [ 7.7173822, 8.5615173 ], [ 7.7174171, 8.5615177 ], [ 7.7174165, 8.5615654 ], [ 7.7173828, 8.561565 ], [ 7.7173816, 8.5616645 ], [ 7.7171, 8.5616612 ], [ 7.7171027, 8.5614318 ], [ 7.7173832, 8.561435 ], [ 7.7173822, 8.5615173 ] ] ] ] } },
{ "type": "Feature", "properties": { "fid": 3294, "Building_Name": "Staff Quaters", "Building_ID": 3294, "Floor_Count": 1, "Building_Type": "Residential", "Year_Built": null, "Primary_Use": "Residential", "Square_Meters": 248.83, "Occupancy_Cap": 30 }, "geometry": { "type": "MultiPolygon", "coordinates": [ [ [ [ 7.7129126, 8.5662823 ], [ 7.7130492, 8.5662779 ], [ 7.7130542, 8.5664273 ], [ 7.7129175, 8.5664317 ], [ 7.7129126, 8.5662823 ] ] ] ] } },
{ "type": "Feature", "properties": { "fid": 3301, "Building_Name": "Hostel", "Building_ID": 3301, "Floor_Count": 1, "Building_Type": "Residential", "Year_Built": null, "Primary_Use": "Residential", "Square_Meters": 39.95, "Occupancy_Cap": 5 }, "geometry": { "type": "MultiPolygon", "coordinates": [ [ [ [ 7.7190531, 8.5588567 ], [ 7.7190633, 8.5589077 ], [ 7.7190014, 8.5589199 ], [ 7.7189912, 8.5588689 ], [ 7.7190531, 8.5588567 ] ] ] ] } },
{ "type": "Feature", "properties": { "fid": 3303, "Building_Name": "Polytechnic Micro Finance Bank", "Building_ID": 3303, "Floor_Count": 2, "Building_Type": "Commercial", "Year_Built": null, "Primary_Use": "Commercial", "Square_Meters": 406.5, "Occupancy_Cap": 122 }, "geometry": { "type": "MultiPolygon", "coordinates": [ [ [ [ 7.716248, 8.5668973 ], [ 7.7162315, 8.5668007 ], [ 7.7163657, 8.5667783 ], [ 7.7163698, 8.5668027 ], [ 7.7164741, 8.5667852 ], [ 7.7164891, 8.5668729 ], [ 7.7164083, 8.5668864 ], [ 7.7164257, 8.5669884 ], [ 7.7163344, 8.5670036 ], [ 7.7163143, 8.5668862 ], [ 7.716248, 8.5668973 ] ] ] ] } },
{ "type": "Feature", "properties": { "fid": 3304, "Building_Name": "Works Department", "Building_ID": 3304, "Floor_Count": 1, "Building_Type": "Administrative", "Year_Built": null, "Primary_Use": "Administrative", "Square_Meters": 376.98, "Occupancy_Cap": 57 }, "geometry": { "type": "MultiPolygon", "coordinates": [ [ [ [ 7.7130758, 8.5680031 ], [ 7.7133758, 8.5679928 ], [ 7.7133789, 8.5680802 ], [ 7.7132155, 8.5680858 ], [ 7.7132167, 8.5681202 ], [ 7.7130801, 8.568125 ], [ 7.7130758, 8.5680031 ] ] ] ] } },
{ "type": "Feature", "properties": { "fid": 3311, "Building_Name": "ASUP Restaurant", "Building_ID": 3311, "Floor_Count": 1, "Building_Type": "Recreation", "Year_Built": "2022-04-25", "Primary_Use": "Recreation", "Square_Meters": 932.79, "Occupancy_Cap": 187 }, "geometry": { "type": "MultiPolygon", "coordinates": [ [ [ [ 7.7199465, 8.5685625 ], [ 7.7199374, 8.5682259 ], [ 7.7201583, 8.5682201 ], [ 7.7201673, 8.5685555 ], [ 7.7200859, 8.5685577 ], [ 7.7200868, 8.5685933 ], [ 7.7200198, 8.5685951 ], [ 7.7200189, 8.5685606 ], [ 7.7199465, 8.5685625 ] ] ] ] } },
{ "type": "Feature", "properties": { "fid": 3315, "Building_Name": "Old Entrepreneurship Center", "Building_ID": 3315, "Floor_Count": 1, "Building_Type": "Academic", "Year_Built": null, "Primary_Use": "Academic", "Square_Meters": 93.34, "Occupancy_Cap": 56 }, "geometry": { "type": "MultiPolygon", "coordinates": [ [ [ [ 7.724859486080248, 8.564485723979425 ], [ 7.724980086080247, 8.564481223979426 ], [ 7.724982486080248, 8.564544723979425 ], [ 7.724861986080247, 8.564549223979427 ], [ 7.724859486080248, 8.564485723979425 ] ] ] ] } },
{ "type": "Feature", "properties": { "fid": 3320, "Building_Name": "Old Admin Mosque", "Building_ID": 3320, "Floor_Count": 1, "Building_Type": "Worship", "Year_Built": null, "Primary_Use": "Worship", "Square_Meters": 51.14, "Occupancy_Cap": 46 }, "geometry": { "type": "MultiPolygon", "coordinates": [ [ [ [ 7.7186088, 8.5654481 ], [ 7.7186373, 8.5653679 ], [ 7.7186839, 8.565384 ], [ 7.7186554, 8.5654643 ], [ 7.7186088, 8.5654481 ] ] ] ] } },
{ "type": "Feature", "properties": { "fid": 3342, "Building_Name": "School of Information Technology", "Building_ID": 3342, "Floor_Count": 2, "Building_Type": "Academic", "Year_Built": null, "Primary_Use": "Academic", "Square_Meters": 1488.92, "Occupancy_Cap": 893 }, "geometry": { "type": "MultiPolygon", "coordinates": [ [ [ [ 7.7161002, 8.5666383 ], [ 7.71598, 8.566255 ], [ 7.7162613, 8.5661687 ], [ 7.7163118, 8.5663295 ], [ 7.7163607, 8.5663144 ], [ 7.716382, 8.5663822 ], [ 7.7163355, 8.5663965 ], [ 7.7163841, 8.5665513 ], [ 7.7161002, 8.5666383 ] ] ] ] } },
{ "type": "Feature", "properties": { "fid": 3351, "Building_Name": "Sport Complex", "Building_ID": 3351, "Floor_Count": 1, "Building_Type": "Recreation", "Year_Built": null, "Primary_Use": "Recreation", "Square_Meters": 77.5, "Occupancy_Cap": 16 }, "geometry": { "type": "MultiPolygon", "coordinates": [ [ [ [ 7.7193841, 8.5650962 ], [ 7.7193808, 8.5650114 ], [ 7.7194557, 8.5650085 ], [ 7.7194591, 8.5650933 ], [ 7.7193841, 8.5650962 ] ] ] ] } },
{ "type": "Feature", "properties": { "fid": 3352, "Building_Name": "Nasarawa Micro Finance Bank", "Building_ID": 3352, "Floor_Count": 1, "Building_Type": "Commercial", "Year_Built": "2019-11-27", "Primary_Use": "Commercial", "Square_Meters": 44.98, "Occupancy_Cap": 13 }, "geometry": { "type": "MultiPolygon", "coordinates": [ [ [ [ 7.7188635, 8.5685582 ], [ 7.7189171, 8.5685572 ], [ 7.7189184, 8.5686261 ], [ 7.7188648, 8.5686271 ], [ 7.7188635, 8.5685582 ] ] ] ] } },
{ "type": "Feature", "properties": { "fid": 3353, "Building_Name": null, "Building_ID": 3353, "Floor_Count": 1, "Building_Type": null, "Year_Built": null, "Primary_Use": null, "Square_Meters": 298.75, "Occupancy_Cap": 90 }, "geometry": { "type": "MultiPolygon", "coordinates": [ [ [ [ 7.7187292, 8.5633517 ], [ 7.7188478, 8.5633222 ], [ 7.7188972, 8.5635168 ], [ 7.7187786, 8.5635463 ], [ 7.7187292, 8.5633517 ] ] ] ] } },
{ "type": "Feature", "properties": { "fid": 3367, "Building_Name": "Staff Quaters", "Building_ID": 3367, "Floor_Count": 1, "Building_Type": "Residential", "Year_Built": null, "Primary_Use": "Residential", "Square_Meters": 61.72, "Occupancy_Cap": 7 }, "geometry": { "type": "MultiPolygon", "coordinates": [ [ [ [ 7.711942, 8.5665551 ], [ 7.7118296, 8.5665604 ], [ 7.7118274, 8.5665154 ], [ 7.7119398, 8.5665101 ], [ 7.711942, 8.5665551 ] ] ] ] } },
{ "type": "Feature", "properties": { "fid": 3376, "Building_Name": null, "Building_ID": 3376, "Floor_Count": 1, "Building_Type": null, "Year_Built": null, "Primary_Use": null, "Square_Meters": 538.05, "Occupancy_Cap": 161 }, "geometry": { "type": "MultiPolygon", "coordinates": [ [ [ [ 7.7162176, 8.5686586 ], [ 7.7163136, 8.5686131 ], [ 7.7164948, 8.5689877 ], [ 7.7163988, 8.5690331 ], [ 7.7162176, 8.5686586 ] ] ] ] } },
{ "type": "Feature", "properties": { "fid": 3469, "Building_Name": null, "Building_ID": 3469, "Floor_Count": 1, "Building_Type": null, "Year_Built": null, "Primary_Use": null, "Square_Meters": 166.78, "Occupancy_Cap": 50 }, "geometry": { "type": "MultiPolygon", "coordinates": [ [ [ [ 7.7159996, 8.5686084 ], [ 7.7160638, 8.5687271 ], [ 7.7159741, 8.5687746 ], [ 7.7159099, 8.5686558 ], [ 7.7159996, 8.5686084 ] ] ] ] } },
{ "type": "Feature", "properties": { "fid": 3523, "Building_Name": "Polytechnic Staff School", "Building_ID": 3523, "Floor_Count": 1, "Building_Type": "Academic", "Year_Built": null, "Primary_Use": "Academic", "Square_Meters": 401.38, "Occupancy_Cap": 241 }, "geometry": { "type": "MultiPolygon", "coordinates": [ [ [ [ 7.7171853, 8.5581728 ], [ 7.7174812, 8.5580112 ], [ 7.7175289, 8.5580965 ], [ 7.717233, 8.5582582 ], [ 7.7171853, 8.5581728 ] ] ] ] } },
{ "type": "Feature", "properties": { "fid": 3524, "Building_Name": "Staff Quaters", "Building_ID": 3524, "Floor_Count": 1, "Building_Type": "Residential", "Year_Built": null, "Primary_Use": "Residential", "Square_Meters": 65.48, "Occupancy_Cap": 8 }, "geometry": { "type": "MultiPolygon", "coordinates": [ [ [ [ 7.7117985, 8.5666601 ], [ 7.711895, 8.566657 ], [ 7.7118968, 8.5667127 ], [ 7.7118004, 8.5667158 ], [ 7.7117985, 8.5666601 ] ] ] ] } },
{ "type": "Feature", "properties": { "fid": 3530, "Building_Name": "Staff Quaters", "Building_ID": 3530, "Floor_Count": 1, "Building_Type": "Residential", "Year_Built": null, "Primary_Use": "Residential", "Square_Meters": 106.62, "Occupancy_Cap": 13 }, "geometry": { "type": "MultiPolygon", "coordinates": [ [ [ [ 7.7116335, 8.5659454 ], [ 7.7115959, 8.5660231 ], [ 7.7115042, 8.5659797 ], [ 7.7115418, 8.565902 ], [ 7.7116335, 8.5659454 ] ] ] ] } },
{ "type": "Feature", "properties": { "fid": 3538, "Building_Name": "Old ICT Complex", "Building_ID": 3538, "Floor_Count": 1, "Building_Type": "Academics", "Year_Built": "2001-08-15", "Primary_Use": "Academics", "Square_Meters": 480.79, "Occupancy_Cap": 288 }, "geometry": { "type": "MultiPolygon", "coordinates": [ [ [ [ 7.7174477, 8.5673344 ], [ 7.7176238, 8.5672822 ], [ 7.7176862, 8.5674879 ], [ 7.71751, 8.5675401 ], [ 7.7174477, 8.5673344 ] ] ] ] } },
{ "type": "Feature", "properties": { "fid": 3549, "Building_Name": "Staff Quaters", "Building_ID": 3549, "Floor_Count": 1, "Building_Type": "Residential", "Year_Built": null, "Primary_Use": "Residential", "Square_Meters": 249.37, "Occupancy_Cap": 30 }, "geometry": { "type": "MultiPolygon", "coordinates": [ [ [ [ 7.7122229, 8.5662992 ], [ 7.7123583, 8.5662949 ], [ 7.7123633, 8.5664459 ], [ 7.7122278, 8.5664503 ], [ 7.7122229, 8.5662992 ] ] ] ] } },
{ "type": "Feature", "properties": { "fid": 3592, "Building_Name": "Hostel", "Building_ID": 3592, "Floor_Count": 1, "Building_Type": "Residential", "Year_Built": null, "Primary_Use": "Residential", "Square_Meters": 47.08, "Occupancy_Cap": 6 }, "geometry": { "type": "MultiPolygon", "coordinates": [ [ [ [ 7.7175737, 8.5620525 ], [ 7.7175722, 8.5620975 ], [ 7.7174865, 8.5620948 ], [ 7.7174879, 8.5620497 ], [ 7.7175737, 8.5620525 ] ] ] ] } },
{ "type": "Feature", "properties": { "fid": 3625, "Building_Name": null, "Building_ID": 3625, "Floor_Count": 1, "Building_Type": null, "Year_Built": null, "Primary_Use": null, "Square_Meters": 66.51, "Occupancy_Cap": 20 }, "geometry": { "type": "MultiPolygon", "coordinates": [ [ [ [ 7.7152611, 8.5679948 ], [ 7.7153506, 8.5679878 ], [ 7.7153555, 8.5680484 ], [ 7.715266, 8.5680555 ], [ 7.7152611, 8.5679948 ] ] ] ] } },
{ "type": "Feature", "properties": { "fid": 3632, "Building_Name": null, "Building_ID": 3632, "Floor_Count": 1, "Building_Type": null, "Year_Built": null, "Primary_Use": null, "Square_Meters": 35.01, "Occupancy_Cap": 11 }, "geometry": { "type": "MultiPolygon", "coordinates": [ [ [ [ 7.7156147, 8.5682926 ], [ 7.7155813, 8.5683087 ], [ 7.7155471, 8.5682391 ], [ 7.7155805, 8.568223 ], [ 7.7156147, 8.5682926 ] ] ] ] } },
{ "type": "Feature", "properties": { "fid": 3648, "Building_Name": "Polytechnic Staff Club", "Building_ID": 3648, "Floor_Count": 1, "Building_Type": "Recreation", "Year_Built": null, "Primary_Use": "Recreation", "Square_Meters": 101.74, "Occupancy_Cap": 20 }, "geometry": { "type": "MultiPolygon", "coordinates": [ [ [ [ 7.726008331477367, 8.565137949888891 ], [ 7.725891631477366, 8.565140549888891 ], [ 7.725890031477366, 8.565068949888891 ], [ 7.726006631477366, 8.565066349888891 ], [ 7.726008331477367, 8.565137949888891 ] ] ] ] } },
{ "type": "Feature", "properties": { "fid": 3658, "Building_Name": null, "Building_ID": 3658, "Floor_Count": 1, "Building_Type": null, "Year_Built": null, "Primary_Use": null, "Square_Meters": 26.95, "Occupancy_Cap": 8 }, "geometry": { "type": "MultiPolygon", "coordinates": [ [ [ [ 7.7150978, 8.5682822 ], [ 7.7151072, 8.5683197 ], [ 7.7150516, 8.5683334 ], [ 7.7150422, 8.5682959 ], [ 7.7150978, 8.5682822 ] ] ] ] } },
{ "type": "Feature", "properties": { "fid": 3661, "Building_Name": "New Entrepreneurship Center", "Building_ID": 3661, "Floor_Count": 1, "Building_Type": "Academic", "Year_Built": null, "Primary_Use": "Academic", "Square_Meters": 33.39, "Occupancy_Cap": 20 }, "geometry": { "type": "MultiPolygon", "coordinates": [ [ [ [ 7.7138204, 8.5650373 ], [ 7.713783, 8.5650389 ], [ 7.7137797, 8.5649658 ], [ 7.7138172, 8.5649642 ], [ 7.7138204, 8.5650373 ] ] ] ] } },
{ "type": "Feature", "properties": { "fid": 3663, "Building_Name": "Shop", "Building_ID": 3663, "Floor_Count": 1, "Building_Type": "Commercial", "Year_Built": null, "Primary_Use": "Commercial", "Square_Meters": 36.82, "Occupancy_Cap": 11 }, "geometry": { "type": "MultiPolygon", "coordinates": [ [ [ [ 7.7158298, 8.5677399 ], [ 7.7158774, 8.5677231 ], [ 7.7158978, 8.5677794 ], [ 7.7158503, 8.5677963 ], [ 7.7158298, 8.5677399 ] ] ] ] } },
{ "type": "Feature", "properties": { "fid": 3718, "Building_Name": "Polytechnic Staff School", "Building_ID": 3718, "Floor_Count": 1, "Building_Type": "Academic", "Year_Built": null, "Primary_Use": "Academic", "Square_Meters": 43.88, "Occupancy_Cap": 26 }, "geometry": { "type": "MultiPolygon", "coordinates": [ [ [ [ 7.7178186, 8.5565124 ], [ 7.7177881, 8.5565269 ], [ 7.7177651, 8.5564795 ], [ 7.7178447, 8.5564416 ], [ 7.7178594, 8.5564718 ], [ 7.7178102, 8.5564951 ], [ 7.7178186, 8.5565124 ] ] ] ] } },
{ "type": "Feature", "properties": { "fid": 3719, "Building_Name": "Shop", "Building_ID": 3719, "Floor_Count": 1, "Building_Type": "Commercial", "Year_Built": null, "Primary_Use": "Commercial", "Square_Meters": 45.73, "Occupancy_Cap": 14 }, "geometry": { "type": "MultiPolygon", "coordinates": [ [ [ [ 7.7164564, 8.5674749 ], [ 7.7164981, 8.5674445 ], [ 7.7165416, 8.5675029 ], [ 7.7165, 8.5675333 ], [ 7.7164564, 8.5674749 ] ] ] ] } },
{ "type": "Feature", "properties": { "fid": 3720, "Building_Name": "Staff Quaters", "Building_ID": 3720, "Floor_Count": 1, "Building_Type": "Residential", "Year_Built": null, "Primary_Use": "Residential", "Square_Meters": 247.34, "Occupancy_Cap": 30 }, "geometry": { "type": "MultiPolygon", "coordinates": [ [ [ [ 7.7131948, 8.566274 ], [ 7.7133301, 8.5662774 ], [ 7.7133263, 8.5664274 ], [ 7.713191, 8.5664241 ], [ 7.7131948, 8.566274 ] ] ] ] } },
{ "type": "Feature", "properties": { "fid": 3721, "Building_Name": "Staff Quaters", "Building_ID": 3721, "Floor_Count": 1, "Building_Type": "Residential", "Year_Built": null, "Primary_Use": "Residential", "Square_Meters": 60.41, "Occupancy_Cap": 7 }, "geometry": { "type": "MultiPolygon", "coordinates": [ [ [ [ 7.7128557, 8.5661545 ], [ 7.7129092, 8.5661572 ], [ 7.7129044, 8.5662497 ], [ 7.7128509, 8.566247 ], [ 7.7128557, 8.5661545 ] ] ] ] } },
{ "type": "Feature", "properties": { "fid": 3731, "Building_Name": "Muhammadu Buhari Multipurpose Hall", "Building_ID": 3731, "Floor_Count": 1, "Building_Type": "Academic", "Year_Built": null, "Primary_Use": "Academic", "Square_Meters": 1510.85, "Occupancy_Cap": 906 }, "geometry": { "type": "MultiPolygon", "coordinates": [ [ [ [ 7.7232618, 8.5655837 ], [ 7.7230108, 8.5655706 ], [ 7.7230255, 8.5652957 ], [ 7.7229811, 8.5652934 ], [ 7.7229878, 8.5651678 ], [ 7.7230366, 8.5651703 ], [ 7.7230385, 8.5651335 ], [ 7.7232852, 8.5651464 ], [ 7.7232837, 8.5651756 ], [ 7.7233434, 8.5651787 ], [ 7.7233358, 8.5653222 ], [ 7.7232758, 8.565319 ], [ 7.7232618, 8.5655837 ] ] ] ] } },
{ "type": "Feature", "properties": { "fid": 3755, "Building_Name": "Shop", "Building_ID": 3755, "Floor_Count": 1, "Building_Type": "Commercial", "Year_Built": null, "Primary_Use": "Commercial", "Square_Meters": 15.88, "Occupancy_Cap": 5 }, "geometry": { "type": "MultiPolygon", "coordinates": [ [ [ [ 7.7176067, 8.5660849 ], [ 7.717564, 8.5660819 ], [ 7.7175661, 8.5660515 ], [ 7.7176088, 8.5660545 ], [ 7.7176067, 8.5660849 ] ] ] ] } },
{ "type": "Feature", "properties": { "fid": 3764, "Building_Name": "School of Environmental", "Building_ID": 3764, "Floor_Count": 1, "Building_Type": "Academic", "Year_Built": null, "Primary_Use": "Academic", "Square_Meters": 3425.29, "Occupancy_Cap": 2055 }, "geometry": { "type": "MultiPolygon", "coordinates": [ [ [ [ 7.7163881, 8.5685019 ], [ 7.7161966, 8.5681286 ], [ 7.7162166, 8.5681185 ], [ 7.7161755, 8.5680384 ], [ 7.7165223, 8.5678644 ], [ 7.7165477, 8.5679138 ], [ 7.7166415, 8.5678668 ], [ 7.7168786, 8.5683287 ], [ 7.7165147, 8.5685112 ], [ 7.716485, 8.5684533 ], [ 7.7163881, 8.5685019 ] ] ] ] } },
{ "type": "Feature", "properties": { "fid": 3766, "Building_Name": "Staff Quaters", "Building_ID": 3766, "Floor_Count": 1, "Building_Type": "Residential", "Year_Built": null, "Primary_Use": "Residential", "Square_Meters": 273.44, "Occupancy_Cap": 33 }, "geometry": { "type": "MultiPolygon", "coordinates": [ [ [ [ 7.712679, 8.5673685 ], [ 7.7125251, 8.567373 ], [ 7.7125207, 8.5672272 ], [ 7.7126746, 8.5672227 ], [ 7.712679, 8.5673685 ] ] ] ] } },
{ "type": "Feature", "properties": { "fid": 3789, "Building_Name": "Shop", "Building_ID": 3789, "Floor_Count": 1, "Building_Type": "Commercial", "Year_Built": null, "Primary_Use": "Commercial", "Square_Meters": 37.45, "Occupancy_Cap": 11 }, "geometry": { "type": "MultiPolygon", "coordinates": [ [ [ [ 7.7163812, 8.5676436 ], [ 7.7164115, 8.5677027 ], [ 7.71637, 8.5677234 ], [ 7.7163398, 8.5676643 ], [ 7.7163812, 8.5676436 ] ] ] ] } },
{ "type": "Feature", "properties": { "fid": 3806, "Building_Name": "Staff Quaters", "Building_ID": 3806, "Floor_Count": 1, "Building_Type": "Residential", "Year_Built": null, "Primary_Use": "Residential", "Square_Meters": 154.97, "Occupancy_Cap": 19 }, "geometry": { "type": "MultiPolygon", "coordinates": [ [ [ [ 7.71182, 8.5652549 ], [ 7.7116326, 8.5652627 ], [ 7.7116297, 8.5651949 ], [ 7.7118171, 8.5651871 ], [ 7.71182, 8.5652549 ] ] ] ] } },
{ "type": "Feature", "properties": { "fid": 3815, "Building_Name": "Staff Quaters", "Building_ID": 3815, "Floor_Count": 1, "Building_Type": "Residential", "Year_Built": null, "Primary_Use": "Residential", "Square_Meters": 248.86, "Occupancy_Cap": 30 }, "geometry": { "type": "MultiPolygon", "coordinates": [ [ [ [ 7.7118396, 8.5672468 ], [ 7.7119763, 8.5672439 ], [ 7.7119796, 8.5673933 ], [ 7.7118429, 8.5673963 ], [ 7.7118396, 8.5672468 ] ] ] ] } },
{ "type": "Feature", "properties": { "fid": 3836, "Building_Name": "Polytechnic Staff Club", "Building_ID": 3836, "Floor_Count": 1, "Building_Type": "Recreation", "Year_Built": null, "Primary_Use": "Recreation", "Square_Meters": 224.83, "Occupancy_Cap": 45 }, "geometry": { "type": "MultiPolygon", "coordinates": [ [ [ [ 7.7267867, 8.5658525 ], [ 7.7267164, 8.5659074 ], [ 7.7265873, 8.5657454 ], [ 7.7266576, 8.5656906 ], [ 7.7267867, 8.5658525 ] ] ] ] } },
{ "type": "Feature", "properties": { "fid": 3845, "Building_Name": "Staff Quaters", "Building_ID": 3845, "Floor_Count": 1, "Building_Type": "Residential", "Year_Built": null, "Primary_Use": "Residential", "Square_Meters": 63.26, "Occupancy_Cap": 8 }, "geometry": { "type": "MultiPolygon", "coordinates": [ [ [ [ 7.7126089, 8.5666988 ], [ 7.7124936, 8.5667007 ], [ 7.7124928, 8.5666557 ], [ 7.7126081, 8.5666537 ], [ 7.7126089, 8.5666988 ] ] ] ] } },
{ "type": "Feature", "properties": { "fid": 3851, "Building_Name": "Hostel", "Building_ID": 3851, "Floor_Count": 1, "Building_Type": "Residential", "Year_Built": null, "Primary_Use": "Residential", "Square_Meters": 27.54, "Occupancy_Cap": 3 }, "geometry": { "type": "MultiPolygon", "coordinates": [ [ [ [ 7.7180296, 8.5629281 ], [ 7.7180637, 8.5629333 ], [ 7.7180536, 8.5629981 ], [ 7.7180195, 8.5629929 ], [ 7.7180296, 8.5629281 ] ] ] ] } },
{ "type": "Feature", "properties": { "fid": 3856, "Building_Name": null, "Building_ID": 3856, "Floor_Count": 1, "Building_Type": null, "Year_Built": null, "Primary_Use": null, "Square_Meters": 24.85, "Occupancy_Cap": 7 }, "geometry": { "type": "MultiPolygon", "coordinates": [ [ [ [ 7.7135683, 8.5673557 ], [ 7.7135645, 8.5674404 ], [ 7.7135405, 8.5674394 ], [ 7.7135442, 8.5673547 ], [ 7.7135683, 8.5673557 ] ] ] ] } },
{ "type": "Feature", "properties": { "fid": 3869, "Building_Name": "Sport Complex", "Building_ID": 3869, "Floor_Count": 1, "Building_Type": "Recreation", "Year_Built": null, "Primary_Use": "Recreation", "Square_Meters": 587.0, "Occupancy_Cap": 117 }, "geometry": { "type": "MultiPolygon", "coordinates": [ [ [ [ 7.719494, 8.5655843 ], [ 7.7194244, 8.5655872 ], [ 7.7194213, 8.5655119 ], [ 7.7193833, 8.5655031 ], [ 7.7193803, 8.5654299 ], [ 7.7194151, 8.5654285 ], [ 7.7194122, 8.5653613 ], [ 7.7193689, 8.5653512 ], [ 7.7193679, 8.5653281 ], [ 7.7193963, 8.5652077 ], [ 7.7193949, 8.5651743 ], [ 7.7193584, 8.5651658 ], [ 7.7193561, 8.56511 ], [ 7.7194618, 8.5651056 ], [ 7.7194674, 8.5652387 ], [ 7.7195419, 8.5652559 ], [ 7.7195191, 8.5653526 ], [ 7.7194843, 8.565354 ], [ 7.719494, 8.5655843 ] ] ] ] } },
{ "type": "Feature", "properties": { "fid": 3870, "Building_Name": "Old ICT", "Building_ID": 3870, "Floor_Count": 1, "Building_Type": "Academics", "Year_Built": "2001-08-15", "Primary_Use": "Academics", "Square_Meters": 106.03, "Occupancy_Cap": 64 }, "geometry": { "type": "MultiPolygon", "coordinates": [ [ [ [ 7.7175788, 8.5669525 ], [ 7.7176653, 8.5669275 ], [ 7.7176927, 8.5670203 ], [ 7.7176063, 8.5670453 ], [ 7.7175788, 8.5669525 ] ] ] ] } },
{ "type": "Feature", "properties": { "fid": 3872, "Building_Name": "New Entrepreneurship Center", "Building_ID": 3872, "Floor_Count": 1, "Building_Type": "Academic", "Year_Built": null, "Primary_Use": "Academic", "Square_Meters": 44.27, "Occupancy_Cap": 27 }, "geometry": { "type": "MultiPolygon", "coordinates": [ [ [ [ 7.7137781, 8.5648049 ], [ 7.7137749, 8.5647005 ], [ 7.7138097, 8.5646995 ], [ 7.7138129, 8.5648039 ], [ 7.7137781, 8.5648049 ] ] ] ] } },
{ "type": "Feature", "properties": { "fid": 3885, "Building_Name": "Staff Quaters", "Building_ID": 3885, "Floor_Count": 1, "Building_Type": "Residential", "Year_Built": null, "Primary_Use": "Residential", "Square_Meters": 58.15, "Occupancy_Cap": 7 }, "geometry": { "type": "MultiPolygon", "coordinates": [ [ [ [ 7.712551, 8.5674439 ], [ 7.712657, 8.5674401 ], [ 7.7126587, 8.5674851 ], [ 7.7125527, 8.5674889 ], [ 7.712551, 8.5674439 ] ] ] ] } },
{ "type": "Feature", "properties": { "fid": 3895, "Building_Name": "Shop", "Building_ID": 3895, "Floor_Count": 1, "Building_Type": "Commercial", "Year_Built": null, "Primary_Use": "Commercial", "Square_Meters": 38.62, "Occupancy_Cap": 12 }, "geometry": { "type": "MultiPolygon", "coordinates": [ [ [ [ 7.7176672, 8.5662232 ], [ 7.7177228, 8.5662293 ], [ 7.7177165, 8.5662857 ], [ 7.7176609, 8.5662795 ], [ 7.7176672, 8.5662232 ] ] ] ] } },
{ "type": "Feature", "properties": { "fid": 3919, "Building_Name": "Polytechnic Staff Club", "Building_ID": 3919, "Floor_Count": 1, "Building_Type": "Recreation", "Year_Built": null, "Primary_Use": "Recreation", "Square_Meters": 161.96, "Occupancy_Cap": 32 }, "geometry": { "type": "MultiPolygon", "coordinates": [ [ [ [ 7.726856162954733, 8.565377218411525 ], [ 7.726977162954733, 8.565267518411526 ], [ 7.727032562954733, 8.565327318411525 ], [ 7.726911462954733, 8.565436918411525 ], [ 7.726856162954733, 8.565377218411525 ] ] ] ] } },
{ "type": "Feature", "properties": { "fid": 3954, "Building_Name": "Old Admin Block", "Building_ID": 3954, "Floor_Count": 1, "Building_Type": "Administration", "Year_Built": null, "Primary_Use": "Administration", "Square_Meters": 25.06, "Occupancy_Cap": 4 }, "geometry": { "type": "MultiPolygon", "coordinates": [ [ [ [ 7.7182149, 8.5655036 ], [ 7.7182083, 8.5655463 ], [ 7.7181612, 8.5655392 ], [ 7.7181678, 8.5654965 ], [ 7.7182149, 8.5655036 ] ] ] ] } },
{ "type": "Feature", "properties": { "fid": 3987, "Building_Name": "Church", "Building_ID": 3987, "Floor_Count": 1, "Building_Type": "Worship", "Year_Built": null, "Primary_Use": "Worship", "Square_Meters": 1424.84, "Occupancy_Cap": 1282 }, "geometry": { "type": "MultiPolygon", "coordinates": [ [ [ [ 7.7221099, 8.5632391 ], [ 7.7224019, 8.5631651 ], [ 7.7223823, 8.5630895 ], [ 7.7224992, 8.5630598 ], [ 7.7225272, 8.5631678 ], [ 7.7224769, 8.5631805 ], [ 7.7225595, 8.5634991 ], [ 7.7223998, 8.5635396 ], [ 7.7223763, 8.563449 ], [ 7.7222731, 8.5634752 ], [ 7.7222501, 8.5633866 ], [ 7.7221545, 8.5634108 ], [ 7.7221099, 8.5632391 ] ] ] ] } },
{ "type": "Feature", "properties": { "fid": 3996, "Building_Name": "Hostel", "Building_ID": 3996, "Floor_Count": 1, "Building_Type": "Residential", "Year_Built": null, "Primary_Use": "Residential", "Square_Meters": 43.82, "Occupancy_Cap": 5 }, "geometry": { "type": "MultiPolygon", "coordinates": [ [ [ [ 7.7180811, 8.5623987 ], [ 7.7180704, 8.5624426 ], [ 7.7179929, 8.5624242 ], [ 7.7180036, 8.5623803 ], [ 7.7180811, 8.5623987 ] ] ] ] } },
{ "type": "Feature", "properties": { "fid": 4006, "Building_Name": "Polytechnic Staff School", "Building_ID": 4006, "Floor_Count": 1, "Building_Type": "Academic", "Year_Built": null, "Primary_Use": "Academic", "Square_Meters": 344.21, "Occupancy_Cap": 207 }, "geometry": { "type": "MultiPolygon", "coordinates": [ [ [ [ 7.7175938, 8.5567696 ], [ 7.7176692, 8.5567244 ], [ 7.7178375, 8.5569986 ], [ 7.7177622, 8.5570438 ], [ 7.7175938, 8.5567696 ] ] ] ] } },
{ "type": "Feature", "properties": { "fid": 4029, "Building_Name": "Hostel", "Building_ID": 4029, "Floor_Count": 1, "Building_Type": "Residential", "Year_Built": null, "Primary_Use": "Residential", "Square_Meters": 75.55, "Occupancy_Cap": 9 }, "geometry": { "type": "MultiPolygon", "coordinates": [ [ [ [ 7.7193404, 8.5587662 ], [ 7.7194398, 8.5587304 ], [ 7.7194601, 8.5587855 ], [ 7.7193606, 8.5588213 ], [ 7.7193404, 8.5587662 ] ] ] ] } },
{ "type": "Feature", "properties": { "fid": 4030, "Building_Name": "Hostel", "Building_ID": 4030, "Floor_Count": 2, "Building_Type": "Residential", "Year_Built": null, "Primary_Use": "Residential", "Square_Meters": 280.84, "Occupancy_Cap": 34 }, "geometry": { "type": "MultiPolygon", "coordinates": [ [ [ [ 7.7188874, 8.5593394 ], [ 7.7188433, 8.5594448 ], [ 7.7186564, 8.5593682 ], [ 7.7187005, 8.5592629 ], [ 7.7188874, 8.5593394 ] ] ] ] } },
{ "type": "Feature", "properties": { "fid": 4031, "Building_Name": "Shop", "Building_ID": 4031, "Floor_Count": 1, "Building_Type": "Commercial", "Year_Built": null, "Primary_Use": "Commercial", "Square_Meters": 125.29, "Occupancy_Cap": 38 }, "geometry": { "type": "MultiPolygon", "coordinates": [ [ [ [ 7.7163254, 8.567734 ], [ 7.7161367, 8.5678066 ], [ 7.716118, 8.5677592 ], [ 7.7163068, 8.5676867 ], [ 7.7163254, 8.567734 ] ] ] ] } },
{ "type": "Feature", "properties": { "fid": 4032, "Building_Name": "Staff Quaters", "Building_ID": 4032, "Floor_Count": 1, "Building_Type": "Residential", "Year_Built": null, "Primary_Use": "Residential", "Square_Meters": 76.22, "Occupancy_Cap": 9 }, "geometry": { "type": "MultiPolygon", "coordinates": [ [ [ [ 7.7133005, 8.5666855 ], [ 7.7131825, 8.5666866 ], [ 7.713182, 8.5666335 ], [ 7.7133, 8.5666325 ], [ 7.7133005, 8.5666855 ] ] ] ] } },
{ "type": "Feature", "properties": { "fid": 4035, "Building_Name": "Polytechnic Staff Club", "Building_ID": 4035, "Floor_Count": 1, "Building_Type": "Recreation", "Year_Built": null, "Primary_Use": "Recreation", "Square_Meters": 22.42, "Occupancy_Cap": 4 }, "geometry": { "type": "MultiPolygon", "coordinates": [ [ [ [ 7.726249136507203, 8.564991166592595 ], [ 7.726290036507203, 8.564985666592595 ], [ 7.726296136507203, 8.565029866592594 ], [ 7.726255336507204, 8.565035466592594 ], [ 7.726249136507203, 8.564991166592595 ] ] ] ] } },
{ "type": "Feature", "properties": { "fid": 4043, "Building_Name": "Polytechnic Staff Club", "Building_ID": 4043, "Floor_Count": 1, "Building_Type": "Recreation", "Year_Built": null, "Primary_Use": "Recreation", "Square_Meters": 155.9, "Occupancy_Cap": 31 }, "geometry": { "type": "MultiPolygon", "coordinates": [ [ [ [ 7.7270982, 8.5657549 ], [ 7.7271543, 8.5658161 ], [ 7.7270394, 8.565919 ], [ 7.7269833, 8.5658578 ], [ 7.7270982, 8.5657549 ] ] ] ] } },
{ "type": "Feature", "properties": { "fid": 4059, "Building_Name": "Church", "Building_ID": 4059, "Floor_Count": 1, "Building_Type": "Worship", "Year_Built": null, "Primary_Use": "Worship", "Square_Meters": 184.74, "Occupancy_Cap": 166 }, "geometry": { "type": "MultiPolygon", "coordinates": [ [ [ [ 7.7212863, 8.5626111 ], [ 7.7213771, 8.562562 ], [ 7.7214483, 8.5626906 ], [ 7.7213575, 8.5627397 ], [ 7.7212863, 8.5626111 ] ] ] ] } },
{ "type": "Feature", "properties": { "fid": 4065, "Building_Name": "Old Entrepreneurship Center", "Building_ID": 4065, "Floor_Count": 1, "Building_Type": "Academic", "Year_Built": null, "Primary_Use": "Academic", "Square_Meters": 19.5, "Occupancy_Cap": 12 }, "geometry": { "type": "MultiPolygon", "coordinates": [ [ [ [ 7.725174735034876, 8.564547204716799 ], [ 7.725173535034876, 8.564587004716799 ], [ 7.725133335034876, 8.564585804716799 ], [ 7.725134535034876, 8.564546004716799 ], [ 7.725174735034876, 8.564547204716799 ] ] ] ] } },
{ "type": "Feature", "properties": { "fid": 4094, "Building_Name": "Hostel", "Building_ID": 4094, "Floor_Count": 1, "Building_Type": "Residential", "Year_Built": null, "Primary_Use": "Residential", "Square_Meters": 96.99, "Occupancy_Cap": 12 }, "geometry": { "type": "MultiPolygon", "coordinates": [ [ [ [ 7.7188918, 8.5589344 ], [ 7.7187488, 8.5589388 ], [ 7.718747, 8.5588831 ], [ 7.71889, 8.5588788 ], [ 7.7188918, 8.5589344 ] ] ] ] } },
{ "type": "Feature", "properties": { "fid": 4101, "Building_Name": "Staff Quaters", "Building_ID": 4101, "Floor_Count": 1, "Building_Type": "Residential", "Year_Built": null, "Primary_Use": "Residential", "Square_Meters": 256.47, "Occupancy_Cap": 31 }, "geometry": { "type": "MultiPolygon", "coordinates": [ [ [ [ 7.7126398, 8.56644 ], [ 7.7125005, 8.5664446 ], [ 7.7124954, 8.5662935 ], [ 7.7126347, 8.566289 ], [ 7.7126398, 8.56644 ] ] ] ] } },
{ "type": "Feature", "properties": { "fid": 4122, "Building_Name": null, "Building_ID": 4122, "Floor_Count": 1, "Building_Type": null, "Year_Built": null, "Primary_Use": null, "Square_Meters": 21.61, "Occupancy_Cap": 6 }, "geometry": { "type": "MultiPolygon", "coordinates": [ [ [ [ 7.7149701, 8.5681595 ], [ 7.7150053, 8.5681293 ], [ 7.7150305, 8.5681581 ], [ 7.7149953, 8.5681883 ], [ 7.7149701, 8.5681595 ] ] ] ] } },
{ "type": "Feature", "properties": { "fid": 4123, "Building_Name": "Staff Quaters", "Building_ID": 4123, "Floor_Count": 1, "Building_Type": "Residential", "Year_Built": null, "Primary_Use": "Residential", "Square_Meters": 61.08, "Occupancy_Cap": 7 }, "geometry": { "type": "MultiPolygon", "coordinates": [ [ [ [ 7.7130559, 8.5664937 ], [ 7.713057, 8.5665404 ], [ 7.7129497, 8.5665429 ], [ 7.7129487, 8.5664961 ], [ 7.7130559, 8.5664937 ] ] ] ] } },
{ "type": "Feature", "properties": { "fid": 4150, "Building_Name": "Staff Quaters", "Building_ID": 4150, "Floor_Count": 1, "Building_Type": "Residential", "Year_Built": null, "Primary_Use": "Residential", "Square_Meters": 261.03, "Occupancy_Cap": 31 }, "geometry": { "type": "MultiPolygon", "coordinates": [ [ [ [ 7.7124005, 8.5673793 ], [ 7.7122596, 8.567382 ], [ 7.7122566, 8.5672299 ], [ 7.7123976, 8.5672273 ], [ 7.7124005, 8.5673793 ] ] ] ] } },
{ "type": "Feature", "properties": { "fid": 4152, "Building_Name": "Polytechnic Staff School", "Building_ID": 4152, "Floor_Count": 1, "Building_Type": "Academic", "Year_Built": null, "Primary_Use": "Academic", "Square_Meters": 396.96, "Occupancy_Cap": 238 }, "geometry": { "type": "MultiPolygon", "coordinates": [ [ [ [ 7.7172071, 8.5575554 ], [ 7.7172551, 8.557632 ], [ 7.7169477, 8.5578204 ], [ 7.7168997, 8.5577437 ], [ 7.7172071, 8.5575554 ] ] ] ] } },
{ "type": "Feature", "properties": { "fid": 4167, "Building_Name": "Polytechnic Staff School", "Building_ID": 4167, "Floor_Count": 1, "Building_Type": "Academic", "Year_Built": null, "Primary_Use": "Academic", "Square_Meters": 46.16, "Occupancy_Cap": 28 }, "geometry": { "type": "MultiPolygon", "coordinates": [ [ [ [ 7.7183378, 8.5571379 ], [ 7.7183611, 8.5571884 ], [ 7.718299, 8.5572165 ], [ 7.7182757, 8.557166 ], [ 7.7183378, 8.5571379 ] ] ] ] } },
{ "type": "Feature", "properties": { "fid": 4174, "Building_Name": "Staff Quaters", "Building_ID": 4174, "Floor_Count": 1, "Building_Type": "Residential", "Year_Built": null, "Primary_Use": "Residential", "Square_Meters": 241.24, "Occupancy_Cap": 29 }, "geometry": { "type": "MultiPolygon", "coordinates": [ [ [ [ 7.7123594, 8.5669328 ], [ 7.7122211, 8.5669312 ], [ 7.712223, 8.5667747 ], [ 7.7123383, 8.5667761 ], [ 7.7123374, 8.5668556 ], [ 7.7123603, 8.5668559 ], [ 7.7123594, 8.5669328 ] ] ] ] } },
{ "type": "Feature", "properties": { "fid": 4187, "Building_Name": "Staff Quaters", "Building_ID": 4187, "Floor_Count": 1, "Building_Type": "Residential", "Year_Built": null, "Primary_Use": "Residential", "Square_Meters": 26.57, "Occupancy_Cap": 3 }, "geometry": { "type": "MultiPolygon", "coordinates": [ [ [ [ 7.7132, 8.567484 ], [ 7.7131505, 8.5674698 ], [ 7.7131625, 8.5674291 ], [ 7.7132119, 8.5674433 ], [ 7.7132, 8.567484 ] ] ] ] } },
{ "type": "Feature", "properties": { "fid": 4196, "Building_Name": "Shop", "Building_ID": 4196, "Floor_Count": 1, "Building_Type": "Commercial", "Year_Built": null, "Primary_Use": "Commercial", "Square_Meters": 68.5, "Occupancy_Cap": 21 }, "geometry": { "type": "MultiPolygon", "coordinates": [ [ [ [ 7.7163789, 8.5673483 ], [ 7.7164508, 8.5673115 ], [ 7.7164831, 8.5673732 ], [ 7.7164111, 8.56741 ], [ 7.7163789, 8.5673483 ] ] ] ] } },
{ "type": "Feature", "properties": { "fid": 4197, "Building_Name": "Staff Quaters", "Building_ID": 4197, "Floor_Count": 1, "Building_Type": "Residential", "Year_Built": null, "Primary_Use": "Residential", "Square_Meters": 46.34, "Occupancy_Cap": 6 }, "geometry": { "type": "MultiPolygon", "coordinates": [ [ [ [ 7.7120121, 8.5666586 ], [ 7.7119547, 8.5666613 ], [ 7.7119514, 8.5665952 ], [ 7.7120088, 8.5665924 ], [ 7.7120121, 8.5666586 ] ] ] ] } },
{ "type": "Feature", "properties": { "fid": 4235, "Building_Name": "Staff Quaters", "Building_ID": 4235, "Floor_Count": 1, "Building_Type": "Residential", "Year_Built": null, "Primary_Use": "Residential", "Square_Meters": 98.41, "Occupancy_Cap": 12 }, "geometry": { "type": "MultiPolygon", "coordinates": [ [ [ [ 7.7122567, 8.5666143 ], [ 7.7123303, 8.5666156 ], [ 7.7123286, 8.5667057 ], [ 7.7122229, 8.5667039 ], [ 7.7122237, 8.5666588 ], [ 7.7122559, 8.5666594 ], [ 7.7122567, 8.5666143 ] ] ] ] } },
{ "type": "Feature", "properties": { "fid": 4239, "Building_Name": "Central Mosque", "Building_ID": 4239, "Floor_Count": 1, "Building_Type": "Worship", "Year_Built": null, "Primary_Use": "Worship", "Square_Meters": 832.9, "Occupancy_Cap": 749 }, "geometry": { "type": "MultiPolygon", "coordinates": [ [ [ [ 7.7144296, 8.563613 ], [ 7.7143759, 8.5638081 ], [ 7.7140588, 8.5637226 ], [ 7.7140941, 8.5635942 ], [ 7.7140667, 8.5635868 ], [ 7.714085, 8.5635202 ], [ 7.7144296, 8.563613 ] ] ] ] } },
{ "type": "Feature", "properties": { "fid": 4263, "Building_Name": "Polytechnic Staff School", "Building_ID": 4263, "Floor_Count": 1, "Building_Type": "Academic", "Year_Built": null, "Primary_Use": "Academic", "Square_Meters": 304.65, "Occupancy_Cap": 183 }, "geometry": { "type": "MultiPolygon", "coordinates": [ [ [ [ 7.7176119, 8.5576296 ], [ 7.7176284, 8.557657 ], [ 7.717404, 8.5577893 ], [ 7.7173604, 8.5577169 ], [ 7.7176343, 8.5575555 ], [ 7.7176614, 8.5576005 ], [ 7.7176119, 8.5576296 ] ] ] ] } },
{ "type": "Feature", "properties": { "fid": 4286, "Building_Name": "Polytechnic Staff School", "Building_ID": 4286, "Floor_Count": 1, "Building_Type": "Academic", "Year_Built": null, "Primary_Use": "Academic", "Square_Meters": 49.69, "Occupancy_Cap": 30 }, "geometry": { "type": "MultiPolygon", "coordinates": [ [ [ [ 7.7183384, 8.5571251 ], [ 7.7184, 8.5570848 ], [ 7.7184308, 8.5571309 ], [ 7.7183693, 8.5571712 ], [ 7.7183384, 8.5571251 ] ] ] ] } },
{ "type": "Feature", "properties": { "fid": 4333, "Building_Name": "Old Administrative Complex", "Building_ID": 4333, "Floor_Count": 1, "Building_Type": "Administration", "Year_Built": "1990-07-04", "Primary_Use": "Administration", "Square_Meters": 2116.43, "Occupancy_Cap": 317 }, "geometry": { "type": "MultiPolygon", "coordinates": [ [ [ [ 7.717554, 8.5654557 ], [ 7.7175734, 8.5655101 ], [ 7.7176, 8.5655849 ], [ 7.7175598, 8.5655989 ], [ 7.7175897, 8.5656828 ], [ 7.7177698, 8.5656201 ], [ 7.7177392, 8.5655341 ], [ 7.7176657, 8.5655597 ], [ 7.7176278, 8.5654532 ], [ 7.7177389, 8.5654145 ], [ 7.7178015, 8.5655903 ], [ 7.7180223, 8.5655134 ], [ 7.7179547, 8.5653237 ], [ 7.7181133, 8.5652685 ], [ 7.7180709, 8.5651496 ], [ 7.7179474, 8.5651926 ], [ 7.7179234, 8.5652009 ], [ 7.7178372, 8.5652309 ], [ 7.7178248, 8.5651961 ], [ 7.7177389, 8.5652261 ], [ 7.717758, 8.5652795 ], [ 7.7176555, 8.5653151 ], [ 7.7176589, 8.5653139 ], [ 7.7175515, 8.5653513 ], [ 7.7175207, 8.5653621 ], [ 7.717554, 8.5654557 ] ] ], [ [ [ 7.7180578, 8.565507 ], [ 7.7182426, 8.5654451 ], [ 7.7182089, 8.5653467 ], [ 7.718172, 8.5653591 ], [ 7.7181448, 8.5652796 ], [ 7.7180753, 8.5653028 ], [ 7.7181047, 8.5653888 ], [ 7.7180263, 8.5654151 ], [ 7.7180578, 8.565507 ] ] ] ] } },
{ "type": "Feature", "properties": { "fid": 4340, "Building_Name": "Works Department", "Building_ID": 4340, "Floor_Count": 1, "Building_Type": "Administrative", "Year_Built": null, "Primary_Use": "Administrative", "Square_Meters": 29.97, "Occupancy_Cap": 4 }, "geometry": { "type": "MultiPolygon", "coordinates": [ [ [ [ 7.7123307, 8.5681071 ], [ 7.7122857, 8.5681294 ], [ 7.7122635, 8.5680857 ], [ 7.7123085, 8.5680634 ], [ 7.7123307, 8.5681071 ] ] ] ] } },
{ "type": "Feature", "properties": { "fid": 4351, "Building_Name": "Staff Quaters", "Building_ID": 4351, "Floor_Count": 1, "Building_Type": "Residential", "Year_Built": null, "Primary_Use": "Residential", "Square_Meters": 27.33, "Occupancy_Cap": 3 }, "geometry": { "type": "MultiPolygon", "coordinates": [ [ [ [ 7.7129233, 8.567129 ], [ 7.7129251, 8.567174 ], [ 7.7128753, 8.5671759 ], [ 7.7128736, 8.5671308 ], [ 7.7129233, 8.567129 ] ] ] ] } },
{ "type": "Feature", "properties": { "fid": 4357, "Building_Name": "Hostel", "Building_ID": 4357, "Floor_Count": 1, "Building_Type": "Residential", "Year_Built": null, "Primary_Use": "Residential", "Square_Meters": 15.04, "Occupancy_Cap": 2 }, "geometry": { "type": "MultiPolygon", "coordinates": [ [ [ [ 7.718422, 8.5592965 ], [ 7.7184026, 8.5592902 ], [ 7.7184216, 8.5592327 ], [ 7.718441, 8.5592389 ], [ 7.718422, 8.5592965 ] ] ] ] } },
{ "type": "Feature", "properties": { "fid": 4377, "Building_Name": null, "Building_ID": 4377, "Floor_Count": 1, "Building_Type": null, "Year_Built": null, "Primary_Use": null, "Square_Meters": 49.98, "Occupancy_Cap": 15 }, "geometry": { "type": "MultiPolygon", "coordinates": [ [ [ [ 7.7155637, 8.5683163 ], [ 7.7155194, 8.5683295 ], [ 7.7154934, 8.5682445 ], [ 7.7155376, 8.5682313 ], [ 7.7155637, 8.5683163 ] ] ] ] } },
{ "type": "Feature", "properties": { "fid": 4428, "Building_Name": "Church", "Building_ID": 4428, "Floor_Count": 1, "Building_Type": "Worship", "Year_Built": null, "Primary_Use": "Worship", "Square_Meters": 28.51, "Occupancy_Cap": 26 }, "geometry": { "type": "MultiPolygon", "coordinates": [ [ [ [ 7.7212108, 8.5625428 ], [ 7.7212517, 8.5625104 ], [ 7.7212799, 8.5625454 ], [ 7.721239, 8.5625777 ], [ 7.7212108, 8.5625428 ] ] ] ] } },
{ "type": "Feature", "properties": { "fid": 4430, "Building_Name": "Hostel", "Building_ID": 4430, "Floor_Count": 2, "Building_Type": "Residential", "Year_Built": null, "Primary_Use": "Residential", "Square_Meters": 331.32, "Occupancy_Cap": 40 }, "geometry": { "type": "MultiPolygon", "coordinates": [ [ [ [ 7.7190622, 8.5594579 ], [ 7.7192577, 8.5595299 ], [ 7.7192118, 8.5596521 ], [ 7.7190162, 8.5595802 ], [ 7.7190622, 8.5594579 ] ] ] ] } },
{ "type": "Feature", "properties": { "fid": 4441, "Building_Name": "Polytechnic Staff Club", "Building_ID": 4441, "Floor_Count": 1, "Building_Type": "Recreation", "Year_Built": null, "Primary_Use": "Recreation", "Square_Meters": 16.34, "Occupancy_Cap": 3 }, "geometry": { "type": "MultiPolygon", "coordinates": [ [ [ [ 7.725833051818931, 8.565090972160496 ], [ 7.725831351818931, 8.565134472160496 ], [ 7.725800551818931, 8.565133372160496 ], [ 7.725802251818931, 8.565089872160495 ], [ 7.725833051818931, 8.565090972160496 ] ] ] ] } },
{ "type": "Feature", "properties": { "fid": 4469, "Building_Name": "Hostel", "Building_ID": 4469, "Floor_Count": 1, "Building_Type": "Residential", "Year_Built": null, "Primary_Use": "Residential", "Square_Meters": 45.64, "Occupancy_Cap": 5 }, "geometry": { "type": "MultiPolygon", "coordinates": [ [ [ [ 7.7197019, 8.5589842 ], [ 7.7197033, 8.5590519 ], [ 7.719648, 8.559053 ], [ 7.7196465, 8.5589853 ], [ 7.7197019, 8.5589842 ] ] ] ] } },
{ "type": "Feature", "properties": { "fid": 4484, "Building_Name": "Church", "Building_ID": 4484, "Floor_Count": 1, "Building_Type": "Worship", "Year_Built": null, "Primary_Use": "Worship", "Square_Meters": 286.65, "Occupancy_Cap": 258 }, "geometry": { "type": "MultiPolygon", "coordinates": [ [ [ [ 7.7221709, 8.5627336 ], [ 7.7221599, 8.5626913 ], [ 7.7223158, 8.5626515 ], [ 7.7223482, 8.5627759 ], [ 7.7221596, 8.562824 ], [ 7.7221382, 8.5627419 ], [ 7.7221709, 8.5627336 ] ] ] ] } },
{ "type": "Feature", "properties": { "fid": 4486, "Building_Name": "Hostel", "Building_ID": 4486, "Floor_Count": 1, "Building_Type": "Residential", "Year_Built": null, "Primary_Use": "Residential", "Square_Meters": 16.8, "Occupancy_Cap": 2 }, "geometry": { "type": "MultiPolygon", "coordinates": [ [ [ [ 7.7177091, 8.5629378 ], [ 7.7176766, 8.5629324 ], [ 7.7176836, 8.5628911 ], [ 7.7177161, 8.5628965 ], [ 7.7177091, 8.5629378 ] ] ] ] } },
{ "type": "Feature", "properties": { "fid": 4491, "Building_Name": null, "Building_ID": 4491, "Floor_Count": 1, "Building_Type": null, "Year_Built": null, "Primary_Use": null, "Square_Meters": 23.51, "Occupancy_Cap": 7 }, "geometry": { "type": "MultiPolygon", "coordinates": [ [ [ [ 7.7154299, 8.5682992 ], [ 7.7154538, 8.5683401 ], [ 7.7154184, 8.5683603 ], [ 7.7153945, 8.5683194 ], [ 7.7154299, 8.5682992 ] ] ] ] } },
{ "type": "Feature", "properties": { "fid": 4513, "Building_Name": null, "Building_ID": 4513, "Floor_Count": 2, "Building_Type": null, "Year_Built": null, "Primary_Use": null, "Square_Meters": 2331.18, "Occupancy_Cap": 699 }, "geometry": { "type": "MultiPolygon", "coordinates": [ [ [ [ 7.7178923, 8.5659055 ], [ 7.7180026, 8.5659252 ], [ 7.7180307, 8.5660109 ], [ 7.7180457, 8.5659912 ], [ 7.7180513, 8.5659604 ], [ 7.7180978, 8.5659687 ], [ 7.718126, 8.5659897 ], [ 7.7181778, 8.5659989 ], [ 7.7182131, 8.5660251 ], [ 7.7182459, 8.5659818 ], [ 7.7183001, 8.5659915 ], [ 7.7183469, 8.5660262 ], [ 7.7183751, 8.566112 ], [ 7.7182302, 8.5663029 ], [ 7.718227, 8.5663208 ], [ 7.7181885, 8.5663331 ], [ 7.7181608, 8.5663697 ], [ 7.7181786, 8.566424 ], [ 7.7181223, 8.5664982 ], [ 7.7180696, 8.5664888 ], [ 7.7180061, 8.5664417 ], [ 7.7179505, 8.5664318 ], [ 7.7179204, 8.5663401 ], [ 7.7179245, 8.5663175 ], [ 7.7178951, 8.5662957 ], [ 7.7178475, 8.5661511 ], [ 7.7178923, 8.5659055 ] ] ] ] } },
{ "type": "Feature", "properties": { "fid": 4571, "Building_Name": "Staff Quaters", "Building_ID": 4571, "Floor_Count": 1, "Building_Type": "Residential", "Year_Built": null, "Primary_Use": "Residential", "Square_Meters": 58.12, "Occupancy_Cap": 7 }, "geometry": { "type": "MultiPolygon", "coordinates": [ [ [ [ 7.7123935, 8.5674952 ], [ 7.7122783, 8.5674909 ], [ 7.7122799, 8.5674495 ], [ 7.712395, 8.5674538 ], [ 7.7123935, 8.5674952 ] ] ] ] } },
{ "type": "Feature", "properties": { "fid": 4605, "Building_Name": "Suleiman Musa Auditorium", "Building_ID": 4605, "Floor_Count": 1, "Building_Type": "Academics", "Year_Built": "2001-02-07", "Primary_Use": "Academics", "Square_Meters": 450.64, "Occupancy_Cap": 270 }, "geometry": { "type": "MultiPolygon", "coordinates": [ [ [ [ 7.717914, 8.567928 ], [ 7.7176889, 8.5679988 ], [ 7.7176408, 8.5678495 ], [ 7.7178659, 8.5677787 ], [ 7.717914, 8.567928 ] ] ] ] } },
{ "type": "Feature", "properties": { "fid": 4628, "Building_Name": "Polytechnic Staff School", "Building_ID": 4628, "Floor_Count": 1, "Building_Type": "Academic", "Year_Built": null, "Primary_Use": "Academic", "Square_Meters": 104.48, "Occupancy_Cap": 63 }, "geometry": { "type": "MultiPolygon", "coordinates": [ [ [ [ 7.7178515, 8.557581 ], [ 7.7179267, 8.5575189 ], [ 7.7179835, 8.5575861 ], [ 7.7179082, 8.5576482 ], [ 7.7178515, 8.557581 ] ] ] ] } },
{ "type": "Feature", "properties": { "fid": 4630, "Building_Name": "Staff Quaters", "Building_ID": 4630, "Floor_Count": 1, "Building_Type": "Residential", "Year_Built": null, "Primary_Use": "Residential", "Square_Meters": 236.49, "Occupancy_Cap": 28 }, "geometry": { "type": "MultiPolygon", "coordinates": [ [ [ [ 7.7129448, 8.5672107 ], [ 7.7130747, 8.5672077 ], [ 7.7130781, 8.5673572 ], [ 7.7129482, 8.5673601 ], [ 7.7129448, 8.5672107 ] ] ] ] } },
{ "type": "Feature", "properties": { "fid": 4632, "Building_Name": null, "Building_ID": 4632, "Floor_Count": 1, "Building_Type": null, "Year_Built": null, "Primary_Use": null, "Square_Meters": 25.86, "Occupancy_Cap": 8 }, "geometry": { "type": "MultiPolygon", "coordinates": [ [ [ [ 7.7246614, 8.5659479 ], [ 7.7246256, 8.5659604 ], [ 7.7246067, 8.5659077 ], [ 7.7246424, 8.5658951 ], [ 7.7246614, 8.5659479 ] ] ] ] } },
{ "type": "Feature", "properties": { "fid": 4651, "Building_Name": "Old Admin Mosque", "Building_ID": 4651, "Floor_Count": 1, "Building_Type": "Worship", "Year_Built": null, "Primary_Use": "Worship", "Square_Meters": 197.02, "Occupancy_Cap": 177 }, "geometry": { "type": "MultiPolygon", "coordinates": [ [ [ [ 7.7187676, 8.5652917 ], [ 7.7188896, 8.5653408 ], [ 7.7188428, 8.5654546 ], [ 7.7187208, 8.5654055 ], [ 7.7187676, 8.5652917 ] ] ] ] } },
{ "type": "Feature", "properties": { "fid": 4652, "Building_Name": "School of Environmental", "Building_ID": 4652, "Floor_Count": 1, "Building_Type": "Academic", "Year_Built": null, "Primary_Use": "Academic", "Square_Meters": 101.54, "Occupancy_Cap": 61 }, "geometry": { "type": "MultiPolygon", "coordinates": [ [ [ [ 7.7173336, 8.5686586 ], [ 7.7171874, 8.5687382 ], [ 7.7171631, 8.5686944 ], [ 7.7173092, 8.5686148 ], [ 7.7173336, 8.5686586 ] ] ] ] } },
{ "type": "Feature", "properties": { "fid": 4661, "Building_Name": "Staff Quaters", "Building_ID": 4661, "Floor_Count": 1, "Building_Type": "Residential", "Year_Built": null, "Primary_Use": "Residential", "Square_Meters": 65.59, "Occupancy_Cap": 8 }, "geometry": { "type": "MultiPolygon", "coordinates": [ [ [ [ 7.7129684, 8.5674739 ], [ 7.7129674, 8.5674272 ], [ 7.7130827, 8.5674247 ], [ 7.7130837, 8.5674714 ], [ 7.7129684, 8.5674739 ] ] ] ] } },
{ "type": "Feature", "properties": { "fid": 4674, "Building_Name": null, "Building_ID": 4674, "Floor_Count": 1, "Building_Type": null, "Year_Built": null, "Primary_Use": null, "Square_Meters": 30.06, "Occupancy_Cap": 9 }, "geometry": { "type": "MultiPolygon", "coordinates": [ [ [ [ 7.7175362, 8.5636335 ], [ 7.7175909, 8.5636286 ], [ 7.717595, 8.5636734 ], [ 7.7175404, 8.5636783 ], [ 7.7175362, 8.5636335 ] ] ] ] } },
{ "type": "Feature", "properties": { "fid": 4699, "Building_Name": "Staff Quaters", "Building_ID": 4699, "Floor_Count": 1, "Building_Type": "Residential", "Year_Built": null, "Primary_Use": "Residential", "Square_Meters": 71.32, "Occupancy_Cap": 9 }, "geometry": { "type": "MultiPolygon", "coordinates": [ [ [ [ 7.7118615, 8.5674589 ], [ 7.711974, 8.567455 ], [ 7.7119759, 8.567507 ], [ 7.7118634, 8.5675109 ], [ 7.7118615, 8.5674589 ] ] ] ] } },
{ "type": "Feature", "properties": { "fid": 4707, "Building_Name": "Hostel", "Building_ID": 4707, "Floor_Count": 1, "Building_Type": "Residential", "Year_Built": null, "Primary_Use": "Residential", "Square_Meters": 874.91, "Occupancy_Cap": 105 }, "geometry": { "type": "MultiPolygon", "coordinates": [ [ [ [ 7.7177837, 8.5627862 ], [ 7.7178382, 8.5624979 ], [ 7.7180689, 8.5625406 ], [ 7.7180129, 8.5628366 ], [ 7.7179248, 8.5628203 ], [ 7.7179197, 8.5628472 ], [ 7.7178549, 8.5628352 ], [ 7.7178614, 8.5628006 ], [ 7.7177837, 8.5627862 ] ] ] ] } },
{ "type": "Feature", "properties": { "fid": 4708, "Building_Name": "Hostel", "Building_ID": 4708, "Floor_Count": 1, "Building_Type": "Residential", "Year_Built": null, "Primary_Use": "Residential", "Square_Meters": 50.94, "Occupancy_Cap": 6 }, "geometry": { "type": "MultiPolygon", "coordinates": [ [ [ [ 7.7176552, 8.5612674 ], [ 7.717654, 8.5613125 ], [ 7.7175613, 8.56131 ], [ 7.7175625, 8.5612649 ], [ 7.7176552, 8.5612674 ] ] ] ] } },
{ "type": "Feature", "properties": { "fid": 4716, "Building_Name": "Staff Quaters", "Building_ID": 4716, "Floor_Count": 1, "Building_Type": "Residential", "Year_Built": null, "Primary_Use": "Residential", "Square_Meters": 237.5, "Occupancy_Cap": 29 }, "geometry": { "type": "MultiPolygon", "coordinates": [ [ [ [ 7.7119269, 8.566938 ], [ 7.7118036, 8.566941 ], [ 7.7117997, 8.5667829 ], [ 7.7119231, 8.56678 ], [ 7.7119269, 8.566938 ] ] ] ] } },
{ "type": "Feature", "properties": { "fid": 4719, "Building_Name": "Polytechnic Staff School", "Building_ID": 4719, "Floor_Count": 1, "Building_Type": "Academic", "Year_Built": null, "Primary_Use": "Academic", "Square_Meters": 347.74, "Occupancy_Cap": 209 }, "geometry": { "type": "MultiPolygon", "coordinates": [ [ [ [ 7.7175197, 8.5579768 ], [ 7.7178031, 8.557808 ], [ 7.7178481, 8.5578819 ], [ 7.7175648, 8.5580508 ], [ 7.7175197, 8.5579768 ] ] ] ] } },
{ "type": "Feature", "properties": { "fid": 4765, "Building_Name": "Orchard Mosque", "Building_ID": 4765, "Floor_Count": 1, "Building_Type": "Worship", "Year_Built": null, "Primary_Use": "Worship", "Square_Meters": 312.91, "Occupancy_Cap": 282 }, "geometry": { "type": "MultiPolygon", "coordinates": [ [ [ [ 7.7159973, 8.5677344 ], [ 7.7160078, 8.5675413 ], [ 7.7160586, 8.567544 ], [ 7.7160556, 8.5675996 ], [ 7.7160823, 8.567601 ], [ 7.7160832, 8.5675851 ], [ 7.7161623, 8.5675893 ], [ 7.716154, 8.5677427 ], [ 7.7159973, 8.5677344 ] ] ] ] } },
{ "type": "Feature", "properties": { "fid": 4779, "Building_Name": null, "Building_ID": 4779, "Floor_Count": 1, "Building_Type": null, "Year_Built": null, "Primary_Use": null, "Square_Meters": 30.17, "Occupancy_Cap": 9 }, "geometry": { "type": "MultiPolygon", "coordinates": [ [ [ [ 7.7151858, 8.5684755 ], [ 7.7152033, 8.5685125 ], [ 7.7151483, 8.5685379 ], [ 7.7151308, 8.568501 ], [ 7.7151858, 8.5684755 ] ] ] ] } },
{ "type": "Feature", "properties": { "fid": 4789, "Building_Name": "Polytechnic Staff Club", "Building_ID": 4789, "Floor_Count": 1, "Building_Type": "Recreation", "Year_Built": null, "Primary_Use": "Recreation", "Square_Meters": 492.65, "Occupancy_Cap": 99 }, "geometry": { "type": "MultiPolygon", "coordinates": [ [ [ [ 7.7269253, 8.5658025 ], [ 7.7268405, 8.5657047 ], [ 7.7269549, 8.5656077 ], [ 7.7269947, 8.5656536 ], [ 7.7270689, 8.5655907 ], [ 7.7271365, 8.5656686 ], [ 7.7270143, 8.5657721 ], [ 7.7270395, 8.5658012 ], [ 7.7269468, 8.5658798 ], [ 7.7268991, 8.5658248 ], [ 7.7269253, 8.5658025 ] ] ] ] } },
{ "type": "Feature", "properties": { "fid": 4790, "Building_Name": "Staff Quaters", "Building_ID": 4790, "Floor_Count": 1, "Building_Type": "Residential", "Year_Built": null, "Primary_Use": "Residential", "Square_Meters": 738.95, "Occupancy_Cap": 89 }, "geometry": { "type": "MultiPolygon", "coordinates": [ [ [ [ 7.7115623, 8.5656372 ], [ 7.7114247, 8.5656528 ], [ 7.7114013, 8.5654512 ], [ 7.7116779, 8.5654199 ], [ 7.711701, 8.5656189 ], [ 7.7116612, 8.5656233 ], [ 7.7116665, 8.5656688 ], [ 7.7115673, 8.5656801 ], [ 7.7115623, 8.5656372 ] ] ] ] } },
{ "type": "Feature", "properties": { "fid": 4829, "Building_Name": "Hostel", "Building_ID": 4829, "Floor_Count": 1, "Building_Type": "Residential", "Year_Built": null, "Primary_Use": "Residential", "Square_Meters": 35.2, "Occupancy_Cap": 4 }, "geometry": { "type": "MultiPolygon", "coordinates": [ [ [ [ 7.7177457, 8.5631186 ], [ 7.7177861, 8.5631064 ], [ 7.7178062, 8.5631719 ], [ 7.7177658, 8.5631841 ], [ 7.7177457, 8.5631186 ] ] ] ] } },
{ "type": "Feature", "properties": { "fid": 4875, "Building_Name": "Hostel", "Building_ID": 4875, "Floor_Count": 1, "Building_Type": "Residential", "Year_Built": null, "Primary_Use": "Residential", "Square_Meters": 948.87, "Occupancy_Cap": 114 }, "geometry": { "type": "MultiPolygon", "coordinates": [ [ [ [ 7.7170541, 8.561999 ], [ 7.7170594, 8.5617683 ], [ 7.7173865, 8.5617757 ], [ 7.7173846, 8.5618592 ], [ 7.7174194, 8.56186 ], [ 7.7174178, 8.5619302 ], [ 7.717383, 8.5619294 ], [ 7.7173812, 8.5620063 ], [ 7.7170541, 8.561999 ] ] ] ] } },
{ "type": "Feature", "properties": { "fid": 4889, "Building_Name": "Staff Quaters", "Building_ID": 4889, "Floor_Count": 1, "Building_Type": "Residential", "Year_Built": null, "Primary_Use": "Residential", "Square_Meters": 230.85, "Occupancy_Cap": 28 }, "geometry": { "type": "MultiPolygon", "coordinates": [ [ [ [ 7.7118023, 8.5664507 ], [ 7.7118, 8.5663198 ], [ 7.7119448, 8.5663173 ], [ 7.7119471, 8.5664482 ], [ 7.7118023, 8.5664507 ] ] ] ] } },
{ "type": "Feature", "properties": { "fid": 4921, "Building_Name": "Polytechnic Staff School", "Building_ID": 4921, "Floor_Count": 1, "Building_Type": "Academic", "Year_Built": null, "Primary_Use": "Academic", "Square_Meters": 288.02, "Occupancy_Cap": 173 }, "geometry": { "type": "MultiPolygon", "coordinates": [ [ [ [ 7.7179075, 8.5573121 ], [ 7.7178635, 8.5574191 ], [ 7.7176738, 8.5573428 ], [ 7.7177178, 8.5572358 ], [ 7.7179075, 8.5573121 ] ] ] ] } },
{ "type": "Feature", "properties": { "fid": 4933, "Building_Name": "Sport Complex", "Building_ID": 4933, "Floor_Count": 1, "Building_Type": "Recreation", "Year_Built": null, "Primary_Use": "Recreation", "Square_Meters": 250.01, "Occupancy_Cap": 50 }, "geometry": { "type": "MultiPolygon", "coordinates": [ [ [ [ 7.7194422, 8.5658343 ], [ 7.719536, 8.5658318 ], [ 7.7195421, 8.5660505 ], [ 7.7194483, 8.5660531 ], [ 7.7194422, 8.5658343 ] ] ] ] } },
{ "type": "Feature", "properties": { "fid": 4946, "Building_Name": "Staff Quaters", "Building_ID": 4946, "Floor_Count": 1, "Building_Type": "Residential", "Year_Built": null, "Primary_Use": "Residential", "Square_Meters": 67.43, "Occupancy_Cap": 8 }, "geometry": { "type": "MultiPolygon", "coordinates": [ [ [ [ 7.7129088, 8.5666408 ], [ 7.7130132, 8.5666364 ], [ 7.7130155, 8.5666893 ], [ 7.7129111, 8.5666938 ], [ 7.7129088, 8.5666408 ] ] ] ] } },
{ "type": "Feature", "properties": { "fid": 4947, "Building_Name": "Works Department", "Building_ID": 4947, "Floor_Count": 1, "Building_Type": "Administrative", "Year_Built": null, "Primary_Use": "Administrative", "Square_Meters": 289.37, "Occupancy_Cap": 43 }, "geometry": { "type": "MultiPolygon", "coordinates": [ [ [ [ 7.7126874, 8.5676784 ], [ 7.7126834, 8.567795 ], [ 7.7124798, 8.5677882 ], [ 7.7124838, 8.5676716 ], [ 7.7126874, 8.5676784 ] ] ] ] } },
{ "type": "Feature", "properties": { "fid": 4950, "Building_Name": "Old ICT", "Building_ID": 4950, "Floor_Count": 1, "Building_Type": "Academics", "Year_Built": "2001-08-15", "Primary_Use": "Academics", "Square_Meters": 27.21, "Occupancy_Cap": 16 }, "geometry": { "type": "MultiPolygon", "coordinates": [ [ [ [ 7.7177144, 8.5671562 ], [ 7.7177283, 8.5672083 ], [ 7.7176882, 8.5672188 ], [ 7.7176743, 8.5671667 ], [ 7.7177144, 8.5671562 ] ] ] ] } },
{ "type": "Feature", "properties": { "fid": 4977, "Building_Name": null, "Building_ID": 4977, "Floor_Count": 1, "Building_Type": null, "Year_Built": null, "Primary_Use": null, "Square_Meters": 22.41, "Occupancy_Cap": 7 }, "geometry": { "type": "MultiPolygon", "coordinates": [ [ [ [ 7.719154, 8.5611656 ], [ 7.7191622, 8.5611166 ], [ 7.7191988, 8.5611226 ], [ 7.7191905, 8.5611716 ], [ 7.719154, 8.5611656 ] ] ] ] } },
{ "type": "Feature", "properties": { "fid": 4980, "Building_Name": "Staff Quaters", "Building_ID": 4980, "Floor_Count": 1, "Building_Type": "Residential", "Year_Built": null, "Primary_Use": "Residential", "Square_Meters": 66.85, "Occupancy_Cap": 8 }, "geometry": { "type": "MultiPolygon", "coordinates": [ [ [ [ 7.7133554, 8.5674178 ], [ 7.7133575, 8.5674654 ], [ 7.7132423, 8.5674702 ], [ 7.7132403, 8.5674226 ], [ 7.7133554, 8.5674178 ] ] ] ] } },
{ "type": "Feature", "properties": { "fid": 4984, "Building_Name": "ETF Building", "Building_ID": 4984, "Floor_Count": 1, "Building_Type": "Academic", "Year_Built": null, "Primary_Use": "Academic", "Square_Meters": 267.56, "Occupancy_Cap": 161 }, "geometry": { "type": "MultiPolygon", "coordinates": [ [ [ [ 7.7184878, 8.568665 ], [ 7.718216, 8.5686727 ], [ 7.7182137, 8.5685919 ], [ 7.7184854, 8.5685842 ], [ 7.7184878, 8.568665 ] ] ] ] } },
{ "type": "Feature", "properties": { "fid": 4999, "Building_Name": "Staff Quaters", "Building_ID": 4999, "Floor_Count": 1, "Building_Type": "Residential", "Year_Built": null, "Primary_Use": "Residential", "Square_Meters": 116.5, "Occupancy_Cap": 14 }, "geometry": { "type": "MultiPolygon", "coordinates": [ [ [ [ 7.7133133, 8.5673048 ], [ 7.7132168, 8.567307 ], [ 7.7132145, 8.5672079 ], [ 7.713311, 8.5672057 ], [ 7.7133133, 8.5673048 ] ] ] ] } },
{ "type": "Feature", "properties": { "fid": 5040, "Building_Name": "Polytechnic Staff School", "Building_ID": 5040, "Floor_Count": 1, "Building_Type": "Academic", "Year_Built": null, "Primary_Use": "Academic", "Square_Meters": 95.77, "Occupancy_Cap": 57 }, "geometry": { "type": "MultiPolygon", "coordinates": [ [ [ [ 7.7182958, 8.5572285 ], [ 7.7181696, 8.5573056 ], [ 7.7181414, 8.5572605 ], [ 7.7182676, 8.5571834 ], [ 7.7182958, 8.5572285 ] ] ] ] } },
{ "type": "Feature", "properties": { "fid": 5049, "Building_Name": "Shop", "Building_ID": 5049, "Floor_Count": 1, "Building_Type": "Commercial", "Year_Built": null, "Primary_Use": "Commercial", "Square_Meters": 26.58, "Occupancy_Cap": 8 }, "geometry": { "type": "MultiPolygon", "coordinates": [ [ [ [ 7.7176435, 8.565838 ], [ 7.7176765, 8.5658277 ], [ 7.7176958, 8.5658879 ], [ 7.7176629, 8.5658982 ], [ 7.7176435, 8.565838 ] ] ] ] } },
{ "type": "Feature", "properties": { "fid": 5050, "Building_Name": "Shop", "Building_ID": 5050, "Floor_Count": 1, "Building_Type": "Commercial", "Year_Built": null, "Primary_Use": "Commercial", "Square_Meters": 55.01, "Occupancy_Cap": 17 }, "geometry": { "type": "MultiPolygon", "coordinates": [ [ [ [ 7.716542, 8.5675335 ], [ 7.7165751, 8.5675862 ], [ 7.7165133, 8.5676242 ], [ 7.7164801, 8.5675716 ], [ 7.716542, 8.5675335 ] ] ] ] } },
{ "type": "Feature", "properties": { "fid": 5059, "Building_Name": "Agricultural Technology Complex", "Building_ID": 5059, "Floor_Count": 2, "Building_Type": null, "Year_Built": null, "Primary_Use": null, "Square_Meters": 1533.45, "Occupancy_Cap": 460 }, "geometry": { "type": "MultiPolygon", "coordinates": [ [ [ [ 7.7130182, 8.5738614 ], [ 7.7129948, 8.5738045 ], [ 7.7130638, 8.5737767 ], [ 7.7130807, 8.5738177 ], [ 7.7132487, 8.5737501 ], [ 7.7133638, 8.5740301 ], [ 7.7129794, 8.5741846 ], [ 7.7128709, 8.5739206 ], [ 7.7130182, 8.5738614 ] ] ] ] } },
{ "type": "Feature", "properties": { "fid": 5083, "Building_Name": null, "Building_ID": 5083, "Floor_Count": 1, "Building_Type": null, "Year_Built": null, "Primary_Use": null, "Square_Meters": 528.83, "Occupancy_Cap": 159 }, "geometry": { "type": "MultiPolygon", "coordinates": [ [ [ [ 7.7180834, 8.5716522 ], [ 7.7179073, 8.571697 ], [ 7.7178471, 8.5714656 ], [ 7.7180232, 8.5714209 ], [ 7.7180834, 8.5716522 ] ] ] ] } },
{ "type": "Feature", "properties": { "fid": 5116, "Building_Name": null, "Building_ID": 5116, "Floor_Count": 1, "Building_Type": null, "Year_Built": null, "Primary_Use": null, "Square_Meters": 27.38, "Occupancy_Cap": 8 }, "geometry": { "type": "MultiPolygon", "coordinates": [ [ [ [ 7.7134893, 8.573841 ], [ 7.7135246, 8.5738322 ], [ 7.7135399, 8.5738921 ], [ 7.7135046, 8.5739009 ], [ 7.7134893, 8.573841 ] ] ] ] } },
{ "type": "Feature", "properties": { "fid": 5139, "Building_Name": null, "Building_ID": 5139, "Floor_Count": 1, "Building_Type": null, "Year_Built": null, "Primary_Use": null, "Square_Meters": 292.71, "Occupancy_Cap": 88 }, "geometry": { "type": "MultiPolygon", "coordinates": [ [ [ [ 7.7170926, 8.5719192 ], [ 7.7168998, 8.5720094 ], [ 7.716851, 8.5719076 ], [ 7.7170439, 8.5718173 ], [ 7.7170926, 8.5719192 ] ] ] ] } },
{ "type": "Feature", "properties": { "fid": 5140, "Building_Name": "1200 Seat Capacity Complex", "Building_ID": 5140, "Floor_Count": 2, "Building_Type": "Academic", "Year_Built": "2021-02-22", "Primary_Use": "Academic", "Square_Meters": 1403.14, "Occupancy_Cap": 842 }, "geometry": { "type": "MultiPolygon", "coordinates": [ [ [ [ 7.7251572, 8.5749861 ], [ 7.7253038, 8.5749634 ], [ 7.7253104, 8.5750049 ], [ 7.7254099, 8.5749894 ], [ 7.7254784, 8.5754218 ], [ 7.7252323, 8.5754599 ], [ 7.7251572, 8.5749861 ] ] ] ] } },
{ "type": "Feature", "properties": { "fid": 5168, "Building_Name": "Shop", "Building_ID": 5168, "Floor_Count": 1, "Building_Type": "Commercial", "Year_Built": null, "Primary_Use": "Commercial", "Square_Meters": 22.06, "Occupancy_Cap": 7 }, "geometry": { "type": "MultiPolygon", "coordinates": [ [ [ [ 7.7200526, 8.5704606 ], [ 7.7200794, 8.5705101 ], [ 7.7200509, 8.5705252 ], [ 7.7200242, 8.5704756 ], [ 7.7200526, 8.5704606 ] ] ] ] } },
{ "type": "Feature", "properties": { "fid": 5173, "Building_Name": null, "Building_ID": 5173, "Floor_Count": 1, "Building_Type": null, "Year_Built": null, "Primary_Use": null, "Square_Meters": 73.29, "Occupancy_Cap": 22 }, "geometry": { "type": "MultiPolygon", "coordinates": [ [ [ [ 7.7172497, 8.5699416 ], [ 7.7171702, 8.5699501 ], [ 7.717162, 8.5698753 ], [ 7.7172416, 8.5698668 ], [ 7.7172497, 8.5699416 ] ] ] ] } },
{ "type": "Feature", "properties": { "fid": 5175, "Building_Name": "School of Business Studies", "Building_ID": 5175, "Floor_Count": 2, "Building_Type": "Academics", "Year_Built": "2018-07-12", "Primary_Use": "Academics", "Square_Meters": 1529.03, "Occupancy_Cap": 917 }, "geometry": { "type": "MultiPolygon", "coordinates": [ [ [ [ 7.7151, 8.568988 ], [ 7.7150777, 8.5689332 ], [ 7.7151424, 8.5689075 ], [ 7.7151572, 8.5689441 ], [ 7.7153374, 8.5688726 ], [ 7.7154515, 8.5691535 ], [ 7.7150657, 8.5693066 ], [ 7.7149591, 8.569044 ], [ 7.7151, 8.568988 ] ] ] ] } },
{ "type": "Feature", "properties": { "fid": 5184, "Building_Name": "New ICT Complex", "Building_ID": 5184, "Floor_Count": 2, "Building_Type": null, "Year_Built": "2021-05-18", "Primary_Use": null, "Square_Meters": 937.27, "Occupancy_Cap": 281 }, "geometry": { "type": "MultiPolygon", "coordinates": [ [ [ [ 7.719201, 8.5721081 ], [ 7.7189823, 8.5721691 ], [ 7.718948, 8.5720487 ], [ 7.7189023, 8.5720614 ], [ 7.7188852, 8.5720013 ], [ 7.7189284, 8.5719892 ], [ 7.7188909, 8.5718577 ], [ 7.7191121, 8.5717961 ], [ 7.719201, 8.5721081 ] ] ] ] } },
{ "type": "Feature", "properties": { "fid": 5185, "Building_Name": null, "Building_ID": 5185, "Floor_Count": 1, "Building_Type": null, "Year_Built": null, "Primary_Use": null, "Square_Meters": 470.67, "Occupancy_Cap": 141 }, "geometry": { "type": "MultiPolygon", "coordinates": [ [ [ [ 7.716979, 8.5715501 ], [ 7.7166623, 8.571694 ], [ 7.7166155, 8.5715932 ], [ 7.7169322, 8.5714493 ], [ 7.716979, 8.5715501 ] ] ] ] } },
{ "type": "Feature", "properties": { "fid": 5206, "Building_Name": null, "Building_ID": 5206, "Floor_Count": 1, "Building_Type": null, "Year_Built": null, "Primary_Use": null, "Square_Meters": 83.12, "Occupancy_Cap": 25 }, "geometry": { "type": "MultiPolygon", "coordinates": [ [ [ [ 7.715868, 8.5710373 ], [ 7.7159173, 8.571155 ], [ 7.7158678, 8.5711753 ], [ 7.7158185, 8.5710576 ], [ 7.715868, 8.5710373 ] ] ] ] } },
{ "type": "Feature", "properties": { "fid": 5269, "Building_Name": "School of Engineering", "Building_ID": 5269, "Floor_Count": 1, "Building_Type": "Academic", "Year_Built": null, "Primary_Use": "Academic", "Square_Meters": 184.1, "Occupancy_Cap": 110 }, "geometry": { "type": "MultiPolygon", "coordinates": [ [ [ [ 7.7202782, 8.571139 ], [ 7.7201782, 8.5711487 ], [ 7.7201632, 8.570999 ], [ 7.7202632, 8.5709892 ], [ 7.7202782, 8.571139 ] ] ] ] } },
{ "type": "Feature", "properties": { "fid": 5297, "Building_Name": "Library Mosque", "Building_ID": 5297, "Floor_Count": 1, "Building_Type": "Worship", "Year_Built": null, "Primary_Use": "Worship", "Square_Meters": 177.14, "Occupancy_Cap": 159 }, "geometry": { "type": "MultiPolygon", "coordinates": [ [ [ [ 7.7192757, 8.5692951 ], [ 7.7192295, 8.5693913 ], [ 7.7191061, 8.5693333 ], [ 7.7191524, 8.5692371 ], [ 7.7192757, 8.5692951 ] ] ] ] } },
{ "type": "Feature", "properties": { "fid": 5298, "Building_Name": "School of Environmental", "Building_ID": 5298, "Floor_Count": 1, "Building_Type": "Academic", "Year_Built": null, "Primary_Use": "Academic", "Square_Meters": 1144.6, "Occupancy_Cap": 687 }, "geometry": { "type": "MultiPolygon", "coordinates": [ [ [ [ 7.7172846, 8.5692496 ], [ 7.7168988, 8.5694382 ], [ 7.7166697, 8.56898 ], [ 7.7167719, 8.56893 ], [ 7.7169503, 8.569287 ], [ 7.717234, 8.5691483 ], [ 7.7172846, 8.5692496 ] ] ] ] } },
{ "type": "Feature", "properties": { "fid": 5299, "Building_Name": null, "Building_ID": 5299, "Floor_Count": 1, "Building_Type": null, "Year_Built": null, "Primary_Use": null, "Square_Meters": 83.45, "Occupancy_Cap": 25 }, "geometry": { "type": "MultiPolygon", "coordinates": [ [ [ [ 7.7172418, 8.5703368 ], [ 7.7172951, 8.5703083 ], [ 7.7173495, 8.5704079 ], [ 7.7172962, 8.5704363 ], [ 7.7172418, 8.5703368 ] ] ] ] } },
{ "type": "Feature", "properties": { "fid": 5319, "Building_Name": null, "Building_ID": 5319, "Floor_Count": 1, "Building_Type": null, "Year_Built": null, "Primary_Use": null, "Square_Meters": 20.25, "Occupancy_Cap": 6 }, "geometry": { "type": "MultiPolygon", "coordinates": [ [ [ [ 7.7147574, 8.5690694 ], [ 7.7147671, 8.5691038 ], [ 7.7147223, 8.5691162 ], [ 7.7147126, 8.5690817 ], [ 7.7147574, 8.5690694 ] ] ] ] } },
{ "type": "Feature", "properties": { "fid": 5358, "Building_Name": null, "Building_ID": 5358, "Floor_Count": 1, "Building_Type": null, "Year_Built": null, "Primary_Use": null, "Square_Meters": 67.31, "Occupancy_Cap": 20 }, "geometry": { "type": "MultiPolygon", "coordinates": [ [ [ [ 7.7151265, 8.5697732 ], [ 7.7150477, 8.5698129 ], [ 7.715019, 8.5697572 ], [ 7.7150978, 8.5697175 ], [ 7.7151265, 8.5697732 ] ] ] ] } },
{ "type": "Feature", "properties": { "fid": 5359, "Building_Name": null, "Building_ID": 5359, "Floor_Count": 1, "Building_Type": null, "Year_Built": null, "Primary_Use": null, "Square_Meters": 25.1, "Occupancy_Cap": 8 }, "geometry": { "type": "MultiPolygon", "coordinates": [ [ [ [ 7.7148742, 8.5692596 ], [ 7.7148826, 8.5692903 ], [ 7.71482, 8.5693069 ], [ 7.7148117, 8.5692761 ], [ 7.7148742, 8.5692596 ] ] ] ] } },
{ "type": "Feature", "properties": { "fid": 5373, "Building_Name": "Shop", "Building_ID": 5373, "Floor_Count": 1, "Building_Type": "Commercial", "Year_Built": null, "Primary_Use": "Commercial", "Square_Meters": 22.87, "Occupancy_Cap": 7 }, "geometry": { "type": "MultiPolygon", "coordinates": [ [ [ [ 7.7200469, 8.5704555 ], [ 7.7199979, 8.5704688 ], [ 7.719988, 8.5704331 ], [ 7.720037, 8.5704199 ], [ 7.7200469, 8.5704555 ] ] ] ] } },
{ "type": "Feature", "properties": { "fid": 5410, "Building_Name": null, "Building_ID": 5410, "Floor_Count": 2, "Building_Type": null, "Year_Built": null, "Primary_Use": null, "Square_Meters": 1820.15, "Occupancy_Cap": 546 }, "geometry": { "type": "MultiPolygon", "coordinates": [ [ [ [ 7.7243089, 8.5735847 ], [ 7.7243131, 8.573826 ], [ 7.7239338, 8.5738324 ], [ 7.7239337, 8.5738271 ], [ 7.7236882, 8.5738313 ], [ 7.7236841, 8.5735953 ], [ 7.7243089, 8.5735847 ] ] ] ] } },
{ "type": "Feature", "properties": { "fid": 5447, "Building_Name": null, "Building_ID": 5447, "Floor_Count": 1, "Building_Type": null, "Year_Built": null, "Primary_Use": null, "Square_Meters": 182.7, "Occupancy_Cap": 55 }, "geometry": { "type": "MultiPolygon", "coordinates": [ [ [ [ 7.7172553, 8.5697113 ], [ 7.7172602, 8.5698318 ], [ 7.7171521, 8.5698362 ], [ 7.7171502, 8.5697885 ], [ 7.7171234, 8.5697896 ], [ 7.7171204, 8.5697167 ], [ 7.7172553, 8.5697113 ] ] ] ] } },
{ "type": "Feature", "properties": { "fid": 5449, "Building_Name": null, "Building_ID": 5449, "Floor_Count": 1, "Building_Type": null, "Year_Built": null, "Primary_Use": null, "Square_Meters": 409.55, "Occupancy_Cap": 123 }, "geometry": { "type": "MultiPolygon", "coordinates": [ [ [ [ 7.7160244, 8.5688579 ], [ 7.7161084, 8.5688094 ], [ 7.7162848, 8.569108 ], [ 7.7162008, 8.5691565 ], [ 7.7160244, 8.5688579 ] ] ] ] } },
{ "type": "Feature", "properties": { "fid": 5469, "Building_Name": null, "Building_ID": 5469, "Floor_Count": 1, "Building_Type": null, "Year_Built": null, "Primary_Use": null, "Square_Meters": 243.99, "Occupancy_Cap": 73 }, "geometry": { "type": "MultiPolygon", "coordinates": [ [ [ [ 7.7166499, 8.569237 ], [ 7.7167382, 8.5694176 ], [ 7.7166482, 8.5694606 ], [ 7.71656, 8.56928 ], [ 7.7166499, 8.569237 ] ] ] ] } },
{ "type": "Feature", "properties": { "fid": 5477, "Building_Name": "Shop", "Building_ID": 5477, "Floor_Count": 1, "Building_Type": "Commercial", "Year_Built": null, "Primary_Use": "Commercial", "Square_Meters": 149.36, "Occupancy_Cap": 45 }, "geometry": { "type": "MultiPolygon", "coordinates": [ [ [ [ 7.7187061, 8.5700735 ], [ 7.7187259, 8.5701243 ], [ 7.7185156, 8.5702043 ], [ 7.7184958, 8.5701535 ], [ 7.7187061, 8.5700735 ] ] ] ] } },
{ "type": "Feature", "properties": { "fid": 5507, "Building_Name": null, "Building_ID": 5507, "Floor_Count": 1, "Building_Type": null, "Year_Built": null, "Primary_Use": null, "Square_Meters": 19.19, "Occupancy_Cap": 6 }, "geometry": { "type": "MultiPolygon", "coordinates": [ [ [ [ 7.7179361, 8.5717813 ], [ 7.717941, 8.5718204 ], [ 7.7179013, 8.5718253 ], [ 7.7178965, 8.5717861 ], [ 7.7179361, 8.5717813 ] ] ] ] } },
{ "type": "Feature", "properties": { "fid": 5522, "Building_Name": null, "Building_ID": 5522, "Floor_Count": 1, "Building_Type": null, "Year_Built": null, "Primary_Use": null, "Square_Meters": 218.43, "Occupancy_Cap": 66 }, "geometry": { "type": "MultiPolygon", "coordinates": [ [ [ [ 7.7165987, 8.5691551 ], [ 7.7165034, 8.5692011 ], [ 7.7164283, 8.5690491 ], [ 7.7165236, 8.5690031 ], [ 7.7165987, 8.5691551 ] ] ] ] } },
{ "type": "Feature", "properties": { "fid": 5537, "Building_Name": "Center Entrepreneurship Development Studies Complex", "Building_ID": 5537, "Floor_Count": 1, "Building_Type": null, "Year_Built": "2019-09-25", "Primary_Use": null, "Square_Meters": 1200.89, "Occupancy_Cap": 360 }, "geometry": { "type": "MultiPolygon", "coordinates": [ [ [ [ 7.7176144, 8.5713698 ], [ 7.7172384, 8.5715577 ], [ 7.7171407, 8.5713665 ], [ 7.7175188, 8.5711775 ], [ 7.7175318, 8.5712029 ], [ 7.7175774, 8.57118 ], [ 7.7176482, 8.5713184 ], [ 7.7176004, 8.5713423 ], [ 7.7176144, 8.5713698 ] ] ] ] } },
{ "type": "Feature", "properties": { "fid": 5552, "Building_Name": null, "Building_ID": 5552, "Floor_Count": 1, "Building_Type": null, "Year_Built": null, "Primary_Use": null, "Square_Meters": 41.54, "Occupancy_Cap": 12 }, "geometry": { "type": "MultiPolygon", "coordinates": [ [ [ [ 7.719684, 8.5728547 ], [ 7.7196364, 8.57286 ], [ 7.7196283, 8.5727893 ], [ 7.719676, 8.572784 ], [ 7.719684, 8.5728547 ] ] ] ] } },
{ "type": "Feature", "properties": { "fid": 5580, "Building_Name": null, "Building_ID": 5580, "Floor_Count": 2, "Building_Type": null, "Year_Built": null, "Primary_Use": null, "Square_Meters": 1489.0, "Occupancy_Cap": 447 }, "geometry": { "type": "MultiPolygon", "coordinates": [ [ [ [ 7.7281299, 8.5720342 ], [ 7.7285068, 8.5718693 ], [ 7.7286194, 8.5721211 ], [ 7.7284722, 8.5721855 ], [ 7.728497, 8.5722409 ], [ 7.7284333, 8.5722688 ], [ 7.7284189, 8.5722366 ], [ 7.7282529, 8.5723092 ], [ 7.7281299, 8.5720342 ] ] ] ] } },
{ "type": "Feature", "properties": { "fid": 5617, "Building_Name": null, "Building_ID": 5617, "Floor_Count": 1, "Building_Type": null, "Year_Built": null, "Primary_Use": null, "Square_Meters": 20.58, "Occupancy_Cap": 6 }, "geometry": { "type": "MultiPolygon", "coordinates": [ [ [ [ 7.7192901, 8.572053 ], [ 7.7193276, 8.572043 ], [ 7.7193391, 8.572085 ], [ 7.7193016, 8.572095 ], [ 7.7192901, 8.572053 ] ] ] ] } },
{ "type": "Feature", "properties": { "fid": 5626, "Building_Name": null, "Building_ID": 5626, "Floor_Count": 1, "Building_Type": null, "Year_Built": null, "Primary_Use": null, "Square_Meters": 87.2, "Occupancy_Cap": 26 }, "geometry": { "type": "MultiPolygon", "coordinates": [ [ [ [ 7.714741, 8.5688012 ], [ 7.7148584, 8.5687399 ], [ 7.7148839, 8.5687876 ], [ 7.7147664, 8.5688489 ], [ 7.714741, 8.5688012 ] ] ] ] } },
{ "type": "Feature", "properties": { "fid": 5642, "Building_Name": "Shop", "Building_ID": 5642, "Floor_Count": 1, "Building_Type": "Commercial", "Year_Built": null, "Primary_Use": "Commercial", "Square_Meters": 84.65, "Occupancy_Cap": 25 }, "geometry": { "type": "MultiPolygon", "coordinates": [ [ [ [ 7.718646, 8.569901 ], [ 7.7185641, 8.5699188 ], [ 7.7185462, 8.5698378 ], [ 7.7186281, 8.56982 ], [ 7.718646, 8.569901 ] ] ] ] } },
{ "type": "Feature", "properties": { "fid": 5661, "Building_Name": null, "Building_ID": 5661, "Floor_Count": 1, "Building_Type": null, "Year_Built": null, "Primary_Use": null, "Square_Meters": 42.84, "Occupancy_Cap": 13 }, "geometry": { "type": "MultiPolygon", "coordinates": [ [ [ [ 7.7198733, 8.5753198 ], [ 7.7199336, 8.575293 ], [ 7.7199557, 8.5753416 ], [ 7.7198954, 8.5753683 ], [ 7.7198733, 8.5753198 ] ] ] ] } },
{ "type": "Feature", "properties": { "fid": 5662, "Building_Name": "School of Environmental", "Building_ID": 5662, "Floor_Count": 1, "Building_Type": "Academic", "Year_Built": null, "Primary_Use": "Academic", "Square_Meters": 548.67, "Occupancy_Cap": 329 }, "geometry": { "type": "MultiPolygon", "coordinates": [ [ [ [ 7.7170376, 8.5688117 ], [ 7.7171344, 8.5687581 ], [ 7.7173379, 8.5691176 ], [ 7.7172562, 8.5691629 ], [ 7.7172382, 8.5691311 ], [ 7.7172232, 8.5691394 ], [ 7.7170376, 8.5688117 ] ] ] ] } },
{ "type": "Feature", "properties": { "fid": 5672, "Building_Name": null, "Building_ID": 5672, "Floor_Count": 1, "Building_Type": null, "Year_Built": null, "Primary_Use": null, "Square_Meters": 16.59, "Occupancy_Cap": 5 }, "geometry": { "type": "MultiPolygon", "coordinates": [ [ [ [ 7.7164811, 8.5694268 ], [ 7.7165057, 8.5694659 ], [ 7.7164806, 8.5694814 ], [ 7.716456, 8.5694423 ], [ 7.7164811, 8.5694268 ] ] ] ] } },
{ "type": "Feature", "properties": { "fid": 5714, "Building_Name": null, "Building_ID": 5714, "Floor_Count": 1, "Building_Type": null, "Year_Built": null, "Primary_Use": null, "Square_Meters": 22.27, "Occupancy_Cap": 7 }, "geometry": { "type": "MultiPolygon", "coordinates": [ [ [ [ 7.7146848, 8.5689136 ], [ 7.7146388, 8.5689352 ], [ 7.7146233, 8.5689027 ], [ 7.7146692, 8.5688811 ], [ 7.7146848, 8.5689136 ] ] ] ] } },
{ "type": "Feature", "properties": { "fid": 5715, "Building_Name": null, "Building_ID": 5715, "Floor_Count": 1, "Building_Type": null, "Year_Built": null, "Primary_Use": null, "Square_Meters": 38.8, "Occupancy_Cap": 12 }, "geometry": { "type": "MultiPolygon", "coordinates": [ [ [ [ 7.715544, 8.5702388 ], [ 7.7155962, 8.5702139 ], [ 7.7156204, 8.5702634 ], [ 7.7155682, 8.5702883 ], [ 7.715544, 8.5702388 ] ] ] ] } },
{ "type": "Feature", "properties": { "fid": 5725, "Building_Name": "Shop", "Building_ID": 5725, "Floor_Count": 1, "Building_Type": "Commercial", "Year_Built": null, "Primary_Use": "Commercial", "Square_Meters": 17.23, "Occupancy_Cap": 5 }, "geometry": { "type": "MultiPolygon", "coordinates": [ [ [ [ 7.7187193, 8.5698768 ], [ 7.718728, 8.5699174 ], [ 7.7186947, 8.5699244 ], [ 7.7186859, 8.5698838 ], [ 7.7187193, 8.5698768 ] ] ] ] } },
{ "type": "Feature", "properties": { "fid": 5726, "Building_Name": "School of Environmental", "Building_ID": 5726, "Floor_Count": 1, "Building_Type": "Academic", "Year_Built": null, "Primary_Use": "Academic", "Square_Meters": 22.43, "Occupancy_Cap": 13 }, "geometry": { "type": "MultiPolygon", "coordinates": [ [ [ [ 7.7173616, 8.5691698 ], [ 7.7173314, 8.569187 ], [ 7.7173047, 8.5691412 ], [ 7.7173349, 8.569124 ], [ 7.7173616, 8.5691698 ] ] ] ] } },
{ "type": "Feature", "properties": { "fid": 5738, "Building_Name": null, "Building_ID": 5738, "Floor_Count": 1, "Building_Type": null, "Year_Built": null, "Primary_Use": null, "Square_Meters": 28.33, "Occupancy_Cap": 8 }, "geometry": { "type": "MultiPolygon", "coordinates": [ [ [ [ 7.7149871, 8.5695577 ], [ 7.7150189, 8.5696106 ], [ 7.7149864, 8.5696297 ], [ 7.7149546, 8.5695768 ], [ 7.7149871, 8.5695577 ] ] ] ] } },
{ "type": "Feature", "properties": { "fid": 5747, "Building_Name": null, "Building_ID": 5747, "Floor_Count": 1, "Building_Type": null, "Year_Built": null, "Primary_Use": null, "Square_Meters": 57.9, "Occupancy_Cap": 17 }, "geometry": { "type": "MultiPolygon", "coordinates": [ [ [ [ 7.7155036, 8.570072 ], [ 7.7155431, 8.5701311 ], [ 7.7154871, 8.5701677 ], [ 7.7154476, 8.5701086 ], [ 7.7155036, 8.570072 ] ] ] ] } },
{ "type": "Feature", "properties": { "fid": 5767, "Building_Name": "Library Mosque", "Building_ID": 5767, "Floor_Count": 1, "Building_Type": "Worship", "Year_Built": null, "Primary_Use": "Worship", "Square_Meters": 76.65, "Occupancy_Cap": 69 }, "geometry": { "type": "MultiPolygon", "coordinates": [ [ [ [ 7.7190081, 8.5692935 ], [ 7.7189767, 8.5693633 ], [ 7.7189014, 8.5693302 ], [ 7.7189328, 8.5692604 ], [ 7.7190081, 8.5692935 ] ] ] ] } },
{ "type": "Feature", "properties": { "fid": 5775, "Building_Name": null, "Building_ID": 5775, "Floor_Count": 1, "Building_Type": null, "Year_Built": null, "Primary_Use": null, "Square_Meters": 846.8, "Occupancy_Cap": 254 }, "geometry": { "type": "MultiPolygon", "coordinates": [ [ [ [ 7.7175495, 8.5695414 ], [ 7.7174645, 8.5695789 ], [ 7.7174106, 8.5694595 ], [ 7.7169924, 8.5696442 ], [ 7.7169495, 8.5695491 ], [ 7.7174526, 8.5693269 ], [ 7.7175495, 8.5695414 ] ] ] ] } },
{ "type": "Feature", "properties": { "fid": 5802, "Building_Name": "SUG Bus Stop", "Building_ID": 5802, "Floor_Count": 1, "Building_Type": "Commercial", "Year_Built": null, "Primary_Use": "Commercial", "Square_Meters": 61.8, "Occupancy_Cap": 19 }, "geometry": { "type": "MultiPolygon", "coordinates": [ [ [ [ 7.7178411, 8.5686443 ], [ 7.717854, 8.5686883 ], [ 7.7177477, 8.5687189 ], [ 7.7177347, 8.5686749 ], [ 7.7178411, 8.5686443 ] ] ] ] } },
{ "type": "Feature", "properties": { "fid": 5812, "Building_Name": "Twin Theatre Complex", "Building_ID": 5812, "Floor_Count": 2, "Building_Type": null, "Year_Built": "2020-10-10", "Primary_Use": null, "Square_Meters": 1205.74, "Occupancy_Cap": 362 }, "geometry": { "type": "MultiPolygon", "coordinates": [ [ [ [ 7.719219, 8.5722982 ], [ 7.7192838, 8.5724687 ], [ 7.7192841, 8.5724762 ], [ 7.7193358, 8.5724743 ], [ 7.7193557, 8.5725266 ], [ 7.7193566, 8.572552 ], [ 7.7193222, 8.5725648 ], [ 7.7193263, 8.5726751 ], [ 7.7193382, 8.5727064 ], [ 7.7193406, 8.5727724 ], [ 7.7193178, 8.5727733 ], [ 7.7192662, 8.5727925 ], [ 7.7192504, 8.572793 ], [ 7.7191987, 8.5728122 ], [ 7.7191266, 8.5726224 ], [ 7.7190763, 8.5726243 ], [ 7.7190557, 8.5725702 ], [ 7.7190544, 8.5725343 ], [ 7.7190809, 8.5725245 ], [ 7.7190734, 8.5723206 ], [ 7.7191124, 8.5723192 ], [ 7.7191635, 8.5723002 ], [ 7.719219, 8.5722982 ] ] ] ] } },
{ "type": "Feature", "properties": { "fid": 5819, "Building_Name": null, "Building_ID": 5819, "Floor_Count": 1, "Building_Type": null, "Year_Built": null, "Primary_Use": null, "Square_Meters": 49.8, "Occupancy_Cap": 15 }, "geometry": { "type": "MultiPolygon", "coordinates": [ [ [ [ 7.7155136, 8.570629 ], [ 7.7155871, 8.5706115 ], [ 7.7155999, 8.5706641 ], [ 7.7155264, 8.5706816 ], [ 7.7155136, 8.570629 ] ] ] ] } },
{ "type": "Feature", "properties": { "fid": 5822, "Building_Name": null, "Building_ID": 5822, "Floor_Count": 1, "Building_Type": null, "Year_Built": null, "Primary_Use": null, "Square_Meters": 491.64, "Occupancy_Cap": 147 }, "geometry": { "type": "MultiPolygon", "coordinates": [ [ [ [ 7.7175932, 8.5720052 ], [ 7.7180048, 8.5718984 ], [ 7.7180291, 8.5719902 ], [ 7.7176176, 8.572097 ], [ 7.7175932, 8.5720052 ] ] ] ] } },
{ "type": "Feature", "properties": { "fid": 5844, "Building_Name": null, "Building_ID": 5844, "Floor_Count": 2, "Building_Type": null, "Year_Built": null, "Primary_Use": null, "Square_Meters": 1590.62, "Occupancy_Cap": 477 }, "geometry": { "type": "MultiPolygon", "coordinates": [ [ [ [ 7.7250374, 8.5737313 ], [ 7.7250294, 8.5735247 ], [ 7.7256576, 8.5735009 ], [ 7.7256652, 8.5736996 ], [ 7.7254188, 8.5737089 ], [ 7.72542, 8.573738 ], [ 7.7252953, 8.5737427 ], [ 7.7252945, 8.5737215 ], [ 7.7250374, 8.5737313 ] ] ] ] } },
{ "type": "Feature", "properties": { "fid": 5857, "Building_Name": null, "Building_ID": 5857, "Floor_Count": 1, "Building_Type": null, "Year_Built": null, "Primary_Use": null, "Square_Meters": 704.06, "Occupancy_Cap": 211 }, "geometry": { "type": "MultiPolygon", "coordinates": [ [ [ [ 7.7121711, 8.5747466 ], [ 7.7127215, 8.5745099 ], [ 7.7127535, 8.5745827 ], [ 7.7124636, 8.5747074 ], [ 7.7124842, 8.5747542 ], [ 7.7124052, 8.5747882 ], [ 7.7123964, 8.5747681 ], [ 7.7122149, 8.5748462 ], [ 7.7121711, 8.5747466 ] ] ] ] } },
{ "type": "Feature", "properties": { "fid": 5941, "Building_Name": "Shop", "Building_ID": 5941, "Floor_Count": 1, "Building_Type": "Commercial", "Year_Built": null, "Primary_Use": "Commercial", "Square_Meters": 21.29, "Occupancy_Cap": 6 }, "geometry": { "type": "MultiPolygon", "coordinates": [ [ [ [ 7.7199653, 8.5702672 ], [ 7.7199286, 8.5702729 ], [ 7.7199212, 8.5702264 ], [ 7.7199578, 8.5702206 ], [ 7.7199653, 8.5702672 ] ] ] ] } },
{ "type": "Feature", "properties": { "fid": 5955, "Building_Name": "Shop", "Building_ID": 5955, "Floor_Count": 1, "Building_Type": "Commercial", "Year_Built": null, "Primary_Use": "Commercial", "Square_Meters": 52.04, "Occupancy_Cap": 16 }, "geometry": { "type": "MultiPolygon", "coordinates": [ [ [ [ 7.7184006, 8.5698911 ], [ 7.7184179, 8.5699409 ], [ 7.7183411, 8.5699669 ], [ 7.7183238, 8.5699171 ], [ 7.7184006, 8.5698911 ] ] ] ] } },
{ "type": "Feature", "properties": { "fid": 5962, "Building_Name": "Shop", "Building_ID": 5962, "Floor_Count": 1, "Building_Type": "Commercial", "Year_Built": null, "Primary_Use": "Commercial", "Square_Meters": 14.62, "Occupancy_Cap": 4 }, "geometry": { "type": "MultiPolygon", "coordinates": [ [ [ [ 7.7202286, 8.5713 ], [ 7.7202053, 8.5713043 ], [ 7.7201959, 8.5712545 ], [ 7.7202192, 8.5712502 ], [ 7.7202286, 8.5713 ] ] ] ] } },
{ "type": "Feature", "properties": { "fid": 5977, "Building_Name": null, "Building_ID": 5977, "Floor_Count": 1, "Building_Type": null, "Year_Built": null, "Primary_Use": null, "Square_Meters": 412.75, "Occupancy_Cap": 124 }, "geometry": { "type": "MultiPolygon", "coordinates": [ [ [ [ 7.712399, 8.5749113 ], [ 7.7127032, 8.574744 ], [ 7.7127511, 8.5748291 ], [ 7.7124469, 8.5749964 ], [ 7.712399, 8.5749113 ] ] ] ] } },
{ "type": "Feature", "properties": { "fid": 5986, "Building_Name": "Shop", "Building_ID": 5986, "Floor_Count": 1, "Building_Type": "Commercial", "Year_Built": null, "Primary_Use": "Commercial", "Square_Meters": 35.9, "Occupancy_Cap": 11 }, "geometry": { "type": "MultiPolygon", "coordinates": [ [ [ [ 7.7184524, 8.5698735 ], [ 7.7185109, 8.5698581 ], [ 7.7185236, 8.5699051 ], [ 7.7184651, 8.5699206 ], [ 7.7184524, 8.5698735 ] ] ] ] } },
{ "type": "Feature", "properties": { "fid": 6017, "Building_Name": "Shop", "Building_ID": 6017, "Floor_Count": 1, "Building_Type": "Commercial", "Year_Built": null, "Primary_Use": "Commercial", "Square_Meters": 58.83, "Occupancy_Cap": 18 }, "geometry": { "type": "MultiPolygon", "coordinates": [ [ [ [ 7.7190075, 8.5699965 ], [ 7.7189401, 8.5700162 ], [ 7.7189203, 8.5699504 ], [ 7.7189878, 8.5699306 ], [ 7.7190075, 8.5699965 ] ] ] ] } },
{ "type": "Feature", "properties": { "fid": 6048, "Building_Name": null, "Building_ID": 6048, "Floor_Count": 1, "Building_Type": null, "Year_Built": null, "Primary_Use": null, "Square_Meters": 168.94, "Occupancy_Cap": 51 }, "geometry": { "type": "MultiPolygon", "coordinates": [ [ [ [ 7.7165256, 8.5710237 ], [ 7.7166532, 8.5709635 ], [ 7.7166959, 8.5710521 ], [ 7.7165683, 8.5711123 ], [ 7.7165256, 8.5710237 ] ] ] ] } },
{ "type": "Feature", "properties": { "fid": 6076, "Building_Name": "Shop", "Building_ID": 6076, "Floor_Count": 1, "Building_Type": "Commercial", "Year_Built": null, "Primary_Use": "Commercial", "Square_Meters": 186.48, "Occupancy_Cap": 56 }, "geometry": { "type": "MultiPolygon", "coordinates": [ [ [ [ 7.7182619, 8.5700823 ], [ 7.7182962, 8.5701554 ], [ 7.7182646, 8.5701699 ], [ 7.7182994, 8.5702441 ], [ 7.7182296, 8.5702762 ], [ 7.7181604, 8.5701289 ], [ 7.7182619, 8.5700823 ] ] ] ] } },
{ "type": "Feature", "properties": { "fid": 6090, "Building_Name": "Shop", "Building_ID": 6090, "Floor_Count": 1, "Building_Type": "Commercial", "Year_Built": null, "Primary_Use": "Commercial", "Square_Meters": 42.08, "Occupancy_Cap": 13 }, "geometry": { "type": "MultiPolygon", "coordinates": [ [ [ [ 7.7184266, 8.570221 ], [ 7.7184196, 8.5701756 ], [ 7.718494, 8.5701644 ], [ 7.718501, 8.5702098 ], [ 7.7184266, 8.570221 ] ] ] ] } },
{ "type": "Feature", "properties": { "fid": 6117, "Building_Name": null, "Building_ID": 6117, "Floor_Count": 1, "Building_Type": null, "Year_Built": null, "Primary_Use": null, "Square_Meters": 108.86, "Occupancy_Cap": 33 }, "geometry": { "type": "MultiPolygon", "coordinates": [ [ [ [ 7.7149119, 8.5686987 ], [ 7.7150524, 8.5686238 ], [ 7.7150793, 8.5686731 ], [ 7.7149388, 8.568748 ], [ 7.7149119, 8.5686987 ] ] ] ] } },
{ "type": "Feature", "properties": { "fid": 6123, "Building_Name": "School of Environmental", "Building_ID": 6123, "Floor_Count": 1, "Building_Type": "Academic", "Year_Built": null, "Primary_Use": "Academic", "Square_Meters": 486.88, "Occupancy_Cap": 292 }, "geometry": { "type": "MultiPolygon", "coordinates": [ [ [ [ 7.7167144, 8.568838 ], [ 7.7170421, 8.5686577 ], [ 7.7170945, 8.5687509 ], [ 7.7167668, 8.5689312 ], [ 7.7167144, 8.568838 ] ] ] ] } },
{ "type": "Feature", "properties": { "fid": 6141, "Building_Name": null, "Building_ID": 6141, "Floor_Count": 1, "Building_Type": null, "Year_Built": null, "Primary_Use": null, "Square_Meters": 32.28, "Occupancy_Cap": 10 }, "geometry": { "type": "MultiPolygon", "coordinates": [ [ [ [ 7.7168994, 8.5720783 ], [ 7.7169088, 8.5721157 ], [ 7.7168421, 8.5721321 ], [ 7.7168327, 8.5720946 ], [ 7.7168994, 8.5720783 ] ] ] ] } },
{ "type": "Feature", "properties": { "fid": 6142, "Building_Name": null, "Building_ID": 6142, "Floor_Count": 1, "Building_Type": null, "Year_Built": null, "Primary_Use": null, "Square_Meters": 510.03, "Occupancy_Cap": 153 }, "geometry": { "type": "MultiPolygon", "coordinates": [ [ [ [ 7.7162717, 8.5706202 ], [ 7.7163823, 8.5709303 ], [ 7.7162621, 8.5709722 ], [ 7.7161516, 8.5706621 ], [ 7.7162717, 8.5706202 ] ] ] ] } },
{ "type": "Feature", "properties": { "fid": 6205, "Building_Name": null, "Building_ID": 6205, "Floor_Count": 1, "Building_Type": null, "Year_Built": null, "Primary_Use": null, "Square_Meters": 32.53, "Occupancy_Cap": 10 }, "geometry": { "type": "MultiPolygon", "coordinates": [ [ [ [ 7.7205148, 8.5758928 ], [ 7.720463, 8.5759054 ], [ 7.7204509, 8.5758568 ], [ 7.7205028, 8.5758442 ], [ 7.7205148, 8.5758928 ] ] ] ] } },
{ "type": "Feature", "properties": { "fid": 6229, "Building_Name": null, "Building_ID": 6229, "Floor_Count": 1, "Building_Type": null, "Year_Built": null, "Primary_Use": null, "Square_Meters": 39.82, "Occupancy_Cap": 12 }, "geometry": { "type": "MultiPolygon", "coordinates": [ [ [ [ 7.7154892, 8.5705589 ], [ 7.7155428, 8.5705371 ], [ 7.7155645, 8.5705893 ], [ 7.7155109, 8.5706111 ], [ 7.7154892, 8.5705589 ] ] ] ] } },
{ "type": "Feature", "properties": { "fid": 6250, "Building_Name": null, "Building_ID": 6250, "Floor_Count": 1, "Building_Type": null, "Year_Built": null, "Primary_Use": null, "Square_Meters": 32.4, "Occupancy_Cap": 10 }, "geometry": { "type": "MultiPolygon", "coordinates": [ [ [ [ 7.7151204, 8.5700639 ], [ 7.7150736, 8.5700847 ], [ 7.7150521, 8.5700374 ], [ 7.7150989, 8.5700166 ], [ 7.7151204, 8.5700639 ] ] ] ] } },
{ "type": "Feature", "properties": { "fid": 6292, "Building_Name": null, "Building_ID": 6292, "Floor_Count": 1, "Building_Type": null, "Year_Built": null, "Primary_Use": null, "Square_Meters": 122.51, "Occupancy_Cap": 37 }, "geometry": { "type": "MultiPolygon", "coordinates": [ [ [ [ 7.7168686, 8.5696407 ], [ 7.7167996, 8.5696771 ], [ 7.7167384, 8.5695635 ], [ 7.7168073, 8.5695271 ], [ 7.7168686, 8.5696407 ] ] ] ] } },
{ "type": "Feature", "properties": { "fid": 6293, "Building_Name": null, "Building_ID": 6293, "Floor_Count": 2, "Building_Type": null, "Year_Built": null, "Primary_Use": null, "Square_Meters": 488.25, "Occupancy_Cap": 146 }, "geometry": { "type": "MultiPolygon", "coordinates": [ [ [ [ 7.7170481, 8.5703444 ], [ 7.7171456, 8.5703033 ], [ 7.7172958, 8.570651 ], [ 7.7171982, 8.5706922 ], [ 7.7170481, 8.5703444 ] ] ] ] } },
{ "type": "Feature", "properties": { "fid": 6298, "Building_Name": "School of Engineering", "Building_ID": 6298, "Floor_Count": 1, "Building_Type": "Academic", "Year_Built": null, "Primary_Use": "Academic", "Square_Meters": 86.15, "Occupancy_Cap": 52 }, "geometry": { "type": "MultiPolygon", "coordinates": [ [ [ [ 7.7226776, 8.5692332 ], [ 7.7225875, 8.5692314 ], [ 7.7225891, 8.5691529 ], [ 7.7226792, 8.5691547 ], [ 7.7226776, 8.5692332 ] ] ] ] } },
{ "type": "Feature", "properties": { "fid": 6310, "Building_Name": null, "Building_ID": 6310, "Floor_Count": 1, "Building_Type": null, "Year_Built": null, "Primary_Use": null, "Square_Meters": 492.5, "Occupancy_Cap": 148 }, "geometry": { "type": "MultiPolygon", "coordinates": [ [ [ [ 7.7128119, 8.5749361 ], [ 7.7128669, 8.5750367 ], [ 7.7125557, 8.5752032 ], [ 7.7125007, 8.5751027 ], [ 7.7128119, 8.5749361 ] ] ] ] } },
{ "type": "Feature", "properties": { "fid": 6346, "Building_Name": "Art and Industrial Design Complex", "Building_ID": 6346, "Floor_Count": 1, "Building_Type": null, "Year_Built": null, "Primary_Use": null, "Square_Meters": 442.2, "Occupancy_Cap": 133 }, "geometry": { "type": "MultiPolygon", "coordinates": [ [ [ [ 7.7182693, 8.5722664 ], [ 7.7181448, 8.5722955 ], [ 7.7180788, 8.5720192 ], [ 7.7182033, 8.5719901 ], [ 7.7182693, 8.5722664 ] ] ] ] } },
{ "type": "Feature", "properties": { "fid": 6359, "Building_Name": "New Administrative Complex", "Building_ID": 6359, "Floor_Count": 3, "Building_Type": null, "Year_Built": "2018-10-11", "Primary_Use": null, "Square_Meters": 1470.21, "Occupancy_Cap": 441 }, "geometry": { "type": "MultiPolygon", "coordinates": [ [ [ [ 7.7202165, 8.5756525 ], [ 7.7202906, 8.5759073 ], [ 7.7202063, 8.5759313 ], [ 7.7201778, 8.5758333 ], [ 7.7201333, 8.5758459 ], [ 7.7201724, 8.5759807 ], [ 7.7198875, 8.5760617 ], [ 7.7198028, 8.5757701 ], [ 7.7202165, 8.5756525 ] ] ] ] } },
{ "type": "Feature", "properties": { "fid": 6360, "Building_Name": null, "Building_ID": 6360, "Floor_Count": 2, "Building_Type": null, "Year_Built": null, "Primary_Use": null, "Square_Meters": 513.15, "Occupancy_Cap": 154 }, "geometry": { "type": "MultiPolygon", "coordinates": [ [ [ [ 7.717279, 8.5705335 ], [ 7.7176866, 8.5703543 ], [ 7.7177254, 8.5704407 ], [ 7.7173178, 8.5706198 ], [ 7.717279, 8.5705335 ] ] ] ] } },
{ "type": "Feature", "properties": { "fid": 6392, "Building_Name": "School of Environmental Academic Staff Complex", "Building_ID": 6392, "Floor_Count": 2, "Building_Type": null, "Year_Built": "2017-01-19", "Primary_Use": null, "Square_Meters": 1805.25, "Occupancy_Cap": 542 }, "geometry": { "type": "MultiPolygon", "coordinates": [ [ [ [ 7.7183353, 8.5739932 ], [ 7.7182519, 8.5736496 ], [ 7.718645, 8.5735563 ], [ 7.7186736, 8.5736742 ], [ 7.7186964, 8.5736688 ], [ 7.7187512, 8.5738944 ], [ 7.7183353, 8.5739932 ] ] ] ] } },
{ "type": "Feature", "properties": { "fid": 6408, "Building_Name": "Shop", "Building_ID": 6408, "Floor_Count": 1, "Building_Type": "Commercial", "Year_Built": null, "Primary_Use": "Commercial", "Square_Meters": 50.85, "Occupancy_Cap": 15 }, "geometry": { "type": "MultiPolygon", "coordinates": [ [ [ [ 7.7181902, 8.5700055 ], [ 7.7182057, 8.5700695 ], [ 7.718144, 8.5700841 ], [ 7.7181284, 8.5700202 ], [ 7.7181902, 8.5700055 ] ] ] ] } },
{ "type": "Feature", "properties": { "fid": 6445, "Building_Name": "School of General Studies Complex", "Building_ID": 6445, "Floor_Count": 2, "Building_Type": "Academic", "Year_Built": "2022-06-28", "Primary_Use": "Academic", "Square_Meters": 1576.15, "Occupancy_Cap": 946 }, "geometry": { "type": "MultiPolygon", "coordinates": [ [ [ [ 7.7200413, 8.5694975 ], [ 7.7196214, 8.5695454 ], [ 7.7195872, 8.5692523 ], [ 7.7197529, 8.5692334 ], [ 7.7197471, 8.5691836 ], [ 7.7198222, 8.569175 ], [ 7.7198274, 8.5692195 ], [ 7.7200064, 8.5691991 ], [ 7.7200413, 8.5694975 ] ] ] ] } },
{ "type": "Feature", "properties": { "fid": 6446, "Building_Name": null, "Building_ID": 6446, "Floor_Count": 1, "Building_Type": null, "Year_Built": null, "Primary_Use": null, "Square_Meters": 47.6, "Occupancy_Cap": 14 }, "geometry": { "type": "MultiPolygon", "coordinates": [ [ [ [ 7.7184187, 8.5733682 ], [ 7.7183368, 8.5733992 ], [ 7.7183207, 8.5733575 ], [ 7.7184026, 8.5733266 ], [ 7.7184187, 8.5733682 ] ] ] ] } },
{ "type": "Feature", "properties": { "fid": 6463, "Building_Name": null, "Building_ID": 6463, "Floor_Count": 1, "Building_Type": null, "Year_Built": null, "Primary_Use": null, "Square_Meters": 194.9, "Occupancy_Cap": 58 }, "geometry": { "type": "MultiPolygon", "coordinates": [ [ [ [ 7.7251549, 8.5744654 ], [ 7.7252406, 8.5744498 ], [ 7.7252787, 8.5746551 ], [ 7.725232, 8.5746636 ], [ 7.725222, 8.5746097 ], [ 7.7251831, 8.5746168 ], [ 7.7251549, 8.5744654 ] ] ] ] } },
{ "type": "Feature", "properties": { "fid": 6467, "Building_Name": null, "Building_ID": 6467, "Floor_Count": 1, "Building_Type": null, "Year_Built": null, "Primary_Use": null, "Square_Meters": 21.8, "Occupancy_Cap": 7 }, "geometry": { "type": "MultiPolygon", "coordinates": [ [ [ [ 7.7150814, 8.5698651 ], [ 7.7150915, 8.5698293 ], [ 7.7151379, 8.5698422 ], [ 7.7151277, 8.569878 ], [ 7.7150814, 8.5698651 ] ] ] ] } },
{ "type": "Feature", "properties": { "fid": 6509, "Building_Name": null, "Building_ID": 6509, "Floor_Count": 1, "Building_Type": null, "Year_Built": null, "Primary_Use": null, "Square_Meters": 30.16, "Occupancy_Cap": 9 }, "geometry": { "type": "MultiPolygon", "coordinates": [ [ [ [ 7.7116943, 8.5738148 ], [ 7.7116452, 8.5738295 ], [ 7.711631, 8.5737834 ], [ 7.7116802, 8.5737686 ], [ 7.7116943, 8.5738148 ] ] ] ] } },
{ "type": "Feature", "properties": { "fid": 6511, "Building_Name": null, "Building_ID": 6511, "Floor_Count": 1, "Building_Type": null, "Year_Built": null, "Primary_Use": null, "Square_Meters": 29.39, "Occupancy_Cap": 9 }, "geometry": { "type": "MultiPolygon", "coordinates": [ [ [ [ 7.7148542, 8.5693889 ], [ 7.7148937, 8.5693737 ], [ 7.7149147, 8.5694266 ], [ 7.7148751, 8.5694419 ], [ 7.7148542, 8.5693889 ] ] ] ] } },
{ "type": "Feature", "properties": { "fid": 6533, "Building_Name": null, "Building_ID": 6533, "Floor_Count": 2, "Building_Type": null, "Year_Built": null, "Primary_Use": null, "Square_Meters": 499.1, "Occupancy_Cap": 150 }, "geometry": { "type": "MultiPolygon", "coordinates": [ [ [ [ 7.7176194, 8.570029 ], [ 7.7177166, 8.5699875 ], [ 7.7178719, 8.5703428 ], [ 7.7177747, 8.5703844 ], [ 7.7176194, 8.570029 ] ] ] ] } },
{ "type": "Feature", "properties": { "fid": 6547, "Building_Name": null, "Building_ID": 6547, "Floor_Count": 1, "Building_Type": null, "Year_Built": null, "Primary_Use": null, "Square_Meters": 120.71, "Occupancy_Cap": 36 }, "geometry": { "type": "MultiPolygon", "coordinates": [ [ [ [ 7.7154676, 8.5703887 ], [ 7.7154109, 8.5704191 ], [ 7.7153366, 8.5702841 ], [ 7.7153932, 8.5702536 ], [ 7.7154676, 8.5703887 ] ] ] ] } },
{ "type": "Feature", "properties": { "fid": 6555, "Building_Name": "Shop", "Building_ID": 6555, "Floor_Count": 1, "Building_Type": "Commercial", "Year_Built": null, "Primary_Use": "Commercial", "Square_Meters": 22.89, "Occupancy_Cap": 7 }, "geometry": { "type": "MultiPolygon", "coordinates": [ [ [ [ 7.7201219, 8.5707187 ], [ 7.7200802, 8.5707282 ], [ 7.7200702, 8.5706854 ], [ 7.7201119, 8.5706759 ], [ 7.7201219, 8.5707187 ] ] ] ] } },
{ "type": "Feature", "properties": { "fid": 6562, "Building_Name": null, "Building_ID": 6562, "Floor_Count": 1, "Building_Type": null, "Year_Built": null, "Primary_Use": null, "Square_Meters": 18.4, "Occupancy_Cap": 6 }, "geometry": { "type": "MultiPolygon", "coordinates": [ [ [ [ 7.7193563, 8.5719935 ], [ 7.7193631, 8.5720321 ], [ 7.7193251, 8.5720386 ], [ 7.7193183, 8.572 ], [ 7.7193563, 8.5719935 ] ] ] ] } },
{ "type": "Feature", "properties": { "fid": 6571, "Building_Name": "School of Environmental", "Building_ID": 6571, "Floor_Count": 1, "Building_Type": "Academic", "Year_Built": null, "Primary_Use": "Academic", "Square_Meters": 102.57, "Occupancy_Cap": 62 }, "geometry": { "type": "MultiPolygon", "coordinates": [ [ [ [ 7.7174022, 8.5691105 ], [ 7.7175403, 8.5690476 ], [ 7.7175637, 8.569098 ], [ 7.7174257, 8.5691608 ], [ 7.7174022, 8.5691105 ] ] ] ] } },
{ "type": "Feature", "properties": { "fid": 6597, "Building_Name": "Shop", "Building_ID": 6597, "Floor_Count": 1, "Building_Type": "Commercial", "Year_Built": null, "Primary_Use": "Commercial", "Square_Meters": 15.8, "Occupancy_Cap": 5 }, "geometry": { "type": "MultiPolygon", "coordinates": [ [ [ [ 7.7190261, 8.5694846 ], [ 7.7190314, 8.569533 ], [ 7.7190049, 8.5695359 ], [ 7.7189996, 8.5694875 ], [ 7.7190261, 8.5694846 ] ] ] ] } },
{ "type": "Feature", "properties": { "fid": 6613, "Building_Name": null, "Building_ID": 6613, "Floor_Count": 1, "Building_Type": null, "Year_Built": null, "Primary_Use": null, "Square_Meters": 38.24, "Occupancy_Cap": 11 }, "geometry": { "type": "MultiPolygon", "coordinates": [ [ [ [ 7.7199807, 8.575584 ], [ 7.7199231, 8.5755868 ], [ 7.7199204, 8.5755324 ], [ 7.719978, 8.5755296 ], [ 7.7199807, 8.575584 ] ] ] ] } },
{ "type": "Feature", "properties": { "fid": 6624, "Building_Name": null, "Building_ID": 6624, "Floor_Count": 1, "Building_Type": null, "Year_Built": null, "Primary_Use": null, "Square_Meters": 83.95, "Occupancy_Cap": 25 }, "geometry": { "type": "MultiPolygon", "coordinates": [ [ [ [ 7.7183578, 8.573435 ], [ 7.7184403, 8.5734185 ], [ 7.7184567, 8.5734988 ], [ 7.7183742, 8.5735153 ], [ 7.7183578, 8.573435 ] ] ] ] } },
{ "type": "Feature", "properties": { "fid": 6625, "Building_Name": "Shop", "Building_ID": 6625, "Floor_Count": 1, "Building_Type": "Commercial", "Year_Built": null, "Primary_Use": "Commercial", "Square_Meters": 43.35, "Occupancy_Cap": 13 }, "geometry": { "type": "MultiPolygon", "coordinates": [ [ [ [ 7.7183252, 8.5700256 ], [ 7.7182506, 8.5700407 ], [ 7.7182411, 8.5699949 ], [ 7.7183157, 8.5699798 ], [ 7.7183252, 8.5700256 ] ] ] ] } },
{ "type": "Feature", "properties": { "fid": 6640, "Building_Name": null, "Building_ID": 6640, "Floor_Count": 1, "Building_Type": null, "Year_Built": null, "Primary_Use": null, "Square_Meters": 68.68, "Occupancy_Cap": 21 }, "geometry": { "type": "MultiPolygon", "coordinates": [ [ [ [ 7.7155404, 8.5707195 ], [ 7.7156049, 8.5706906 ], [ 7.7156382, 8.5707631 ], [ 7.7155738, 8.5707921 ], [ 7.7155404, 8.5707195 ] ] ] ] } },
{ "type": "Feature", "properties": { "fid": 6643, "Building_Name": "Shop", "Building_ID": 6643, "Floor_Count": 1, "Building_Type": "Commercial", "Year_Built": null, "Primary_Use": "Commercial", "Square_Meters": 21.31, "Occupancy_Cap": 6 }, "geometry": { "type": "MultiPolygon", "coordinates": [ [ [ [ 7.7201602, 8.5708274 ], [ 7.7201896, 8.5708257 ], [ 7.720193, 8.5708851 ], [ 7.7201636, 8.5708867 ], [ 7.7201602, 8.5708274 ] ] ] ] } },
{ "type": "Feature", "properties": { "fid": 6657, "Building_Name": null, "Building_ID": 6657, "Floor_Count": 1, "Building_Type": null, "Year_Built": null, "Primary_Use": null, "Square_Meters": 36.5, "Occupancy_Cap": 11 }, "geometry": { "type": "MultiPolygon", "coordinates": [ [ [ [ 7.7155929, 8.570328 ], [ 7.7156524, 8.5703006 ], [ 7.7156719, 8.570342 ], [ 7.7156124, 8.5703694 ], [ 7.7155929, 8.570328 ] ] ] ] } },
{ "type": "Feature", "properties": { "fid": 6668, "Building_Name": null, "Building_ID": 6668, "Floor_Count": 1, "Building_Type": null, "Year_Built": null, "Primary_Use": null, "Square_Meters": 533.06, "Occupancy_Cap": 160 }, "geometry": { "type": "MultiPolygon", "coordinates": [ [ [ [ 7.7167325, 8.5716765 ], [ 7.7168746, 8.5719766 ], [ 7.716755, 8.572032 ], [ 7.7166128, 8.5717319 ], [ 7.7167325, 8.5716765 ] ] ] ] } },
{ "type": "Feature", "properties": { "fid": 6670, "Building_Name": null, "Building_ID": 6670, "Floor_Count": 1, "Building_Type": null, "Year_Built": null, "Primary_Use": null, "Square_Meters": 31.95, "Occupancy_Cap": 10 }, "geometry": { "type": "MultiPolygon", "coordinates": [ [ [ [ 7.7156855, 8.5704427 ], [ 7.7157053, 8.5704852 ], [ 7.7156544, 8.5705084 ], [ 7.7156346, 8.5704658 ], [ 7.7156855, 8.5704427 ] ] ] ] } },
{ "type": "Feature", "properties": { "fid": 6778, "Building_Name": null, "Building_ID": 6778, "Floor_Count": 1, "Building_Type": null, "Year_Built": null, "Primary_Use": null, "Square_Meters": 19.12, "Occupancy_Cap": 6 }, "geometry": { "type": "MultiPolygon", "coordinates": [ [ [ [ 7.7044831, 8.5743226 ], [ 7.7044819, 8.5743677 ], [ 7.7044471, 8.5743668 ], [ 7.7044483, 8.5743217 ], [ 7.7044831, 8.5743226 ] ] ] ] } },
{ "type": "Feature", "properties": { "fid": 6869, "Building_Name": "Shop", "Building_ID": null, "Floor_Count": 1, "Building_Type": "Commercial", "Year_Built": null, "Primary_Use": "Commercial", "Square_Meters": 58.97, "Occupancy_Cap": 18 }, "geometry": { "type": "MultiPolygon", "coordinates": [ [ [ [ 7.71578503943574, 8.567836070288228 ], [ 7.715760355285532, 8.567769469656534 ], [ 7.715825558701177, 8.567746648461057 ], [ 7.715848845635336, 8.567813249092753 ], [ 7.71578503943574, 8.567836070288228 ] ] ] ] } },
{ "type": "Feature", "properties": { "fid": 6870, "Building_Name": "Shop", "Building_ID": null, "Floor_Count": 1, "Building_Type": "Commercial", "Year_Built": null, "Primary_Use": "Commercial", "Square_Meters": 57.15, "Occupancy_Cap": 17 }, "geometry": { "type": "MultiPolygon", "coordinates": [ [ [ [ 7.715916843483082, 8.56795343643639 ], [ 7.715885173252625, 8.56790499961334 ], [ 7.715952239623003, 8.567859357222387 ], [ 7.71598390985346, 8.567907794045439 ], [ 7.715916843483082, 8.56795343643639 ] ] ] ] } },
{ "type": "Feature", "properties": { "fid": 6871, "Building_Name": "Shop", "Building_ID": null, "Floor_Count": 1, "Building_Type": "Commercial", "Year_Built": null, "Primary_Use": "Commercial", "Square_Meters": 54.1, "Occupancy_Cap": 16 }, "geometry": { "type": "MultiPolygon", "coordinates": [ [ [ [ 7.716061222474868, 8.567882644156548 ], [ 7.716037004063343, 8.567838864720327 ], [ 7.716119905548949, 8.567798811193574 ], [ 7.716140398051009, 8.567842590629793 ], [ 7.716061222474868, 8.567882644156548 ] ] ] ] } },
{ "type": "Feature", "properties": { "fid": 6872, "Building_Name": null, "Building_ID": null, "Floor_Count": 1, "Building_Type": null, "Year_Built": null, "Primary_Use": null, "Square_Meters": 20.44, "Occupancy_Cap": 6 }, "geometry": { "type": "MultiPolygon", "coordinates": [ [ [ [ 7.715130676585871, 8.568471337852092 ], [ 7.715122293289574, 8.568440599099002 ], [ 7.715172593067357, 8.568429421370606 ], [ 7.715182839318388, 8.568460160123696 ], [ 7.715130676585871, 8.568471337852092 ] ] ] ] } },
{ "type": "Feature", "properties": { "fid": 6873, "Building_Name": null, "Building_ID": null, "Floor_Count": 1, "Building_Type": null, "Year_Built": null, "Primary_Use": null, "Square_Meters": 24.46, "Occupancy_Cap": 7 }, "geometry": { "type": "MultiPolygon", "coordinates": [ [ [ [ 7.715122293289574, 8.568440599099002 ], [ 7.715099006355414, 8.568394956708051 ], [ 7.715137196927436, 8.568378190115457 ], [ 7.715155826474763, 8.568426626938507 ], [ 7.715122293289574, 8.568440599099002 ] ] ] ] } },
{ "type": "Feature", "properties": { "fid": 6874, "Building_Name": null, "Building_ID": null, "Floor_Count": 1, "Building_Type": null, "Year_Built": null, "Primary_Use": null, "Square_Meters": 18.16, "Occupancy_Cap": 5 }, "geometry": { "type": "MultiPolygon", "coordinates": [ [ [ [ 7.715084684890905, 8.568388552801157 ], [ 7.715077000202633, 8.568357581178725 ], [ 7.715119382422802, 8.56834384188757 ], [ 7.715129628673832, 8.568375744987369 ], [ 7.715084684890905, 8.568388552801157 ] ] ] ] } },
{ "type": "Feature", "properties": { "fid": 6875, "Building_Name": null, "Building_ID": null, "Floor_Count": 1, "Building_Type": null, "Year_Built": null, "Primary_Use": null, "Square_Meters": 58.84, "Occupancy_Cap": 18 }, "geometry": { "type": "MultiPolygon", "coordinates": [ [ [ [ 7.715015988435137, 8.568287487506904 ], [ 7.714996893149126, 8.568239516422535 ], [ 7.71501785138987, 8.568233461819654 ], [ 7.715003879229374, 8.568199928634465 ], [ 7.715044864233494, 8.56818455925792 ], [ 7.715076534463951, 8.56826513205011 ], [ 7.715015988435137, 8.568287487506904 ] ] ] ] } },
{ "type": "Feature", "properties": { "fid": 6876, "Building_Name": null, "Building_ID": null, "Floor_Count": 1, "Building_Type": null, "Year_Built": null, "Primary_Use": null, "Square_Meters": 12.58, "Occupancy_Cap": 4 }, "geometry": { "type": "MultiPolygon", "coordinates": [ [ [ [ 7.714542332194338, 8.568909714387637 ], [ 7.714519510998862, 8.568892947795041 ], [ 7.714541866455655, 8.568863606258001 ], [ 7.714564221912448, 8.568882701544011 ], [ 7.714542332194338, 8.568909714387637 ] ] ] ] } },
{ "type": "Feature", "properties": { "fid": 6877, "Building_Name": null, "Building_ID": null, "Floor_Count": 1, "Building_Type": null, "Year_Built": null, "Primary_Use": null, "Square_Meters": 25.09, "Occupancy_Cap": 8 }, "geometry": { "type": "MultiPolygon", "coordinates": [ [ [ [ 7.71480035142482, 8.569234334249815 ], [ 7.714784516309592, 8.569205924190141 ], [ 7.714840870690257, 8.569176116914416 ], [ 7.714855308589436, 8.569205924190141 ], [ 7.71480035142482, 8.569234334249815 ] ] ] ] } },
{ "type": "Feature", "properties": { "fid": 6878, "Building_Name": null, "Building_ID": null, "Floor_Count": 1, "Building_Type": null, "Year_Built": null, "Primary_Use": null, "Square_Meters": 14.36, "Occupancy_Cap": 4 }, "geometry": { "type": "MultiPolygon", "coordinates": [ [ [ [ 7.714794762560622, 8.56916493918602 ], [ 7.714784516309592, 8.569133734694248 ], [ 7.714821775404246, 8.569125817136634 ], [ 7.71482969296186, 8.569155624412357 ], [ 7.714794762560622, 8.56916493918602 ] ] ] ] } },
{ "type": "Feature", "properties": { "fid": 6879, "Building_Name": null, "Building_ID": null, "Floor_Count": 1, "Building_Type": null, "Year_Built": null, "Primary_Use": null, "Square_Meters": 257.56, "Occupancy_Cap": 77 }, "geometry": { "type": "MultiPolygon", "coordinates": [ [ [ [ 7.716382931470271, 8.569472792455601 ], [ 7.716258113503178, 8.569264141525535 ], [ 7.716340083511418, 8.569221293566683 ], [ 7.716454189488799, 8.569427615803331 ], [ 7.716382931470271, 8.569472792455601 ] ] ] ] } },
{ "type": "Feature", "properties": { "fid": 6880, "Building_Name": "Shop", "Building_ID": null, "Floor_Count": 1, "Building_Type": "Commercial", "Year_Built": null, "Primary_Use": "Commercial", "Square_Meters": 23.93, "Occupancy_Cap": 7 }, "geometry": { "type": "MultiPolygon", "coordinates": [ [ [ [ 7.716008477568988, 8.567493868790757 ], [ 7.715999162795325, 8.567459404128201 ], [ 7.716051325527841, 8.567445431967705 ], [ 7.716059708824138, 8.567482691062359 ], [ 7.716008477568988, 8.567493868790757 ] ] ] ] } },
{ "type": "Feature", "properties": { "fid": 6881, "Building_Name": "Shop", "Building_ID": null, "Floor_Count": 1, "Building_Type": "Commercial", "Year_Built": null, "Primary_Use": "Commercial", "Square_Meters": 39.65, "Occupancy_Cap": 12 }, "geometry": { "type": "MultiPolygon", "coordinates": [ [ [ [ 7.715939548243878, 8.567400721054121 ], [ 7.715924644606015, 8.567356010140534 ], [ 7.715996368363226, 8.56733924354794 ], [ 7.716004751659523, 8.567383954461526 ], [ 7.715939548243878, 8.567400721054121 ] ] ] ] } },
{ "type": "Feature", "properties": { "fid": 6882, "Building_Name": "Church", "Building_ID": null, "Floor_Count": 1, "Building_Type": "Worship", "Year_Built": null, "Primary_Use": "Worship", "Square_Meters": 739.48, "Occupancy_Cap": 666 }, "geometry": { "type": "MultiPolygon", "coordinates": [ [ [ [ 7.720556881548948, 8.563751192732704 ], [ 7.720504718816431, 8.56377261671213 ], [ 7.72045628199338, 8.563664565337632 ], [ 7.720204783104461, 8.563781931485794 ], [ 7.720290479022167, 8.563965432526967 ], [ 7.720571785186809, 8.563840614559874 ], [ 7.720556881548948, 8.56380335546522 ], [ 7.720577374051008, 8.563790314782091 ], [ 7.720556881548948, 8.563751192732704 ] ] ] ] } },
{ "type": "Feature", "properties": { "fid": 6883, "Building_Name": "Old Entrepreneurship Center", "Building_ID": null, "Floor_Count": 1, "Building_Type": "Academic", "Year_Built": null, "Primary_Use": "Academic", "Square_Meters": 18.79, "Occupancy_Cap": 11 }, "geometry": { "type": "MultiPolygon", "coordinates": [ [ [ [ 7.724805116947595, 8.56485592488921 ], [ 7.724820952062823, 8.564818898663896 ], [ 7.724856348202745, 8.564834966648466 ], [ 7.72483958161015, 8.564871527135097 ], [ 7.724805116947595, 8.56485592488921 ] ] ] ] } },
{ "type": "Feature", "properties": { "fid": 6884, "Building_Name": "Old Entrepreneurship Center", "Building_ID": null, "Floor_Count": 1, "Building_Type": "Academic", "Year_Built": null, "Primary_Use": "Academic", "Square_Meters": 17.22, "Occupancy_Cap": 10 }, "geometry": { "type": "MultiPolygon", "coordinates": [ [ [ [ 7.724950194547406, 8.564606288955023 ], [ 7.724957879235679, 8.564569029860367 ], [ 7.724995604069016, 8.564577413156664 ], [ 7.72498442634062, 8.564614439381979 ], [ 7.724950194547406, 8.564606288955023 ] ] ] ] } },
{ "type": "Feature", "properties": { "fid": 6885, "Building_Name": null, "Building_ID": null, "Floor_Count": 1, "Building_Type": null, "Year_Built": null, "Primary_Use": null, "Square_Meters": 28.06, "Occupancy_Cap": 8 }, "geometry": { "type": "MultiPolygon", "coordinates": [ [ [ [ 7.715621681592597, 8.57043267988162 ], [ 7.715604449261319, 8.570396352264332 ], [ 7.715662200858033, 8.570374928284906 ], [ 7.71567477580248, 8.570409858686144 ], [ 7.715621681592597, 8.57043267988162 ] ] ] ] } },
{ "type": "Feature", "properties": { "fid": 6886, "Building_Name": null, "Building_ID": null, "Floor_Count": 1, "Building_Type": null, "Year_Built": null, "Primary_Use": null, "Square_Meters": 39.55, "Occupancy_Cap": 12 }, "geometry": { "type": "MultiPolygon", "coordinates": [ [ [ [ 7.715731130183142, 8.570919376805545 ], [ 7.715733924615241, 8.570888172313772 ], [ 7.715705048816885, 8.570889103791139 ], [ 7.715706911771617, 8.570842995661502 ], [ 7.715746499559688, 8.570847187309653 ], [ 7.71576885501648, 8.570899350042168 ], [ 7.715767457800431, 8.570921239760278 ], [ 7.715731130183142, 8.570919376805545 ] ] ] ] } },
{ "type": "Feature", "properties": { "fid": 6887, "Building_Name": null, "Building_ID": null, "Floor_Count": 1, "Building_Type": null, "Year_Built": null, "Primary_Use": null, "Square_Meters": 8.44, "Occupancy_Cap": 3 }, "geometry": { "type": "MultiPolygon", "coordinates": [ [ [ [ 7.715780032744877, 8.570960361809664 ], [ 7.715766526323065, 8.570929157317892 ], [ 7.715787018825124, 8.570922636976327 ], [ 7.715799128030887, 8.570951512774684 ], [ 7.715780032744877, 8.570960361809664 ] ] ] ] } },
{ "type": "Feature", "properties": { "fid": 6888, "Building_Name": null, "Building_ID": null, "Floor_Count": 1, "Building_Type": null, "Year_Built": null, "Primary_Use": null, "Square_Meters": 44.29, "Occupancy_Cap": 13 }, "geometry": { "type": "MultiPolygon", "coordinates": [ [ [ [ 7.71580844280455, 8.571057235455767 ], [ 7.715798196553521, 8.571027893918727 ], [ 7.715809374281917, 8.571024168009261 ], [ 7.715795867860105, 8.570993429256172 ], [ 7.715841044512373, 8.57097247101543 ], [ 7.715857345366284, 8.57100297689918 ], [ 7.71585385232616, 8.571007867155354 ], [ 7.715865030054558, 8.571035636824339 ], [ 7.71580844280455, 8.571057235455767 ] ] ] ] } },
{ "type": "Feature", "properties": { "fid": 6889, "Building_Name": null, "Building_ID": null, "Floor_Count": 1, "Building_Type": null, "Year_Built": null, "Primary_Use": null, "Square_Meters": 15.34, "Occupancy_Cap": 5 }, "geometry": { "type": "MultiPolygon", "coordinates": [ [ [ [ 7.715619585768518, 8.572406829724962 ], [ 7.715604682130656, 8.572376090971872 ], [ 7.715641941225311, 8.572362118811377 ], [ 7.715651255998974, 8.572395651996565 ], [ 7.715619585768518, 8.572406829724962 ] ] ] ] } },
{ "type": "Feature", "properties": { "fid": 6890, "Building_Name": null, "Building_ID": null, "Floor_Count": 1, "Building_Type": null, "Year_Built": null, "Primary_Use": null, "Square_Meters": 18.71, "Occupancy_Cap": 6 }, "geometry": { "type": "MultiPolygon", "coordinates": [ [ [ [ 7.715804018287058, 8.572138098504766 ], [ 7.715793306297345, 8.572102236626161 ], [ 7.715831031130683, 8.572088730204349 ], [ 7.715841277381712, 8.572128317992419 ], [ 7.715804018287058, 8.572138098504766 ] ] ] ] } },
{ "type": "Feature", "properties": { "fid": 6891, "Building_Name": null, "Building_ID": null, "Floor_Count": 1, "Building_Type": null, "Year_Built": null, "Primary_Use": null, "Square_Meters": 51.85, "Occupancy_Cap": 16 }, "geometry": { "type": "MultiPolygon", "coordinates": [ [ [ [ 7.715875742044267, 8.572127852253736 ], [ 7.715849194939326, 8.572084538556201 ], [ 7.715916727048388, 8.572040293381297 ], [ 7.715945602846745, 8.572086401510933 ], [ 7.715875742044267, 8.572127852253736 ] ] ] ] } },
{ "type": "Feature", "properties": { "fid": 6892, "Building_Name": null, "Building_ID": null, "Floor_Count": 1, "Building_Type": null, "Year_Built": null, "Primary_Use": null, "Square_Meters": 25.03, "Occupancy_Cap": 8 }, "geometry": { "type": "MultiPolygon", "coordinates": [ [ [ [ 7.716712674457944, 8.572119468957434 ], [ 7.716691250478518, 8.572078483953314 ], [ 7.716732235482638, 8.572059854405987 ], [ 7.716752727984698, 8.57210130514879 ], [ 7.716712674457944, 8.572119468957434 ] ] ] ] } },
{ "type": "Feature", "properties": { "fid": 6893, "Building_Name": null, "Building_ID": null, "Floor_Count": 1, "Building_Type": null, "Year_Built": null, "Primary_Use": null, "Square_Meters": 10.99, "Occupancy_Cap": 3 }, "geometry": { "type": "MultiPolygon", "coordinates": [ [ [ [ 7.71304614667459, 8.574459107232396 ], [ 7.713036133292902, 8.574428135609965 ], [ 7.713062447528501, 8.574419985183008 ], [ 7.71307246091019, 8.574451655413466 ], [ 7.71304614667459, 8.574459107232396 ] ] ] ] } },
{ "type": "Feature", "properties": { "fid": 6894, "Building_Name": null, "Building_ID": null, "Floor_Count": 1, "Building_Type": null, "Year_Built": null, "Primary_Use": null, "Square_Meters": 13.8, "Occupancy_Cap": 4 }, "geometry": { "type": "MultiPolygon", "coordinates": [ [ [ [ 7.713030078690021, 8.57442743700194 ], [ 7.713016572268208, 8.574391109384651 ], [ 7.713044050850516, 8.574379931656255 ], [ 7.713056625794962, 8.574417190750909 ], [ 7.713030078690021, 8.57442743700194 ] ] ] ] } },
{ "type": "Feature", "properties": { "fid": 6895, "Building_Name": null, "Building_ID": null, "Floor_Count": 1, "Building_Type": null, "Year_Built": null, "Primary_Use": null, "Square_Meters": 38.81, "Occupancy_Cap": 12 }, "geometry": { "type": "MultiPolygon", "coordinates": [ [ [ [ 7.713393121993557, 8.574103981486472 ], [ 7.713373560968864, 8.574053681708689 ], [ 7.713429449610846, 8.574033189206627 ], [ 7.713448079158173, 8.574083954723095 ], [ 7.713393121993557, 8.574103981486472 ] ] ] ] } },
{ "type": "Feature", "properties": { "fid": 6896, "Building_Name": null, "Building_ID": null, "Floor_Count": 1, "Building_Type": null, "Year_Built": null, "Primary_Use": null, "Square_Meters": 12.31, "Occupancy_Cap": 4 }, "geometry": { "type": "MultiPolygon", "coordinates": [ [ [ [ 7.71332768570857, 8.574563199828088 ], [ 7.713322329713713, 8.574533625421706 ], [ 7.713357725853635, 8.574528269426848 ], [ 7.713359588808368, 8.57455761096389 ], [ 7.71332768570857, 8.574563199828088 ] ] ] ] } },
{ "type": "Feature", "properties": { "fid": 6897, "Building_Name": "Staff Quaters", "Building_ID": null, "Floor_Count": 1, "Building_Type": "Residential", "Year_Built": null, "Primary_Use": "Residential", "Square_Meters": 25.36, "Occupancy_Cap": 3 }, "geometry": { "type": "MultiPolygon", "coordinates": [ [ [ [ 7.712841454523324, 8.566869196781912 ], [ 7.712841454523324, 8.566821691436227 ], [ 7.71288616543691, 8.566823554390959 ], [ 7.712887096914276, 8.566868265304546 ], [ 7.712841454523324, 8.566869196781912 ] ] ] ] } },
{ "type": "Feature", "properties": { "fid": 6898, "Building_Name": "Staff Quaters", "Building_ID": null, "Floor_Count": 1, "Building_Type": "Residential", "Year_Built": null, "Primary_Use": "Residential", "Square_Meters": 9.9, "Occupancy_Cap": 1 }, "geometry": { "type": "MultiPolygon", "coordinates": [ [ [ [ 7.713004463062439, 8.567145379821042 ], [ 7.713003531585072, 8.567113709590586 ], [ 7.71302961295133, 8.567113709590586 ], [ 7.713030078690013, 8.567144914082359 ], [ 7.713004463062439, 8.567145379821042 ] ] ] ] } },
{ "type": "Feature", "properties": { "fid": 6899, "Building_Name": "Staff Quaters", "Building_ID": null, "Floor_Count": 1, "Building_Type": "Residential", "Year_Built": null, "Primary_Use": "Residential", "Square_Meters": 13.5, "Occupancy_Cap": 2 }, "geometry": { "type": "MultiPolygon", "coordinates": [ [ [ [ 7.713150705008957, 8.56746580803507 ], [ 7.713150472139615, 8.567433904935271 ], [ 7.713115774607718, 8.567437165106053 ], [ 7.713116240346401, 8.567469301075194 ], [ 7.713150705008957, 8.56746580803507 ] ] ] ] } },
{ "type": "Feature", "properties": { "fid": 6900, "Building_Name": "Staff Quaters", "Building_ID": null, "Floor_Count": 1, "Building_Type": "Residential", "Year_Built": null, "Primary_Use": "Residential", "Square_Meters": 45.68, "Occupancy_Cap": 5 }, "geometry": { "type": "MultiPolygon", "coordinates": [ [ [ [ 7.713252701780573, 8.567375454730531 ], [ 7.713252701780573, 8.567330743816944 ], [ 7.713336069004863, 8.56733307251036 ], [ 7.713335836135522, 8.567378482031971 ], [ 7.713252701780573, 8.567375454730531 ] ] ] ] } },
{ "type": "Feature", "properties": { "fid": 6901, "Building_Name": "Works Department", "Building_ID": null, "Floor_Count": 1, "Building_Type": "Administrative", "Year_Built": null, "Primary_Use": "Administrative", "Square_Meters": 32.12, "Occupancy_Cap": 5 }, "geometry": { "type": "MultiPolygon", "coordinates": [ [ [ [ 7.712989792293916, 8.567890095975446 ], [ 7.712986997861817, 8.567837001765563 ], [ 7.713040557810382, 8.567837467504246 ], [ 7.713039626333016, 8.567886370065981 ], [ 7.712989792293916, 8.567890095975446 ] ] ] ] } },
{ "type": "Feature", "properties": { "fid": 6902, "Building_Name": "Staff Quaters", "Building_ID": null, "Floor_Count": 1, "Building_Type": "Residential", "Year_Built": null, "Primary_Use": "Residential", "Square_Meters": 13.84, "Occupancy_Cap": 2 }, "geometry": { "type": "MultiPolygon", "coordinates": [ [ [ [ 7.712263239948152, 8.567439028060784 ], [ 7.712263239948152, 8.567415042518601 ], [ 7.712308882339104, 8.567415275387942 ], [ 7.712307950861738, 8.567441589623542 ], [ 7.712263239948152, 8.567439028060784 ] ] ] ] } },
{ "type": "Feature", "properties": { "fid": 6903, "Building_Name": "Shop", "Building_ID": null, "Floor_Count": 1, "Building_Type": "Commercial", "Year_Built": null, "Primary_Use": "Commercial", "Square_Meters": 92.01, "Occupancy_Cap": 28 }, "geometry": { "type": "MultiPolygon", "coordinates": [ [ [ [ 7.718295487372728, 8.57029819783684 ], [ 7.718257296800707, 8.570315430168117 ], [ 7.718313185442689, 8.570444905522042 ], [ 7.718295953111411, 8.570452823079657 ], [ 7.718306665101125, 8.570480301661965 ], [ 7.71836162226574, 8.570460274898588 ], [ 7.718295487372728, 8.57029819783684 ] ] ] ] } },
{ "type": "Feature", "properties": { "fid": 6904, "Building_Name": "Shop", "Building_ID": null, "Floor_Count": 1, "Building_Type": "Commercial", "Year_Built": null, "Primary_Use": "Commercial", "Square_Meters": 43.68, "Occupancy_Cap": 13 }, "geometry": { "type": "MultiPolygon", "coordinates": [ [ [ [ 7.718373731471504, 8.570279568289511 ], [ 7.71835556766286, 8.570225076863577 ], [ 7.718416579430357, 8.57020644731625 ], [ 7.718432414545584, 8.570261404480867 ], [ 7.718373731471504, 8.570279568289511 ] ] ] ] } },
{ "type": "Feature", "properties": { "fid": 6905, "Building_Name": "Shop", "Building_ID": null, "Floor_Count": 1, "Building_Type": "Commercial", "Year_Built": null, "Primary_Use": "Commercial", "Square_Meters": 47.17, "Occupancy_Cap": 14 }, "geometry": { "type": "MultiPolygon", "coordinates": [ [ [ [ 7.718770540829572, 8.570154750322418 ], [ 7.718738404860433, 8.570105847760683 ], [ 7.718795224979782, 8.570070451620762 ], [ 7.718825963732871, 8.570120751398544 ], [ 7.718770540829572, 8.570154750322418 ] ] ] ] } },
{ "type": "Feature", "properties": { "fid": 6906, "Building_Name": "Shop", "Building_ID": null, "Floor_Count": 1, "Building_Type": "Commercial", "Year_Built": null, "Primary_Use": "Commercial", "Square_Meters": 19.42, "Occupancy_Cap": 6 }, "geometry": { "type": "MultiPolygon", "coordinates": [ [ [ [ 7.71882875816497, 8.570104916283316 ], [ 7.718797553673197, 8.570056945198949 ], [ 7.718821772084723, 8.570041575822405 ], [ 7.718851521143113, 8.570089663341445 ], [ 7.71882875816497, 8.570104916283316 ] ] ] ] } },
{ "type": "Feature", "properties": { "fid": 6907, "Building_Name": "Shop", "Building_ID": null, "Floor_Count": 1, "Building_Type": "Commercial", "Year_Built": null, "Primary_Use": "Commercial", "Square_Meters": 20.59, "Occupancy_Cap": 6 }, "geometry": { "type": "MultiPolygon", "coordinates": [ [ [ [ 7.718858565440694, 8.570101830764543 ], [ 7.718829340338323, 8.570048969424001 ], [ 7.718856120312606, 8.57003557943686 ], [ 7.718881852374852, 8.570088790081408 ], [ 7.718858565440694, 8.570101830764543 ] ] ] ] } },
{ "type": "Feature", "properties": { "fid": 6908, "Building_Name": "Shop", "Building_ID": null, "Floor_Count": 1, "Building_Type": "Commercial", "Year_Built": null, "Primary_Use": "Commercial", "Square_Meters": 11.11, "Occupancy_Cap": 3 }, "geometry": { "type": "MultiPolygon", "coordinates": [ [ [ [ 7.718917597818784, 8.570059564979044 ], [ 7.718906652959729, 8.570030223442004 ], [ 7.718933665803355, 8.570020210060314 ], [ 7.718946473617143, 8.570046291426573 ], [ 7.718917597818784, 8.570059564979044 ] ] ] ] } },
{ "type": "Feature", "properties": { "fid": 6909, "Building_Name": "Shop", "Building_ID": null, "Floor_Count": 1, "Building_Type": "Commercial", "Year_Built": null, "Primary_Use": "Commercial", "Square_Meters": 12.08, "Occupancy_Cap": 4 }, "geometry": { "type": "MultiPolygon", "coordinates": [ [ [ [ 7.718758548058477, 8.569903076781493 ], [ 7.71876041101321, 8.56987187228972 ], [ 7.718791615504983, 8.56987466672182 ], [ 7.718790684027617, 8.569905871213592 ], [ 7.718758548058477, 8.569903076781493 ] ] ] ] } },
{ "type": "Feature", "properties": { "fid": 6910, "Building_Name": "Shop", "Building_ID": null, "Floor_Count": 1, "Building_Type": "Commercial", "Year_Built": null, "Primary_Use": "Commercial", "Square_Meters": 22.38, "Occupancy_Cap": 7 }, "geometry": { "type": "MultiPolygon", "coordinates": [ [ [ [ 7.718793944198399, 8.569882584279434 ], [ 7.718797204369181, 8.569924035022236 ], [ 7.718842381021449, 8.569918911896721 ], [ 7.718836326418568, 8.569877461153919 ], [ 7.718793944198399, 8.569882584279434 ] ] ] ] } },
{ "type": "Feature", "properties": { "fid": 6911, "Building_Name": "Shop", "Building_ID": null, "Floor_Count": 1, "Building_Type": "Commercial", "Year_Built": null, "Primary_Use": "Commercial", "Square_Meters": 13.13, "Occupancy_Cap": 4 }, "geometry": { "type": "MultiPolygon", "coordinates": [ [ [ [ 7.718579704404135, 8.570004142075748 ], [ 7.718577841449402, 8.569975266277389 ], [ 7.718613703328007, 8.56997247184529 ], [ 7.718617429237472, 8.570001813382332 ], [ 7.718579704404135, 8.570004142075748 ] ] ] ] } },
{ "type": "Feature", "properties": { "fid": 6912, "Building_Name": "Shop", "Building_ID": null, "Floor_Count": 1, "Building_Type": "Commercial", "Year_Built": null, "Primary_Use": "Commercial", "Square_Meters": 12.18, "Occupancy_Cap": 4 }, "geometry": { "type": "MultiPolygon", "coordinates": [ [ [ [ 7.718340780459662, 8.570106604586048 ], [ 7.718332397163365, 8.570077263049006 ], [ 7.718364067393821, 8.570070742707442 ], [ 7.718373382167485, 8.570100084244482 ], [ 7.718340780459662, 8.570106604586048 ] ] ] ] } },
{ "type": "Feature", "properties": { "fid": 6913, "Building_Name": "Shop", "Building_ID": null, "Floor_Count": 1, "Building_Type": "Commercial", "Year_Built": null, "Primary_Use": "Commercial", "Square_Meters": 12.17, "Occupancy_Cap": 4 }, "geometry": { "type": "MultiPolygon", "coordinates": [ [ [ [ 7.718394573277569, 8.570043729863819 ], [ 7.718388984413371, 8.570014388326777 ], [ 7.718421353251852, 8.570009265201262 ], [ 7.718426709246708, 8.570040469693037 ], [ 7.718394573277569, 8.570043729863819 ] ] ] ] } },
{ "type": "Feature", "properties": { "fid": 6914, "Building_Name": "Shop", "Building_ID": null, "Floor_Count": 1, "Building_Type": "Commercial", "Year_Built": null, "Primary_Use": "Commercial", "Square_Meters": 25.64, "Occupancy_Cap": 8 }, "geometry": { "type": "MultiPolygon", "coordinates": [ [ [ [ 7.718212120148432, 8.570083666955901 ], [ 7.718204202590818, 8.570024983881819 ], [ 7.718238434384032, 8.570019860756304 ], [ 7.718249379243087, 8.570075516528945 ], [ 7.718212120148432, 8.570083666955901 ] ] ] ] } },
{ "type": "Feature", "properties": { "fid": 6915, "Building_Name": "Hostel", "Building_ID": null, "Floor_Count": 1, "Building_Type": "Residential", "Year_Built": null, "Primary_Use": "Residential", "Square_Meters": 1073.51, "Occupancy_Cap": 129 }, "geometry": { "type": "MultiPolygon", "coordinates": [ [ [ [ 7.716975650001654, 8.562689044583916 ], [ 7.716979559091003, 8.562458408312352 ], [ 7.717373725600312, 8.562465574976159 ], [ 7.717371119540746, 8.56270012033707 ], [ 7.717333983191935, 8.562698817307286 ], [ 7.717333983191935, 8.562688393069024 ], [ 7.717014089380248, 8.56267796883076 ], [ 7.717014089380248, 8.562688393069024 ], [ 7.716975650001654, 8.562689044583916 ] ] ] ] } },
{ "type": "Feature", "properties": { "fid": 6916, "Building_Name": "New Entrepreneurship Center", "Building_ID": null, "Floor_Count": 1, "Building_Type": "Academic", "Year_Built": null, "Primary_Use": "Academic", "Square_Meters": 309.9, "Occupancy_Cap": 186 }, "geometry": { "type": "MultiPolygon", "coordinates": [ [ [ [ 7.714050999654074, 8.564983680031499 ], [ 7.714174787483444, 8.564978467912368 ], [ 7.714164363245182, 8.564775195266245 ], [ 7.714034060266897, 8.564788225564074 ], [ 7.714050999654074, 8.564983680031499 ] ] ] ] } },
{ "type": "Feature", "properties": { "fid": 6917, "Building_Name": null, "Building_ID": null, "Floor_Count": null, "Building_Type": null, "Year_Built": null, "Primary_Use": null, "Square_Meters": 1582.38, "Occupancy_Cap": 475 }, "geometry": { "type": "MultiPolygon", "coordinates": [ [ [ [ 7.718014641972771, 8.572756082477019 ], [ 7.717919754110472, 8.572456820757459 ], [ 7.718321202758663, 8.572347334762497 ], [ 7.718405142021466, 8.572657545081555 ], [ 7.718014641972771, 8.572756082477019 ] ] ] ] } },
{ "type": "Feature", "properties": { "fid": 6918, "Building_Name": "School Medical Centre", "Building_ID": 3293, "Floor_Count": 1, "Building_Type": "Administrative", "Year_Built": null, "Primary_Use": "Administrative", "Square_Meters": 1044.03, "Occupancy_Cap": 157 }, "geometry": { "type": "MultiPolygon", "coordinates": [ [ [ [ 7.7162503, 8.5638012 ], [ 7.7162513, 8.5638436 ], [ 7.7163236, 8.563842 ], [ 7.7163227, 8.5637995 ], [ 7.7164567, 8.5637966 ], [ 7.7164527, 8.5636189 ], [ 7.716391, 8.5636203 ], [ 7.7163917, 8.5636521 ], [ 7.7162939, 8.5636543 ], [ 7.71629, 8.5634794 ], [ 7.7162403, 8.5634805 ], [ 7.7162439, 8.5636369 ], [ 7.7161125, 8.5636398 ], [ 7.7161162, 8.5638042 ], [ 7.7162503, 8.5638012 ] ] ], [ [ [ 7.7162954, 8.5634729 ], [ 7.7162977, 8.5635657 ], [ 7.7165121, 8.5635605 ], [ 7.7165098, 8.5634677 ], [ 7.7162954, 8.5634729 ] ] ] ] } },
{ "type": "Feature", "properties": { "fid": 6919, "Building_Name": "Hospitality Management Complex", "Building_ID": 5174, "Floor_Count": 1, "Building_Type": null, "Year_Built": "2017-07-19", "Primary_Use": null, "Square_Meters": 1171.92, "Occupancy_Cap": 352 }, "geometry": { "type": "MultiPolygon", "coordinates": [ [ [ [ 7.7153258, 8.5714067 ], [ 7.7154636, 8.5713365 ], [ 7.7154352, 8.571282 ], [ 7.7152974, 8.5713522 ], [ 7.7153258, 8.5714067 ] ] ], [ [ [ 7.7156491, 8.5713161 ], [ 7.7156821, 8.5713842 ], [ 7.7158173, 8.57132 ], [ 7.7157843, 8.571252 ], [ 7.7156491, 8.5713161 ] ] ], [ [ [ 7.7155089, 8.5713993 ], [ 7.7155397, 8.5714762 ], [ 7.7155837, 8.571459 ], [ 7.7155878, 8.5714692 ], [ 7.7156875, 8.5714301 ], [ 7.7156527, 8.571343 ], [ 7.7155089, 8.5713993 ] ] ], [ [ [ 7.7157335, 8.57113 ], [ 7.71559, 8.5711832 ], [ 7.7156182, 8.5712576 ], [ 7.7157617, 8.5712045 ], [ 7.7157335, 8.57113 ] ] ], [ [ [ 7.7155593, 8.5713568 ], [ 7.7155677, 8.5713741 ], [ 7.7156527, 8.5713337 ], [ 7.7156433, 8.5713143 ], [ 7.7156673, 8.571303 ], [ 7.7156431, 8.5712533 ], [ 7.7154514, 8.5713445 ], [ 7.7154755, 8.571394 ], [ 7.7154951, 8.5713847 ], [ 7.7154779, 8.5713493 ], [ 7.715592, 8.571295 ], [ 7.7156103, 8.5713326 ], [ 7.7155593, 8.5713568 ] ] ], [ [ [ 7.7156025, 8.5712547 ], [ 7.7154962, 8.571063 ], [ 7.7153766, 8.5711279 ], [ 7.7154829, 8.5713196 ], [ 7.7156025, 8.5712547 ] ] ], [ [ [ 7.7153511, 8.5714588 ], [ 7.7153802, 8.5715246 ], [ 7.7155185, 8.5714649 ], [ 7.7154894, 8.5713991 ], [ 7.7153511, 8.5714588 ] ] ] ] } },
{ "type": "Feature", "properties": { "fid": 6920, "Building_Name": "School of Applied Science Complex", "Building_ID": 6347, "Floor_Count": 2, "Building_Type": null, "Year_Built": "2006-02-14", "Primary_Use": null, "Square_Meters": 3015.35, "Occupancy_Cap": 905 }, "geometry": { "type": "MultiPolygon", "coordinates": [ [ [ [ 7.715729, 8.5726786 ], [ 7.7157577, 8.5726643 ], [ 7.7157847, 8.5727172 ], [ 7.7160436, 8.5725883 ], [ 7.7160092, 8.5725206 ], [ 7.7161248, 8.5724631 ], [ 7.7160763, 8.5723679 ], [ 7.7161062, 8.572353 ], [ 7.7161881, 8.5725138 ], [ 7.7162395, 8.5724882 ], [ 7.7161512, 8.5723147 ], [ 7.7164401, 8.5721709 ], [ 7.7164487, 8.5721879 ], [ 7.7163652, 8.5722294 ], [ 7.7163997, 8.5722971 ], [ 7.7163462, 8.5723237 ], [ 7.7163839, 8.5723978 ], [ 7.7166429, 8.5722689 ], [ 7.7166105, 8.5722055 ], [ 7.7166384, 8.5721916 ], [ 7.7165414, 8.5720011 ], [ 7.7161883, 8.5721769 ], [ 7.7162001, 8.5722001 ], [ 7.7159626, 8.5723184 ], [ 7.7159572, 8.5723078 ], [ 7.7156811, 8.5724452 ], [ 7.7156919, 8.5724663 ], [ 7.7156353, 8.5724945 ], [ 7.715729, 8.5726786 ] ] ], [ [ [ 7.7162087, 8.5722917 ], [ 7.7162353, 8.5723614 ], [ 7.7161947, 8.5723765 ], [ 7.7162089, 8.5724137 ], [ 7.7163588, 8.5723578 ], [ 7.7163181, 8.5722509 ], [ 7.7162087, 8.5722917 ] ] ] ] } },
{ "type": "Feature", "properties": { "fid": 6921, "Building_Name": "Polytechnic Library", "Building_ID": 5668, "Floor_Count": 1, "Building_Type": "Academic", "Year_Built": "1992-11-06", "Primary_Use": "Academic", "Square_Meters": 1149.72, "Occupancy_Cap": 690 }, "geometry": { "type": "MultiPolygon", "coordinates": [ [ [ [ 7.7185244, 8.5692601 ], [ 7.7185235, 8.5692177 ], [ 7.7184189, 8.5692201 ], [ 7.7184199, 8.5692625 ], [ 7.7185244, 8.5692601 ] ] ], [ [ [ 7.7186046, 8.5693799 ], [ 7.718551, 8.5693813 ], [ 7.7185482, 8.5692779 ], [ 7.7184018, 8.5692817 ], [ 7.7184057, 8.5694288 ], [ 7.7186057, 8.5694236 ], [ 7.7186046, 8.5693799 ] ] ], [ [ [ 7.7184483, 8.5695902 ], [ 7.7185136, 8.5695877 ], [ 7.7185163, 8.5696565 ], [ 7.7186144, 8.5696527 ], [ 7.7186086, 8.5695044 ], [ 7.7184158, 8.5695118 ], [ 7.7184126, 8.5694311 ], [ 7.7182091, 8.5694389 ], [ 7.7182144, 8.5695753 ], [ 7.7184474, 8.5695663 ], [ 7.7184483, 8.5695902 ] ] ], [ [ [ 7.71856, 8.5694905 ], [ 7.7186133, 8.5694949 ], [ 7.718617, 8.5694515 ], [ 7.7185637, 8.5694471 ], [ 7.71856, 8.5694905 ] ] ], [ [ [ 7.7184186, 8.569439 ], [ 7.718421, 8.5695079 ], [ 7.718555, 8.5695033 ], [ 7.7185526, 8.5694344 ], [ 7.7184186, 8.569439 ] ] ], [ [ [ 7.7182029, 8.5694226 ], [ 7.7182049, 8.5695327 ], [ 7.7181567, 8.5695336 ], [ 7.7181546, 8.5694235 ], [ 7.7182029, 8.5694226 ] ] ] ] } },
{ "type": "Feature", "properties": { "fid": 6922, "Building_Name": "School of Environmental Deanery Complex", "Building_ID": 5954, "Floor_Count": 1, "Building_Type": null, "Year_Built": "2022-11-23", "Primary_Use": null, "Square_Meters": 727.28, "Occupancy_Cap": 218 }, "geometry": { "type": "MultiPolygon", "coordinates": [ [ [ [ 7.7184436, 8.572819 ], [ 7.7183779, 8.5728351 ], [ 7.7183901, 8.5728838 ], [ 7.718328, 8.572899 ], [ 7.7183533, 8.5730002 ], [ 7.7184811, 8.5729689 ], [ 7.7184436, 8.572819 ] ] ], [ [ [ 7.7183335, 8.5728864 ], [ 7.7183479, 8.5728506 ], [ 7.718232, 8.5728052 ], [ 7.7182194, 8.5728366 ], [ 7.7182283, 8.5728754 ], [ 7.7181747, 8.5728544 ], [ 7.7181604, 8.57289 ], [ 7.7181747, 8.5729519 ], [ 7.7181637, 8.5729793 ], [ 7.7181807, 8.573053 ], [ 7.7182502, 8.5730802 ], [ 7.7182623, 8.5730775 ], [ 7.7182387, 8.5731366 ], [ 7.718242, 8.5731513 ], [ 7.718285, 8.5731681 ], [ 7.7183061, 8.5731154 ], [ 7.7183711, 8.5731408 ], [ 7.7184262, 8.5730033 ], [ 7.7184007, 8.5729933 ], [ 7.7183682, 8.5730006 ], [ 7.7183412, 8.5730681 ], [ 7.7182924, 8.573049 ], [ 7.7182589, 8.5729032 ], [ 7.7183335, 8.5728864 ] ] ] ] } },
{ "type": "Feature", "properties": { "fid": 6923, "Building_Name": "School of  Engineering Complex", "Building_ID": 5097, "Floor_Count": 1, "Building_Type": "Academic", "Year_Built": "1990-11-10", "Primary_Use": "Academic", "Square_Meters": 11732.24, "Occupancy_Cap": 7039 }, "geometry": { "type": "MultiPolygon", "coordinates": [ [ [ [ 7.7216099, 8.5713734 ], [ 7.7215938, 8.5712632 ], [ 7.7215176, 8.571274 ], [ 7.7215337, 8.5713842 ], [ 7.7214459, 8.5713967 ], [ 7.7214738, 8.5715879 ], [ 7.7217549, 8.5715479 ], [ 7.7217271, 8.5713566 ], [ 7.7216099, 8.5713734 ] ] ], [ [ [ 7.7211346, 8.5701587 ], [ 7.7212328, 8.5701562 ], [ 7.7212315, 8.5701058 ], [ 7.7211333, 8.5701084 ], [ 7.7211346, 8.5701587 ] ] ], [ [ [ 7.722123, 8.5697623 ], [ 7.7221223, 8.5695555 ], [ 7.7216636, 8.5695569 ], [ 7.7216643, 8.5697664 ], [ 7.7217619, 8.5697661 ], [ 7.7217617, 8.56972 ], [ 7.7220219, 8.5697192 ], [ 7.722022, 8.5697627 ], [ 7.722123, 8.5697623 ] ] ], [ [ [ 7.722775, 8.5702163 ], [ 7.7227748, 8.5701606 ], [ 7.7227372, 8.5701608 ], [ 7.7227375, 8.5702165 ], [ 7.722775, 8.5702163 ] ] ], [ [ [ 7.7204423, 8.571032 ], [ 7.7203226, 8.5710528 ], [ 7.7203764, 8.5713552 ], [ 7.7204961, 8.5713345 ], [ 7.7204423, 8.571032 ] ] ], [ [ [ 7.7207251, 8.5705088 ], [ 7.7206054, 8.5705198 ], [ 7.7206391, 8.5708774 ], [ 7.7207587, 8.5708664 ], [ 7.7207251, 8.5705088 ] ] ], [ [ [ 7.7207042, 8.5719172 ], [ 7.7207069, 8.5718802 ], [ 7.7206707, 8.5718776 ], [ 7.7206679, 8.5719145 ], [ 7.7207042, 8.5719172 ] ] ], [ [ [ 7.7209147, 8.5697186 ], [ 7.7209566, 8.5698067 ], [ 7.7210488, 8.5697638 ], [ 7.7210069, 8.5696757 ], [ 7.7209147, 8.5697186 ] ] ], [ [ [ 7.7218904, 8.5699187 ], [ 7.7218934, 8.5700539 ], [ 7.7222392, 8.5700464 ], [ 7.7222362, 8.5699112 ], [ 7.7218904, 8.5699187 ] ] ], [ [ [ 7.7216056, 8.5705369 ], [ 7.7216059, 8.5706191 ], [ 7.7222845, 8.5706169 ], [ 7.7222842, 8.5705346 ], [ 7.7216056, 8.5705369 ] ] ], [ [ [ 7.722651, 8.5698269 ], [ 7.7226535, 8.5697358 ], [ 7.7225945, 8.5697342 ], [ 7.722592, 8.5698253 ], [ 7.722651, 8.5698269 ] ] ], [ [ [ 7.7209495, 8.5715754 ], [ 7.7205187, 8.5716457 ], [ 7.7205364, 8.5717516 ], [ 7.7209672, 8.5716812 ], [ 7.7209495, 8.5715754 ] ] ], [ [ [ 7.7218314, 8.5711514 ], [ 7.7218882, 8.5711404 ], [ 7.7218736, 8.5710663 ], [ 7.7218167, 8.5710773 ], [ 7.7218314, 8.5711514 ] ] ], [ [ [ 7.7213952, 8.571087 ], [ 7.7214203, 8.5712801 ], [ 7.7217026, 8.5712441 ], [ 7.7216775, 8.571051 ], [ 7.7213952, 8.571087 ] ] ], [ [ [ 7.7203775, 8.5707108 ], [ 7.7202622, 8.5707329 ], [ 7.720322, 8.5710371 ], [ 7.7204373, 8.5710149 ], [ 7.7203775, 8.5707108 ] ] ], [ [ [ 7.7204426, 8.5718124 ], [ 7.7204828, 8.5718137 ], [ 7.7204865, 8.5717066 ], [ 7.7204463, 8.5717053 ], [ 7.7204426, 8.5718124 ] ] ], [ [ [ 7.7210159, 8.5708134 ], [ 7.72113, 8.5707925 ], [ 7.721073, 8.5704885 ], [ 7.7209589, 8.5705094 ], [ 7.7210159, 8.5708134 ] ] ], [ [ [ 7.7216114, 8.5699086 ], [ 7.7216082, 8.5697495 ], [ 7.7214956, 8.5697518 ], [ 7.7214988, 8.5699108 ], [ 7.7216114, 8.5699086 ] ] ], [ [ [ 7.7211398, 8.5717055 ], [ 7.721077, 8.5717195 ], [ 7.7211035, 8.5718356 ], [ 7.7211663, 8.5718216 ], [ 7.7211398, 8.5717055 ] ] ], [ [ [ 7.7214881, 8.5699177 ], [ 7.7214907, 8.5699642 ], [ 7.7216057, 8.569958 ], [ 7.7216031, 8.5699115 ], [ 7.7214881, 8.5699177 ] ] ], [ [ [ 7.7221368, 8.5698862 ], [ 7.7221376, 8.56991 ], [ 7.722226, 8.5699069 ], [ 7.7222252, 8.5698831 ], [ 7.7221368, 8.5698862 ] ] ], [ [ [ 7.7214918, 8.5695856 ], [ 7.721496, 8.5697208 ], [ 7.7216595, 8.5697158 ], [ 7.7216553, 8.5695807 ], [ 7.7214918, 8.5695856 ] ] ], [ [ [ 7.7217738, 8.5699017 ], [ 7.7216612, 8.5699038 ], [ 7.7216577, 8.5697289 ], [ 7.7216229, 8.5697295 ], [ 7.7216385, 8.5705276 ], [ 7.721786, 8.5705247 ], [ 7.7217738, 8.5699017 ] ] ], [ [ [ 7.7228278, 8.5704312 ], [ 7.7228321, 8.5706327 ], [ 7.722935, 8.5706306 ], [ 7.7229307, 8.5704291 ], [ 7.7228278, 8.5704312 ] ] ], [ [ [ 7.721051, 8.5704414 ], [ 7.7210434, 8.5703948 ], [ 7.7210843, 8.5703883 ], [ 7.721066, 8.5702757 ], [ 7.7209771, 8.5702898 ], [ 7.7209866, 8.5703482 ], [ 7.7206859, 8.570396 ], [ 7.7206678, 8.5702848 ], [ 7.720558, 8.5703022 ], [ 7.7205769, 8.5704186 ], [ 7.7202815, 8.5704655 ], [ 7.7202749, 8.5704253 ], [ 7.7201886, 8.570439 ], [ 7.7202107, 8.5705749 ], [ 7.721051, 8.5704414 ] ] ], [ [ [ 7.7221286, 8.56972 ], [ 7.7223592, 8.5697169 ], [ 7.7223572, 8.5695737 ], [ 7.7221266, 8.5695768 ], [ 7.7221286, 8.56972 ] ] ], [ [ [ 7.7212851, 8.5701577 ], [ 7.7212842, 8.570119 ], [ 7.7212369, 8.57012 ], [ 7.7212378, 8.5701587 ], [ 7.7212851, 8.5701577 ] ] ], [ [ [ 7.7221369, 8.5703354 ], [ 7.7222388, 8.5703375 ], [ 7.7222407, 8.57025 ], [ 7.7221388, 8.5702479 ], [ 7.7221369, 8.5703354 ] ] ], [ [ [ 7.7205648, 8.5718199 ], [ 7.7204858, 8.5718094 ], [ 7.7204762, 8.5718797 ], [ 7.7205552, 8.5718903 ], [ 7.7205648, 8.5718199 ] ] ], [ [ [ 7.7226428, 8.5696312 ], [ 7.7226026, 8.5696324 ], [ 7.722604, 8.5696775 ], [ 7.7226442, 8.5696763 ], [ 7.7226428, 8.5696312 ] ] ], [ [ [ 7.721944, 8.5713585 ], [ 7.7219138, 8.5712107 ], [ 7.7218329, 8.5712268 ], [ 7.7218631, 8.5713746 ], [ 7.721944, 8.5713585 ] ] ], [ [ [ 7.7223966, 8.5699054 ], [ 7.7223662, 8.5699045 ], [ 7.7223649, 8.5699496 ], [ 7.7223953, 8.5699504 ], [ 7.7223966, 8.5699054 ] ] ], [ [ [ 7.7213477, 8.5694085 ], [ 7.7214769, 8.569348 ], [ 7.7214495, 8.5692908 ], [ 7.7213203, 8.5693513 ], [ 7.7213477, 8.5694085 ] ] ], [ [ [ 7.72112, 8.5706687 ], [ 7.7211949, 8.5706651 ], [ 7.7211913, 8.5705925 ], [ 7.7211163, 8.5705962 ], [ 7.72112, 8.5706687 ] ] ], [ [ [ 7.7211657, 8.5707054 ], [ 7.7211722, 8.5707684 ], [ 7.7212598, 8.5707596 ], [ 7.7212534, 8.5706966 ], [ 7.7211657, 8.5707054 ] ] ], [ [ [ 7.7203972, 8.5713782 ], [ 7.7204159, 8.5716486 ], [ 7.7205377, 8.5716403 ], [ 7.720519, 8.5713699 ], [ 7.7203972, 8.5713782 ] ] ], [ [ [ 7.7221988, 8.5704017 ], [ 7.7222018, 8.5705327 ], [ 7.7222759, 8.570531 ], [ 7.7222729, 8.5704001 ], [ 7.7221988, 8.5704017 ] ] ], [ [ [ 7.7212947, 8.5694467 ], [ 7.7212984, 8.5694969 ], [ 7.7213464, 8.5694934 ], [ 7.7213427, 8.5694433 ], [ 7.7212947, 8.5694467 ] ] ], [ [ [ 7.7213784, 8.5714905 ], [ 7.7212431, 8.5715045 ], [ 7.7212536, 8.5716031 ], [ 7.7213889, 8.5715891 ], [ 7.7213784, 8.5714905 ] ] ] ] } },
{ "type": "Feature", "properties": { "fid": 6924, "Building_Name": "ASUP Secretariat", "Building_ID": 4121, "Floor_Count": 1, "Building_Type": "Administrative", "Year_Built": "2020-07-09", "Primary_Use": "Administrative", "Square_Meters": 1348.84, "Occupancy_Cap": 202 }, "geometry": { "type": "MultiPolygon", "coordinates": [ [ [ [ 7.7196908, 8.5683607 ], [ 7.7196926, 8.5682838 ], [ 7.7198025, 8.5682863 ], [ 7.7198007, 8.5683632 ], [ 7.7196908, 8.5683607 ] ] ], [ [ [ 7.719674, 8.5685832 ], [ 7.7196658, 8.5683899 ], [ 7.7198067, 8.5683841 ], [ 7.7198085, 8.5684279 ], [ 7.7198605, 8.5684258 ], [ 7.7198669, 8.5685779 ], [ 7.719808, 8.5685803 ], [ 7.7198092, 8.5686094 ], [ 7.7197385, 8.5686123 ], [ 7.7197372, 8.5685806 ], [ 7.719674, 8.5685832 ] ] ], [ [ [ 7.7193469, 8.5686331 ], [ 7.7193512, 8.5683535 ], [ 7.7196086, 8.5683574 ], [ 7.7196051, 8.5685854 ], [ 7.7194673, 8.5685833 ], [ 7.7194665, 8.5686349 ], [ 7.7193469, 8.5686331 ] ] ] ] } },
{ "type": "Feature", "properties": { "fid": 6925, "Building_Name": "IGR Structures", "Building_ID": 5311, "Floor_Count": 1, "Building_Type": null, "Year_Built": "2006-02-20", "Primary_Use": null, "Square_Meters": 4879.27, "Occupancy_Cap": 1464 }, "geometry": { "type": "MultiPolygon", "coordinates": [ [ [ [ 7.716214, 8.5693926 ], [ 7.7161665, 8.569307 ], [ 7.7158614, 8.5694726 ], [ 7.7159089, 8.5695582 ], [ 7.716214, 8.5693926 ] ] ], [ [ [ 7.7160004, 8.5698737 ], [ 7.7157018, 8.5700478 ], [ 7.7157499, 8.5701285 ], [ 7.7160485, 8.5699544 ], [ 7.7160004, 8.5698737 ] ] ], [ [ [ 7.7159458, 8.5697985 ], [ 7.7159055, 8.5697104 ], [ 7.7155923, 8.5698504 ], [ 7.7156326, 8.5699385 ], [ 7.7159458, 8.5697985 ] ] ], [ [ [ 7.7160628, 8.5698192 ], [ 7.7161101, 8.5699034 ], [ 7.716412, 8.5697374 ], [ 7.7163647, 8.5696532 ], [ 7.7160628, 8.5698192 ] ] ], [ [ [ 7.7162299, 8.570101 ], [ 7.7165318, 8.5699358 ], [ 7.7164806, 8.5698444 ], [ 7.7161788, 8.5700096 ], [ 7.7162299, 8.570101 ] ] ], [ [ [ 7.7168314, 8.5701488 ], [ 7.7166783, 8.569861 ], [ 7.7165943, 8.5699047 ], [ 7.7167473, 8.5701925 ], [ 7.7168314, 8.5701488 ] ] ], [ [ [ 7.7168395, 8.5697773 ], [ 7.7169922, 8.5700563 ], [ 7.7170703, 8.5700145 ], [ 7.7169176, 8.5697355 ], [ 7.7168395, 8.5697773 ] ] ], [ [ [ 7.7159917, 8.5690085 ], [ 7.7159434, 8.5689186 ], [ 7.7156347, 8.5690809 ], [ 7.715683, 8.5691707 ], [ 7.7159917, 8.5690085 ] ] ], [ [ [ 7.7161219, 8.5692466 ], [ 7.7160792, 8.5691513 ], [ 7.7157631, 8.5692898 ], [ 7.7158058, 8.5693852 ], [ 7.7161219, 8.5692466 ] ] ], [ [ [ 7.715844, 8.5696198 ], [ 7.7158046, 8.5695323 ], [ 7.7154891, 8.5696715 ], [ 7.7155286, 8.569759 ], [ 7.715844, 8.5696198 ] ] ], [ [ [ 7.7163146, 8.5695643 ], [ 7.7162667, 8.5694833 ], [ 7.7159668, 8.5696565 ], [ 7.7160147, 8.5697376 ], [ 7.7163146, 8.5695643 ] ] ], [ [ [ 7.7157076, 8.5693681 ], [ 7.7153867, 8.5694911 ], [ 7.7154243, 8.569587 ], [ 7.7157451, 8.5694639 ], [ 7.7157076, 8.5693681 ] ] ] ] } }
]
}
