{"type":"FeatureCollection", "features": [
{"type":"Feature","geometry":{"type":"MultiPolygon","coordinates":[[[[7.713962590706622,8.561760863376781],[7.713905343351547,8.561626650819134],[7.714213126856404,8.561608528613144],[7.714193637310043,8.561685047860955],[7.713962590706622,8.561760863376781]]],[[[7.714376641996138,8.564461829057402],[7.714838095835828,8.564501655916038],[7.714875661369851,8.564769825113535],[7.714529602866278,8.564730382116098],[7.714529795706346,8.564672944706015],[7.714779948164276,8.564635484677115],[7.7147995663665,8.56452067380485],[7.714472419292944,8.56457702376458],[7.714337855362169,8.564557430105815],[7.714357087963527,8.564557494088069],[7.714376384851553,8.564538412267016],[7.714376641996138,8.564461829057402]]],[[[7.716004567101323,8.572240527063434],[7.716178113888225,8.572107081975874],[7.716370765061066,8.572011992348568],[7.716518535785182,8.57201248355843],[7.7161883,8.5721769],[7.715985110133851,8.572307187593875],[7.715946868102119,8.572240335189111],[7.716004567101323,8.572240527063434]]],[[[7.716136902967722,8.572413281299744],[7.716109126632241,8.57243233496143],[7.716100345890843,8.572355917265392],[7.716117366662123,8.572374924296605],[7.716119501252781,8.572379115288971],[7.716127134814487,8.572394102798237],[7.716136902967722,8.572413281299744]]],[[[7.716215559633413,8.572411216522626],[7.716221001764726,8.572451852970312],[7.716177245352511,8.572365876331148],[7.716225985575042,8.57233699340776],[7.716215559633413,8.572411216522626]]],[[[7.71633158416326,8.57222491380763],[7.716331379914616,8.572285780174493],[7.716235227154183,8.57228180687869],[7.716235257177555,8.572272860568228],[7.716260044749757,8.572260522556943],[7.716273787974416,8.572253681867315],[7.71633158416326,8.57222491380763]]],[[[7.697288516457101,8.572886233630799],[7.69730729291344,8.573020318174482],[7.697210671958122,8.573154013338483],[7.696941215662974,8.573210541635502],[7.696883908318894,8.573095472925582],[7.696864675421899,8.573095408009756],[7.696711138428112,8.572999160350152],[7.696691905537286,8.572999095426443],[7.696673064065264,8.57288415654466],[7.696769554645296,8.572788752852185],[7.696981246782321,8.572751175576284],[7.697211780526141,8.572828537057472],[7.697269479185335,8.572828731744197],[7.697288646867208,8.57284794230219],[7.697288516457101,8.572886233630799]]],[[[7.697844836383507,8.573309319846595],[7.697824756094946,8.57355814865902],[7.697613454676244,8.573480852344979],[7.697536522989243,8.573480592809705],[7.697537109759549,8.573308281818584],[7.697729438894993,8.573308930614814],[7.697844836383507,8.573309319846595]]],[[[7.708110772198352,8.57466487987345],[7.708073211568217,8.574396710708731],[7.70824624433888,8.574416435725752],[7.708322723885299,8.574550713382274],[7.708187704447103,8.574665137337215],[7.708110772198352,8.57466487987345]]],[[[7.706089811586599,8.57509846774581],[7.706051734149415,8.574983464426687],[7.706186495140233,8.574945624252777],[7.706243611363572,8.57511812921964],[7.706089811586599,8.57509846774581]]],[[[7.699412885338957,8.575975885247916],[7.699431336928615,8.576205698188318],[7.699296640290781,8.576224390158693],[7.698931733117277,8.576069993042786],[7.699143948174186,8.575879249423041],[7.699298138250951,8.575784039598012],[7.699317762055144,8.575669230350913],[7.699453174784567,8.575439935883212],[7.699607039066835,8.57544045429221],[7.699646351516283,8.575191690046271],[7.699800345904778,8.575153917000966],[7.699838421378001,8.575268920658889],[7.699973052584937,8.575269374126792],[7.70004972436383,8.575346215962178],[7.70035738786514,8.575366397917405],[7.700318075832451,8.575615162299869],[7.700164211436281,8.57561464416379],[7.700086888722166,8.575729259170219],[7.699933089388954,8.57570959525347],[7.699778834361849,8.575823951041068],[7.699816844762431,8.575958100386785],[7.699624188572975,8.576053180826916],[7.699644202970113,8.575823497476332],[7.699471040358622,8.575842059930762],[7.699412885338957,8.575975885247916]]],[[[7.70350011616847,8.57876579581416],[7.703192384460372,8.57876476164046],[7.703193098955392,8.57855415890059],[7.703308628172561,8.578516255325553],[7.703365808270841,8.57866961486893],[7.70350011616847,8.57876579581416]]],[[[7.714258280877693,8.588221626611528],[7.714546078706666,8.588433192516163],[7.714584030645192,8.588586487054558],[7.714487861588507,8.588586166299875],[7.714258022985319,8.588298209723536],[7.714258280877693,8.588221626611528]]],[[[7.707589850393009,8.59220082577842],[7.707416420700111,8.592295973630845],[7.707262873423919,8.59219972872408],[7.707224405548049,8.592199599640628],[7.707243769195528,8.59216137274078],[7.707570616452452,8.592200761253489],[7.707589850393009,8.59220082577842]]],[[[7.71565344100205,8.602298585667857],[7.715653118450206,8.602394314540655],[7.715480007813349,8.602393736724967],[7.715306703603525,8.602450596147067],[7.715268879869167,8.602259009998345],[7.715269525151791,8.602067552279896],[7.715404166630836,8.602068001755553],[7.715480653000203,8.60220227899193],[7.715692168055517,8.602222130959577],[7.715730379047439,8.60229884244695],[7.71565344100205,8.602298585667857]]],[[[7.722683540866984,8.564968025822848],[7.722779768163212,8.564949197798178],[7.722797978933776,8.565255595205908],[7.722605588057839,8.565274105352499],[7.722606610128259,8.564967771533231],[7.722683540866984,8.564968025822848]]],[[[7.723980003439025,8.568380311710975],[7.724037829702799,8.568342210557436],[7.724076997556229,8.568131733023254],[7.724326641776494,8.568247434001282],[7.724230030711563,8.568381137534134],[7.723980003439025,8.568380311710975]]],[[[7.719075883705528,8.568287496836986],[7.71905741984127,8.568057683053553],[7.719191729170901,8.568153858621898],[7.719170894453439,8.568632440720657],[7.719075178817147,8.568498101010519],[7.719075883705528,8.568287496836986]]],[[[7.721918137942399,8.569556123191113],[7.72236054404503,8.569542869067359],[7.72235864113549,8.569676885254855],[7.7223572,8.5695737],[7.7221266,8.5695768],[7.722128254597504,8.569695269148482],[7.722122773046741,8.569695251012496],[7.7221223,8.5695555],[7.721918137942399,8.569556123191113]]],[[[7.721706625109722,8.569540705425377],[7.721706571448784,8.569556768869823],[7.72166405720058,8.569693733052304],[7.721658813441629,8.569693715696765],[7.721629556440817,8.569581471524131],[7.72164892638836,8.569540514462672],[7.721706625109722,8.569540705425377]]],[[[7.721955397894601,8.569917290294963],[7.722136818761494,8.569886758154414],[7.722225332806771,8.569887051001222],[7.72223906386778,8.570040264969785],[7.7222362,8.5699112],[7.721955397894601,8.569917290294963]]],[[[7.717354180707196,8.57125978795005],[7.717469869964576,8.571173219164908],[7.717662263718501,8.571154712054506],[7.717632974429042,8.571288637027566],[7.7175188,8.5711775],[7.717354180707196,8.57125978795005]]],[[[7.716391090155382,8.57168657750926],[7.716429106434963,8.57182072604899],[7.716351981778045,8.571877907741758],[7.716121057466056,8.571915432049101],[7.716121378740899,8.5718197030077],[7.71631415825642,8.571686321768311],[7.716391090155382,8.57168657750926]]],[[[7.728257023799727,8.571978581289907],[7.728334223467919,8.571898408610581],[7.728545914575954,8.571860813490993],[7.728588685601749,8.572052415434243],[7.7285068,8.5718693],[7.728257023799727,8.571978581289907]]],[[[7.726752438695835,8.579072981642668],[7.726636655449385,8.579187476076306],[7.726521254875034,8.579187095190099],[7.72636687706614,8.579339754311222],[7.726135692991085,8.579453867585661],[7.725905019377066,8.579414813707135],[7.725905210843528,8.579357376084221],[7.725828915364939,8.579165663274537],[7.725829362131462,8.579031642156387],[7.725733578021177,8.578916449317576],[7.725734152459983,8.578744136455414],[7.726023036348763,8.57863021389066],[7.726023227779723,8.578572776262769],[7.726273453305873,8.578516164102998],[7.72642757561117,8.578440088486571],[7.72656214556492,8.578459678724899],[7.726677099482559,8.578594080733344],[7.726676844371323,8.578670664256634],[7.72675301268604,8.578900668713324],[7.726752566250247,8.579034689880723],[7.726752438695835,8.579072981642668]]],[[[7.738618857851245,8.579303420895757],[7.738637522715944,8.579475797498636],[7.738195151479373,8.579474350956911],[7.738195783544834,8.579282891298917],[7.738118849463145,8.579282639680397],[7.738118975882185,8.579244347749702],[7.738176676437455,8.579244536464177],[7.738407415476692,8.579264437203328],[7.73852281660749,8.579264814538266],[7.738599624326423,8.579303358013505],[7.738618857851245,8.579303420895757]]],[[[7.737254717964271,8.590499462568822],[7.737158484232186,8.590518293347584],[7.737042636325834,8.590651936736181],[7.737061490321625,8.590766875455712],[7.736945959072482,8.59080478907178],[7.736966270155602,8.590479371046195],[7.73725490797426,8.590442024725293],[7.737254717964271,8.590499462568822]]],[[[7.736679324682123,8.601621487394796],[7.736602005423999,8.601736110414539],[7.736409722494031,8.601716332979338],[7.736371697471799,8.601582185155689],[7.73637176093589,8.601563039225404],[7.736449016754472,8.601467562186828],[7.736564424509359,8.601467941077718],[7.736621620778215,8.601621297967544],[7.736679324682123,8.601621487394796]]],[[[7.72261144385023,8.609520655374636],[7.72249584162024,8.609577709401085],[7.722361454024614,8.609500678747665],[7.722400373451865,8.609366785846905],[7.722515782967234,8.609367169298979],[7.72261144385023,8.609520655374636]]]]},"properties":{"fid":1,"DN":53,"count":122,"mean_0":130.55737704918,"stdev_0":4.01453800297357,"min_0":122,"max_0":140,"mean_1":117.959016393443,"stdev_1":4.19049996224957,"min_1":109,"max_1":127,"mean_2":97.9180327868852,"stdev_2":3.7868632518447,"min_2":90,"max_2":108,"mean_3":255,"stdev_3":0,"min_3":255,"max_3":255,"predicted":3,"Area":33371.529}},
{"type":"Feature","geometry":{"type":"MultiPolygon","coordinates":[[[[7.713563899623654,8.611605386437327],[7.713455699334276,8.611615331490873],[7.712888055382084,8.609761225294607],[7.712195755991753,8.607529787619091],[7.711827575308951,8.606303687373895],[7.710459058855323,8.60198009183368],[7.709507816178933,8.599752632053978],[7.706785639882828,8.593632091215312],[7.705868810935521,8.59148065968483],[7.704921927748446,8.589363535103642],[7.704051283230943,8.587294485535697],[7.70309904068776,8.585142073052532],[7.699252393734054,8.579827618696367],[7.698475991839544,8.578762541583451],[7.697129801554553,8.576896867546893],[7.694216683086902,8.575752274741651],[7.692707322854423,8.57397380933327],[7.692720877415866,8.573942962581828],[7.692726675254638,8.573938916201323],[7.69274817799815,8.573923909179735],[7.692765233494184,8.573912005943463],[7.692775478577862,8.573904855775286],[7.692784512612032,8.573898550812771],[7.692802779155003,8.57388580236848],[7.692823070843881,8.573871640547855],[7.692830079729569,8.573866748959317],[7.692842349957879,8.573858185413634],[7.692857380301565,8.573847695547794],[7.692861629070597,8.573844730278237],[7.692884680870987,8.573828642133916],[7.692900187292182,8.573817820003917],[7.692911981437836,8.573809588717682],[7.69291946640105,8.573804364864998],[7.692939282002113,8.573790535299088],[7.692958024614936,8.573777454583626],[7.692966582563817,8.573771481878138],[7.692977303719956,8.573763999441177],[7.69299388312295,8.573752428454828],[7.693015861926146,8.57373708915275],[7.693021183679511,8.573733375029164],[7.693035141027317,8.573723634006774],[7.693048484233497,8.573714321601143],[7.693054420127204,8.573710178859624],[7.693075784784912,8.573695268170765],[7.693092978323131,8.573683268561794],[7.693103085333753,8.573676214738025],[7.693112257419169,8.573669813411115],[7.693130385880023,8.573657161302933],[7.6931508156074,8.573642903106233],[7.69315768642372,8.57363810786548],[7.693170094699589,8.57362944795203],[7.693184986964844,8.573619054425672],[7.693189373790497,8.573615992796649],[7.693212287503396,8.573600000983507],[7.693227931968464,8.573589082482362],[7.693239588039376,8.573580947538986],[7.693247211055522,8.573575627323455],[7.693266888572781,8.573561894092105],[7.693285769225791,8.573548717002117],[7.693294189103616,8.573542840642867],[7.693305048309003,8.57353526183968],[7.693321489631878,8.573523787191274],[7.693343606471575,8.573508351511288],[7.693348790157568,8.573504733737323],[7.693362885550936,8.57349489634533],[7.693376090680685,8.573485680281017],[7.693382164629014,8.573481441178195],[7.693403391201231,8.573466626822349],[7.693420722781322,8.5734545308404],[7.693430691719201,8.573447573361326],[7.693440001855554,8.57344107566974],[7.693457992234601,8.573428519897947],[7.693478560000165,8.573414165324888],[7.693485292747429,8.573409466432212],[7.693497839070546,8.573400710150702],[7.693512593257682,8.573390412964118],[7.693517118139646,8.573387254975339],[7.693539893765366,8.573371359493668],[7.693555676273993,8.573360344621086],[7.693567194270474,8.57335230602086],[7.693574955339244,8.573346889442197],[7.69359449477301,8.573333252545696],[7.693613513465896,8.57331997908089],[7.693621795272976,8.573314199068172],[7.693632792527296,8.573306523898477],[7.693649095770367,8.573295145588293],[7.693671350646251,8.57327961353012],[7.693676396265187,8.573276092106058],[7.693690629703804,8.573266158344177],[7.693703696757435,8.573257038621465],[7.693709908760074,8.57325270315706],[7.693730997247108,8.573237985134519],[7.693748466868765,8.5732257927793],[7.69375829773421,8.57321893164521],[7.693767745921187,8.573212337588659],[7.693785598218743,8.573199878153547],[7.693806304022181,8.573185427203844],[7.693812898700701,8.573180824659527],[7.693825583070754,8.573171972009677],[7.693840199180085,8.57316177116315],[7.693844862118044,8.573158516814333],[7.693867499656898,8.573142717664417],[7.693883420208776,8.573131606420116],[7.693894800131138,8.573123664163328],[7.693902699252217,8.573118151221246],[7.693922100602805,8.573104610659879],[7.693941257335252,8.57309124081998],[7.6939494010719,8.573085557154075],[7.693960536374844,8.573077785617581],[7.693976701538424,8.573066503645913],[7.693999094450182,8.573050875209262],[7.694004002002373,8.573047450135395],[7.694018373485926,8.573037420003342],[7.694031302463751,8.573028396622522],[7.694037652520388,8.573023964796242],[7.694058602922557,8.573009343107291],[7.6940762107788,8.5729969977511],[7.694085752384977,8.572990289078973],[7.694095490151006,8.572983442486972],[7.6941128527724,8.572971234882345],[7.694134048891534,8.572956331955194],[7.694139953157268,8.57295218068339],[7.694153328259858,8.572942776687533],[7.694167053539579,8.572933126482111],[7.694172607626887,8.5729292214187],[7.694194153919332,8.572914072278506],[7.694211166357067,8.572902110877504],[7.694221254296528,8.572895018072574],[7.694230445720215,8.57288855560514],[7.694248354671167,8.57287596386432],[7.694269004442628,8.572861445056882],[7.69427545504325,8.572856909653739],[7.694288283801892,8.572847889780986],[7.694302555412777,8.57283785544083],[7.694307563159866,8.572834334503915],[7.694329655779745,8.572818801225596],[7.694346121871926,8.572807223946242],[7.694356756144159,8.57279974700804],[7.694365401226016,8.57279366866564],[7.694383856506013,8.572780692788154],[7.694403959930315,8.572766558100904],[7.694410956865312,8.572761638565945],[7.694423239280522,8.57275300281677],[7.694438057222054,8.572742584341412],[7.694442518629436,8.57273944753146],[7.694465157576238,8.572723530114551],[7.69448107732338,8.572712336957311],[7.694492257927868,8.572704475885365],[7.694500356668413,8.572698781668468],[7.694519358276938,8.572685421653855],[7.694538915354595,8.572671671087255],[7.694546458623452,8.572666367420021],[7.694558194695745,8.572658115794885],[7.694573558967411,8.572647313183857],[7.6945774740356,8.572644560501338],[7.694600659308813,8.572628258945372],[7.69461603271143,8.572617449910709],[7.694627759647656,8.572609204704557],[7.694635312047405,8.57260389461363],[7.694654859983944,8.57259015046142],[7.69467387071547,8.572576784015943],[7.694681960317676,8.57257109621596],[7.694693150047562,8.572563228715333],[7.69470906064885,8.572552041968171],[7.694731708707864,8.572536118110587],[7.694736160977466,8.572532987718057],[7.694750988036073,8.572522562806446],[7.694763261303526,8.572513933465615],[7.69477026736299,8.57250900750113],[7.69479036162703,8.572494879210854],[7.694808826012941,8.572481896886968],[7.694817461947978,8.572475824953765],[7.694828105335975,8.57246834157812],[7.694844562266368,8.57245677069435],[7.694866663978161,8.572441230956896],[7.694871662582201,8.572437716432614],[7.694885943297312,8.57242767564452],[7.694898762895479,8.572418662168547],[7.694905222615172,8.572414120330965],[7.694925863206198,8.572399607902156],[7.694943781247007,8.572387009700327],[7.694952963514362,8.572380553633439],[7.694963060560982,8.57237345438324],[7.694980063819969,8.572361499362398],[7.695001619185054,8.572346343745542],[7.695007164123019,8.572342445089033],[7.695020898495149,8.57233278842493],[7.69503426442351,8.572323390813345],[7.695040177803948,8.572319233103139],[7.695061364721447,8.572304336535328],[7.695078736417669,8.572292122456025],[7.695088465016826,8.572285282254986],[7.695098015722587,8.572278567130702],[7.69511556530965,8.572266227972323],[7.695136574328541,8.572251456476529],[7.695142665599915,8.572247173687328],[7.695155853629579,8.572237901147677],[7.695169765887624,8.572228119400013],[7.695175132929321,8.57222434581765],[7.695196866172777,8.572209065110373],[7.695213691524926,8.572197235154063],[7.695223966455372,8.572190010818405],[7.695232970820785,8.572183679820501],[7.695251066735412,8.572170956524113],[7.695271529408627,8.572156569149858],[7.695278167012894,8.572151902227496],[7.695290808700605,8.572143013812767],[7.695305267287819,8.572132847928557],[7.695310087991292,8.572129458474503],[7.695332367560189,8.572113793627292],[7.695348646568779,8.572102347794441],[7.695359467830001,8.572094739323699],[7.695367925855583,8.572088792452648],[7.695386568097258,8.572075685017781],[7.695406484425308,8.572061681765526],[7.695413668361956,8.572056630709541],[7.69542576370823,8.5720481264202],[7.695440768624099,8.572037576398975],[7.695445042989856,8.5720345710737],[7.695467868883684,8.572018522086083],[7.69548360154923,8.572007460377163],[7.695494969140713,8.571999467770867],[7.695502880826975,8.571993905027133],[7.695522069395185,8.571980413453328],[7.695541439378585,8.571966794323536],[7.695549169647101,8.571961359133464],[7.69556071865245,8.571953238969979],[7.695576269896459,8.57194230481127],[7.695599277196297,8.571926128259323],[7.695603370143261,8.571923250486753],[7.695618556466278,8.571912572902233],[7.695630470387507,8.571904196159913],[7.695637835734966,8.571899017543963],[7.695657570629195,8.571885141830748],[7.695676394268461,8.571871906823896],[7.695684670868327,8.57186608749926],[7.695695673533268,8.5718583514621],[7.695711771104903,8.571847033165444],[7.695734232058999,8.571831240734976],[7.695738871338922,8.571827978829301],[7.695753511319924,8.571817685369647],[7.695765971570386,8.571808924490838],[7.695772790579555,8.571804130003143],[7.695793071799291,8.57178987015005],[7.695811349094936,8.571777019266605],[7.695820172025639,8.571770815806937],[7.695830628350684,8.571763463896568],[7.695847272249432,8.571751761461497],[7.695869186858301,8.571736353152973],[7.695874372470668,8.571732707113735],[7.695888466110169,8.571722797779408],[7.695901506285107,8.571713652877106],[7.6959077451431,8.571709306250114],[7.695928854425497,8.571694599361972],[7.695946302796565,8.57168244303774],[7.69595620256331,8.571675545844471],[7.695965581621377,8.571669011429794],[7.695983550698548,8.57165649232461],[7.69600413926716,8.571642148210374],[7.696010898831208,8.571637438802387],[7.696023418088132,8.571628716598903],[7.696038246961294,8.5716183852778],[7.696042696907824,8.571615284986256],[7.696065595088804,8.571599331750848],[7.696081254543365,8.571588421757443],[7.696092943213738,8.571580278221534],[7.696100533359218,8.571574990141276],[7.696120291336097,8.571561224689855],[7.696139090987081,8.571548126905414],[7.696147639455879,8.571542171155812],[7.696158369799091,8.571534695285724],[7.696174987573086,8.57152311761941],[7.696196927419273,8.571507832042814],[7.696202335687715,8.571504064080639],[7.696216206227445,8.5714944004196],[7.69622968379977,8.57148501053951],[7.696235485034334,8.57148096879521],[7.696257031909248,8.571465956996015],[7.696274042644277,8.571454105542909],[7.69628438001615,8.571446903450157],[7.696293321447326,8.571440673914998],[7.696311728120477,8.571427849901937],[7.696331879049588,8.571413810655644],[7.696339076222229,8.571408796351355],[7.696351157848798,8.571400379024212],[7.696366424321402,8.571389742798408],[7.696389715443379,8.571373515757816],[7.696393772418002,8.571370689243098],[7.696408994238748,8.571360084122858],[7.696421120512025,8.571351635685424],[7.696428273032839,8.571346652486724],[7.696448468603472,8.571332582125388],[7.696466830617179,8.571319789210934],[7.696475816692343,8.57131352856299],[7.696486109407429,8.571306357571281],[7.696503164778639,8.571294474998227],[7.696524666984088,8.571279494288447],[7.696530512862361,8.571275421431103],[7.696543945770498,8.571266062645265],[7.696557860943504,8.571256367861611],[7.696563224555629,8.571252631000911],[7.696585209022071,8.571237314289764],[7.696601782122048,8.571225767708682],[7.696612557098064,8.571218260715545],[7.696621060903337,8.571212336060807],[7.69663990517148,8.57119920713897],[7.696659618462077,8.571185472761533],[7.69666725324232,8.571180153560029],[7.696678897239525,8.571172041110135],[7.696694601310585,8.571161099978728],[7.696717454790585,8.571145177803812],[7.696721949376273,8.57114204639506],[7.696736733564193,8.57113174614889],[7.696749297439386,8.571122992809029],[7.696756012336523,8.571118314492795],[7.696776645499923,8.571103939220636],[7.696794569877341,8.571091451177079],[7.696803993557884,8.571084885629881],[7.69681384864583,8.571078019517458],[7.69683134161327,8.571065832036766],[7.696852406178969,8.5710511561947],[7.69685868966608,8.571046778441284],[7.696871684943617,8.571037724531559],[7.696886037716312,8.571027724843438],[7.696890963706986,8.571024292867241],[7.69691338576397,8.571008671243227],[7.696929521229885,8.570997429535089],[7.696940733809053,8.57098961764066],[7.696948799989413,8.57098399786725],[7.696968081851559,8.570970564035726],[7.696987357504631,8.570957134528049],[7.696995429891489,8.570951510428435],[7.69700663626032,8.570943702856695],[7.697022777928844,8.570932456818772],[7.697045193767857,8.570916839510447],[7.697050125963623,8.57091340320675],[7.697064472519705,8.57090340783556],[7.697077473995825,8.570894349592367],[7.697083751270275,8.570889976159505],[7.697104822025452,8.570875295975618],[7.697122308767571,8.570863112803867],[7.697132170052503,8.57085624235651],[7.697141587514301,8.570849681124287],[7.697159518076979,8.57083718873504],[7.697180145003917,8.570822817761606],[7.69718686609888,8.570818135111205],[7.697199423746805,8.570809386078501],[7.697214214118203,8.570799081485005],[7.697218702488414,8.570795954394224],[7.697241562134951,8.570780027856445],[7.697257259967791,8.57076909102215],[7.697268910149123,8.570760974225522],[7.697276538705559,8.57075565933435],[7.69729625816072,8.570741920592233],[7.697315096177256,8.57072879595523],[7.697323606169741,8.570722866956586],[7.697334374911184,8.570715364263904],[7.697350954176188,8.570703813318573],[7.697372932375201,8.57068850087774],[7.697378302180057,8.5706847596782],[7.697392211105289,8.570675069182895],[7.697405650181349,8.570665706035461],[7.697411489834098,8.57066163748688],[7.697432998180067,8.570646652390364],[7.697450047287874,8.57063477409132],[7.69746034617621,8.570627598742902],[7.697469326012843,8.570621342391783],[7.697487694169775,8.570608545093076],[7.697507883458941,8.570594478989177],[7.697515042160766,8.57058949144089],[7.697527162180068,8.570581047286115],[7.69754239014918,8.570570437786337],[7.697546440899917,8.57056761558188],[7.697569738135018,8.570551384129427],[7.697584998335772,8.570540752169883],[7.697597086118281,8.57053233047015],[7.697604277051782,8.570527320462126],[7.697624434098969,8.570513276808514],[7.697642834479958,8.570500457043083],[7.697651782077079,8.570494223144514],[7.697662113192127,8.570487025331802],[7.697679130052616,8.57047516947815],[7.697700670612623,8.570460161905721],[7.697706478025577,8.570456115809426],[7.697719949320951,8.570446730190918],[7.697733825995962,8.570437062138337],[7.697739228027999,8.570433298474939],[7.697761173963769,8.570418008464886],[7.697777785438256,8.570406435039464],[7.697788521929002,8.570398954789074],[7.697797064141464,8.570393003319966],[7.69781586989166,8.5703799011109],[7.697835621544042,8.570366139877446],[7.697843217851741,8.570360847430361],[7.697854900243409,8.570352708154424],[7.697870565809247,8.570341793747462],[7.697893457638307,8.570325844704861],[7.697897913764177,8.570322740062199],[7.697912736465891,8.57031237417358],[7.697925118311161,8.570303685891087],[7.69793201548775,8.5702988461744],[7.697952273030211,8.570284631549658],[7.697970573527597,8.570271790172505],[7.6979794277467,8.570265577205896],[7.697989852545586,8.570258262169794],[7.698006582460629,8.5702465228598],[7.698028410577687,8.57023120616085],[7.698033737171998,8.570227468511371],[7.698047689591802,8.570217678154611],[7.698060891880806,8.57020841416061],[7.698066968604628,8.5702041501472],[7.698088046587052,8.57018935980752],[7.698105526626406,8.57017709412885],[7.698115201290739,8.570170305452093],[7.698124805635357,8.570163566117909],[7.698142355991865,8.570151251094337],[7.69816336364939,8.570136510092507],[7.698169510690429,8.57013219673425],[7.69818264265447,8.57012298207804],[7.698196665386433,8.570113142371829],[7.69820192165826,8.570109454062399],[7.698223820079876,8.570094088007075],[7.698240479661967,8.57008239802759],[7.698250974770759,8.570075033639991],[7.698259758661885,8.570068870008422],[7.698278129459083,8.57005597927057],[7.698298316657848,8.57004181396656],[7.698305284144843,8.570036924898822],[7.698317595653893,8.570028285943868],[7.698332438828045,8.570017870524742],[7.698336874648647,8.570014757919997],[7.698359593508686,8.569998816148328],[7.698375432634285,8.56998770186873],[7.698386748186763,8.569979761769584],[7.698394711625168,8.569974173841336],[7.698413902862284,8.569960707388507],[7.698433269603061,8.569947117783016],[7.698441057535243,8.569941653005097],[7.698452548590072,8.569933589752095],[7.69846821220564,8.569922598619355],[7.698491106560219,8.569906533686723],[7.698495366873479,8.569903544231282],[7.698510385543359,8.569893005652277],[7.698522521538755,8.569884489840877],[7.698529664525206,8.569879477616649],[7.698549676201471,8.569865435448138],[7.698568222485029,8.569852421541876],[7.698576830861626,8.56984638105307],[7.698587501463005,8.569838893502727],[7.69860398551922,8.56982732665567],[7.698626059415084,8.569811837420898],[7.698631140174255,8.569808272255935],[7.698645338389188,8.569798309378223],[7.698658294826727,8.569789217853872],[7.698664617362001,8.569784781334368],[7.698685449476642,8.569770163449475],[7.698703175303755,8.569757725243138],[7.698712604123994,8.569751109042745],[7.698722454272695,8.569744197195758],[7.698739758768785,8.569732054633684],[7.698761012206705,8.569717141097476],[7.698766913411016,8.569713000222292],[7.698780291171773,8.569703613046572],[7.698794068050687,8.569693945808567],[7.698799570135551,8.569690084994493],[7.698821222687796,8.569674891392511],[7.698838128059236,8.569663028886808],[7.698848377322347,8.569655836974121],[7.698857407019141,8.5696495008312],[7.698875531954336,8.5696367825534],[7.698895964935082,8.56962244471646],[7.698902686583764,8.569617728130348],[7.698915243891117,8.569608916657332],[7.698929841210633,8.569598673704963],[7.698934522845859,8.569595388597024],[7.698956995834941,8.56957961927725],[7.698973080751474,8.56956833247288],[7.698984150456686,8.569560564847201],[7.698992359702346,8.569554804409048],[7.699011305075873,8.569541510414824],[7.699030917600216,8.569527748277853],[7.699038459692497,8.569522455980113],[7.699050196547216,8.569514220210493],[7.699065614306563,8.569503401543072],[7.699088754437342,8.569487164072251],[7.699092768918066,8.569484347103696],[7.69910803338047,8.569473636001364],[7.69911992352701,8.569465292661993],[7.699127312322306,8.569460107929304],[7.699147078133393,8.569446238217955],[7.699165870202108,8.569433051781655],[7.699174232737216,8.569427183771586],[7.699185149140073,8.569419523706067],[7.699201387338479,8.569408129322882],[7.69922370701213,8.569392467551369],[7.699228541937179,8.569389074871854],[7.699242985946222,8.569378939472255],[7.699255696533321,8.569370020418487],[7.699262264879025,8.56936541139197],[7.699282851126902,8.569350965962792],[7.699300822740757,8.569338355227869],[7.699310005717924,8.569331911504765],[7.699320101669687,8.569324827144055],[7.699337160306383,8.569312857044405],[7.699358659523675,8.569297770972899],[7.699364314892281,8.569293802581715],[7.699377938319871,8.569284280799234],[7.699391961643521,8.569274749773953],[7.69939721579559,8.569271178761738],[7.699419992786025,8.569255698258115],[7.699435770743301,8.569244974683238],[7.699448023925902,8.569236646739803],[7.699455048215291,8.569231872642238],[7.699476055063149,8.569217595219023],[7.699493603155541,8.569205668556732],[7.699504086197769,8.569198543695773],[7.699512880623802,8.569192566512228],[7.699532117329759,8.569179492170054],[7.699551435556593,8.569166362419713],[7.699560148459121,8.569160440641864],[7.699570713021124,8.569153260371701],[7.699588179585856,8.569141389111206],[7.699609267946457,8.56912705627218],[7.69961621070996,8.569122337578076],[7.699628545407259,8.569113954220665],[7.699644241831438,8.569103286042479],[7.699667100325133,8.569087750114136],[7.699672272950288,8.56908423450441],[7.699686377782204,8.569074648059118],[7.699700304066507,8.569065182963872],[7.699705655238034,8.569061546002931],[7.6997283351801,8.569046131420864],[7.699744210145963,8.569035341887057],[7.699756366291062,8.569027079875388],[7.699763487598063,8.569022239827367],[7.699784397399396,8.569008028327442],[7.699802042498533,8.568996035704481],[7.699812428505103,8.568988976777026],[7.699821319946902,8.568982933641289],[7.699840459608181,8.568969925224138],[7.699859874839913,8.568956729511397],[7.69986849070863,8.568950873668783],[7.699879152284554,8.568943627444698],[7.699896521806451,8.568931822110958],[7.699917707170107,8.568917423307798],[7.699924552901643,8.568912770550664],[7.699936984611019,8.568904321237596],[7.699952583994207,8.568893718987898],[7.699975539489111,8.568878117093691],[7.699980615084143,8.568874667422666],[7.699994816926294,8.568865015019986],[7.70000864617145,8.568855615854963],[7.700014094362232,8.56885191294511],[7.700036677256128,8.56883656428479],[7.700052649230381,8.568825708791858],[7.700064708338178,8.56881751271215],[7.700071926662591,8.568812606713479],[7.700092739417602,8.568798461137035],[7.700110481523279,8.56878640255322],[7.700120770494395,8.568779409559454],[7.70012975895176,8.568773300471339],[7.70014880156856,8.568760357979404],[7.70016831380499,8.568747096304072],[7.700176832640096,8.568741306396884],[7.70018759122974,8.56873399421869],[7.700204863709006,8.568722254811894],[7.700226146075513,8.568707790044417],[7.700232894775285,8.568703203224434],[7.700245423496535,8.568694687955526],[7.700260925838936,8.568684151634509],[7.700283978334848,8.568668483774244],[7.700288956899959,8.568665100042107],[7.700303255752139,8.56865538168185],[7.700316987958353,8.568646048447246],[7.700322533168189,8.568642279588289],[7.700345019014119,8.56862699684991],[7.700361087996558,8.568616075397667],[7.700373050067257,8.5686079452501],[7.700380365408877,8.568602973300605],[7.700401081117766,8.568588893647828],[7.700418920229787,8.568576769102972],[7.700429112165645,8.568569842043082],[7.700438197638376,8.568563667002403],[7.700457143210899,8.568550790435868],[7.700476752451828,8.568537462797767],[7.700485174253524,8.568531738826186],[7.700496029856689,8.568524360693692],[7.700513205293521,8.568512687214035],[7.700534584662682,8.568498156482047],[7.700541236330887,8.568493635599413],[7.700553862063813,8.568485054374474],[7.700569267365625,8.568474583982324],[7.700592416862348,8.568458850155823],[7.700597298397735,8.568455532362762],[7.700611694259749,8.56844574804474],[7.700625329427218,8.568436480740734],[7.700630971655909,8.568432645932495],[7.700653360454073,8.568417429116238],[7.700669526444498,8.568406441704498],[7.700681391478296,8.568398377489268],[7.700688803836928,8.568393339588747],[7.700709422499894,8.568379325859832],[7.700727358618058,8.568367135353746],[7.700737453518863,8.568360274227926],[7.700746636006758,8.568354033234494],[7.700765484535204,8.568341222593553],[7.70078519078043,8.568327828992485],[7.700793515548914,8.568322170956707],[7.700804468165402,8.568314726869728],[7.700821546559998,8.568303119317397],[7.700843022931616,8.568288522620714],[7.700849577568452,8.568284067675615],[7.700862300312857,8.568275420494453],[7.700877608574281,8.568265016031361],[7.700900855071612,8.568249216238431],[7.70090563957748,8.568245964384639],[7.700920132449124,8.568236114108666],[7.700933670578048,8.568226912735451],[7.700939409825393,8.568223011977736],[7.700961701575991,8.568207861083794],[7.700977964574205,8.568196807712372],[7.700989732571304,8.568188809429667],[7.700997241946744,8.56818370557794],[7.70101776356399,8.568169757773072],[7.701035796688095,8.568157501305569],[7.701045794554046,8.568150706114007],[7.701055074056907,8.56814439916763],[7.701073825541474,8.568131654452472],[7.7010936287908,8.568118194888251],[7.701101856526273,8.568112602788469],[7.701112906155882,8.568105092746814],[7.701129887508446,8.568093551121995],[7.701151460882317,8.56807888846043],[7.701157918487989,8.568074499453056],[7.701170738243669,8.568065786315488],[7.701185949464904,8.568055447781644],[7.701209292962646,8.568039582022099],[7.70121398043919,8.568036396107766],[7.701228570320269,8.568026479873652],[7.701242011410849,8.568017344431418],[7.701247847676649,8.56801337772404],[7.701270042379879,8.567998292752598],[7.701286402385682,8.56798717342131],[7.701298073346281,8.567979241071312],[7.701305679738332,8.56797407126819],[7.701326104310055,8.56796018938756],[7.701344234439905,8.567947866958455],[7.7013541352712,8.567941137701336],[7.701363511788826,8.567934764801834],[7.701382166229717,8.567922086012643],[7.701402066482942,8.567908560485092],[7.701410197185607,8.567903034321482],[7.701421343828134,8.567895458324971],[7.701438228138866,8.567883982627853],[7.70145989851479,8.56786925400122],[7.701466259089498,8.567864930931757],[7.701479175856253,8.567856151837598],[7.701494290037502,8.567845879233188],[7.701517730535452,8.567829947506842],[7.701522320982876,8.567826827532151],[7.701537007873187,8.567816845339713],[7.701550351925622,8.567807775828648],[7.701556285209677,8.567803743171414],[7.701578382865741,8.567788724122671],[7.701594839878931,8.56777753883132],[7.701606413803233,8.56776967241423],[7.701614117211693,8.567764436659523],[7.701634444738095,8.567750620703315],[7.701652671873488,8.56773823231242],[7.701662475670329,8.567731568989938],[7.701671949202521,8.56772513013712],[7.701690506599935,8.56771251727409],[7.701710503856858,8.567698925783015],[7.701718537526912,8.567693465555772],[7.701729781182161,8.567685823604211],[7.70174656845126,8.567674413834986],[7.701768335829039,8.567659619243098],[7.701774599372982,8.567655362111733],[7.701787613150613,8.567646517060794],[7.701802630292073,8.567636310386007],[7.701826167790033,8.567620312692677],[7.701830661208539,8.567617258657819],[7.701845445107879,8.567607210506868],[7.701858692122373,8.567598206927158],[7.701864722424482,8.56759410831989],[7.701886723033581,8.567579155194029],[7.701903277053957,8.567567903942432],[7.701914753942162,8.56756010345843],[7.70192255436683,8.567554801751953],[7.701942784848112,8.567541051720363],[7.701961108988849,8.567528597367492],[7.701970815751435,8.56752199997983],[7.701980386297993,8.56751549517351],[7.701998846652131,8.567502948236827],[7.702018940912552,8.567489290782042],[7.702026877550196,8.567483896491355],[7.702038218217968,8.567476188584557],[7.702054908445635,8.567464844743416],[7.702076772825067,8.567449984186084],[7.702082939338444,8.567445792993006],[7.702096050126754,8.5674368819851],[7.702110970228627,8.567426741240126],[7.702134604726396,8.567410677579621],[7.702139001116181,8.567407689484783],[7.702153882024354,8.567397575375132],[7.702167032001106,8.56738863772697],[7.702173159321067,8.567384473169474],[7.702195062883402,8.567369585966684],[7.702211713910766,8.567358268754658],[7.702223093763072,8.567350534203937],[7.702230991203749,8.5673451665455],[7.702251124640112,8.567331482438716],[7.702269545785991,8.56731896212368],[7.702279155514524,8.567312430671029],[7.702288823075246,8.567305859911018],[7.702307186386307,8.567293378900871],[7.702327377650028,8.567279655482194],[7.702335217255463,8.56727432712825],[7.702346654935555,8.567266553266029],[7.702363248121991,8.567255275353155],[7.702385209502879,8.567240348830198],[7.70239127898589,8.567236223575593],[7.702404486784676,8.56722724661053],[7.702419309847161,8.567217171795564],[7.70242376406523,8.567214144389695],[7.702447340705804,8.567198120013067],[7.702462318622611,8.567187939944528],[7.702475371561819,8.5671790682281],[7.702481595899437,8.567174837720193],[7.702503402415208,8.567160016440667],[7.702520150449358,8.56714863326802],[7.702531433265966,8.567140964650763],[7.702539427722455,8.567135531040183],[7.702559464114096,8.567121912858392],[7.702577982264918,8.567109326581004],[7.702587494959597,8.567102861063553],[7.702597259534285,8.567096224349665],[7.702615525802472,8.567083809266245],[7.702635814069291,8.567070019883483],[7.702643556642717,8.567064757466468],[7.702655091334928,8.56705691764864],[7.702671587480334,8.567045705664226],[7.702693645862476,8.567030713175454],[7.702699618315323,8.567026653859514],[7.702712923124386,8.567017610937112],[7.702727649147685,8.567007602052335],[7.702732200385052,8.567004508697597],[7.702755679977418,8.566988550242685],[7.702770754902655,8.566978304215075],[7.702783710804522,8.56696949843057],[7.702790032159592,8.566965201972062],[7.702811741629,8.566950446615984],[7.70282858602429,8.56693918794397],[7.702840393974011,8.566931396885666],[7.702847861977257,8.56692646938728],[7.702869264200006,8.566912347884292],[7.70288641387959,8.566901032270417],[7.702898134423312,8.566893298880313],[7.702905689828955,8.566888313710246],[7.702927004643922,8.566874249873733],[7.702944241724343,8.566862876510292],[7.702955556786926,8.56685519979673],[7.702963518890114,8.566849797900824],[7.702983637905052,8.566836148135938],[7.703002073217938,8.566823640678388],[7.703011719020545,8.566817096472667],[7.703021350379988,8.566810562065422],[7.703039800133407,8.566798044806918],[7.703059904700368,8.566784404835984],[7.703067881243637,8.566778993138696],[7.703079181858698,8.566771326219513],[7.703095962351233,8.566759941467998],[7.703117736171635,8.566745168983077],[7.703124043456198,8.566740889794824],[7.703137013326242,8.566732090363105],[7.703152124558533,8.56672183811917],[7.703175567631738,8.566705933119668],[7.703180205658233,8.566702786441047],[7.703194844782626,8.566692854496198],[7.703208286755304,8.566683734760442],[7.703214121932273,8.566679775871563],[7.70323636784974,8.566664683077365],[7.703252676227844,8.566653618618787],[7.703264448941545,8.566645631391808],[7.703271953373772,8.566640539990653],[7.703292530030718,8.566626579703778],[7.703310507661902,8.566614382730878],[7.703320611117261,8.56660752801327],[7.703329784804106,8.566601304099237],[7.703348692201169,8.566588476320286],[7.703368339084794,8.566575146832463],[7.703376773282447,8.566569424624827],[7.703387616223278,8.566562068197328],[7.703404854361092,8.566550372926894],[7.703426170496525,8.56653591092355],[7.703432935437106,8.566531321226483],[7.703445447631287,8.56652283228491],[7.703461016510487,8.566512269523598],[7.703484001897092,8.566496675004133],[7.703489097581237,8.566493217818234],[7.703503279028133,8.566483596361996],[7.703517178649353,8.5664741661104],[7.703522556157934,8.56647051771869],[7.703545259714838,8.566455114400084],[7.703561110413816,8.566444360428582],[7.703573340777692,8.566436062687297],[7.703580387539897,8.566431281781776],[7.703601421837912,8.56641701097203],[7.703618941788335,8.566405124484662],[7.703629502895502,8.566397959254287],[7.703638218910695,8.566392045834357],[7.703657583950458,8.566378907534068],[7.703676773151693,8.566365888530244],[7.703685665002785,8.566359855811378],[7.703696050270331,8.566352809876442],[7.703713746052479,8.566340804086213],[7.703734604503886,8.56632665256533],[7.703741827099542,8.566321752358567],[7.703753881618804,8.566313573908024],[7.70376990814397,8.566302700628446],[7.703792435844916,8.566287416589912],[7.703797989185768,8.56628364889585],[7.703811712956114,8.566274337929105],[7.703826070224933,8.566264597160776],[7.703830990066069,8.566261259267133],[7.703854151261467,8.566245545423234],[7.703869544282258,8.566235101939688],[7.703882232295369,8.566226493683212],[7.703888821388494,8.566222023274216],[7.703910313326638,8.566207441940714],[7.703927375597244,8.566195865939768],[7.703938394355275,8.56618839019574],[7.703946652699757,8.5661827872708],[7.70396647538128,8.566169338448288],[7.703985206901063,8.56615662992935],[7.703994556404655,8.566150286698365],[7.704004483999856,8.56614355125688],[7.704022637425396,8.566131234945965],[7.704043038193721,8.566117393908433],[7.704050718443507,8.566112183191088],[7.704062315288794,8.566104315232462],[7.704078799458985,8.566093131433737],[7.704100869475218,8.566078157877017],[7.704106880471829,8.566074079673907],[7.704120146566568,8.566065079197543],[7.704134961482045,8.566055027911602],[7.704139423656678,8.566052000516903],[7.704163042489627,8.566035976146823],[7.704177977833179,8.56602584315213],[7.704191123494577,8.566016924379575],[7.704197254919569,8.566012764467988],[7.704219204496896,8.565997872609843],[7.704235809088627,8.565986607096212],[7.704247285496582,8.565978820837639],[7.704255086171297,8.565973528408572],[7.704275366493636,8.565959769062959],[7.704293640332914,8.565947371029797],[7.704303447488059,8.565940717285802],[7.70431291741186,8.565934292338659],[7.70433152847985,8.56592166550617],[7.704351471566036,8.565908134952883],[7.704359609469009,8.565902613724065],[7.704370748641264,8.565895056258245],[7.704387690455536,8.565883561939483],[7.704409302787997,8.565868898865466],[7.704415771439431,8.565864510152426],[7.704428579859502,8.565855820167332],[7.704443852420694,8.565845458362894],[7.704467133998794,8.565829662767557],[7.704471933399325,8.565826406570883],[7.70448641106658,8.56581658406592],[7.704500014375324,8.565807354776402],[7.704505688133124,8.565803505363117],[7.704528095348693,8.565788302979442],[7.704544242262494,8.56577734795401],[7.704556176319429,8.565769251180011],[7.704563519325316,8.565764269247708],[7.704584257287531,8.565750199378098],[7.704602073447243,8.565738111831603],[7.704612338253002,8.565731147573713],[7.704621350506347,8.565725033121797],[7.704640419215843,8.565712095766852],[7.704659904620833,8.565698875698693],[7.704668500176051,8.565693043957518],[7.704679181676215,8.565685796985392],[7.704696581133627,8.565673992145708],[7.704717735783259,8.565659639555287],[7.70472466208857,8.565654940331422],[7.70473701283492,8.565646560838482],[7.704752743040882,8.56563588851466],[7.704775566934521,8.56562040340138],[7.704780823990562,8.565616836695423],[7.704794843982462,8.56560732468108],[7.704808904937611,8.565597784873713],[7.704814121029163,8.565594245959614],[7.704836985882027,8.565578733049527],[7.704852675118842,8.565568088513176],[7.704865066823811,8.565559681222863],[7.704871952161821,8.565555009788213],[7.704893147762964,8.565540629393729],[7.704910506244059,8.56552885233478],[7.704921228699487,8.565521577562116],[7.704929783283318,8.565515773606315],[7.704949309633377,8.565502525728029],[7.704968337358115,8.56548961614588],[7.704977390564633,8.565483473891467],[7.704987614393652,8.565476537413916],[7.705005471493259,8.565464422052427],[7.705026168461007,8.565450379946487],[7.705032189168856,8.565445365642379],[7.705045458197177,8.565433545269372],[7.705053601014057,8.565426291449494],[7.705064749116015,8.565416360447577],[7.705075012857161,8.565407217255089],[7.705084040033148,8.565399175624544],[7.705096424698167,8.565388143059163],[7.705103330948579,8.56538199080028],[7.705117836537071,8.56536906886171],[7.705122621862306,8.565364805974776],[7.705139248373879,8.565349994662737],[7.705141912774327,8.565347621148039],[7.705160660208588,8.565330920462241],[7.705180494593261,8.565313251490856],[7.705182072041197,8.565311846260224],[7.705199785500174,8.56529606666041],[7.705203483871707,8.565292772056685],[7.705219076405382,8.56527888182873],[7.705224895700118,8.565273697851623],[7.705238367308887,8.565261696995814],[7.705246307526432,8.565254623645037],[7.705257658210686,8.565244512161662],[7.705267719350648,8.56523554943693],[7.705276949110783,8.565227327326273],[7.705289131172762,8.565216475227299],[7.705296240009177,8.56521014248965],[7.705310542992779,8.56519740101615],[7.705315530905868,8.565192957651794],[7.705331954810696,8.565178326803476],[7.705334821800853,8.565175772812701],[7.705353366626515,8.56515925258928],[7.705373403585716,8.565141403130804],[7.705374778440236,8.56514017837356],[7.705392694475591,8.565124218288002],[7.705396190251856,8.565121104156322],[7.705411985363763,8.565107033443967],[7.705417602061378,8.56510202993756],[7.705431276250231,8.565089848598692],[7.705439013868802,8.565082955717275],[7.705450567134995,8.565072663752185],[7.705460425674127,8.56506388149547],[7.705469858018057,8.56505547890444],[7.705481837477353,8.56504480727214],[7.705489148899415,8.565038294055462],[7.705503249278482,8.565025733047289],[7.705508439779067,8.565021109205249],[7.705524661077509,8.565006658820916],[7.705527730657018,8.565003924353798],[7.705546072874439,8.564987584593018],[7.705566312407808,8.564969554647192],[7.705567484669271,8.564968510363602],[7.705585603280649,8.564952369792035],[7.705589461773606,8.56494943802622],[7.705604882296583,8.564938691554252],[7.705616803615033,8.564930383656478],[7.705624160488409,8.564925256693643],[7.705644145453887,8.56491132928438],[7.705662716868221,8.564898386968917],[7.705671487290167,8.564892274909923],[7.705681995056207,8.564884952104793],[7.705698829123871,8.56487322053311],[7.705720551428342,8.564858082373032],[7.705726170955,8.564854166153943],[7.705739829612488,8.56484464750539],[7.705753512783556,8.56483511177241],[7.705759107795354,8.564831212636577],[7.705780854609538,8.564816057388523],[7.705797664157249,8.564804342895435],[7.705808196432944,8.564797003002278],[7.705816942336276,8.564790908023108],[7.705835538253776,8.564777948613678],[7.705855498690492,8.564764038274934],[7.705862880072034,8.564758894222715],[7.705874776865681,8.564750603399089],[7.705890221887716,8.5647398398294],[7.705913333212215,8.564723733643886],[7.705917563700827,8.564720785433721],[7.705932611383564,8.564710298764524],[7.70594490551136,8.564701731035687],[7.705951889553632,8.56469686388399],[7.705972247319322,8.564682676635295],[7.70599044588993,8.56466999411941],[7.705999589124708,8.564663622232546],[7.706009724056159,8.564656559235358],[7.706026930927517,8.56464456782744],[7.706048280384777,8.564629689463747],[7.706054272727755,8.564625513419974],[7.706067558547167,8.56461625457618],[7.706081614525417,8.564606459010152],[7.706086836708275,8.564602819687439],[7.706108956320504,8.564587404597974],[7.706125393026655,8.56457594990645],[7.706136298113019,8.564568350183439],[7.706144671183925,8.564562515014195],[7.706163639902957,8.564549295766543],[7.706183227494625,8.56453564522617],[7.706190981690322,8.564530241347288],[7.706202505648057,8.5645222103304],[7.706218323475112,8.564511186925682],[7.706241061951078,8.564495340535347],[7.706245665257328,8.564492132501712],[7.706260340100668,8.564481905636057],[7.70627300703697,8.56447307807539],[7.70627961824898,8.564468470735601],[7.706300348814037,8.564454023646705],[7.706318174541764,8.564441600931165],[7.706327690588529,8.564434969215664],[7.706337452686234,8.56442816602719],[7.70635503236045,8.564415914782266],[7.706376008971338,8.564401296215726],[7.706382374129793,8.56439686034651],[7.706395287111971,8.564387861308235],[7.706409720833671,8.564377805924924],[7.706414565235344,8.564374431129403],[7.706437072769365,8.564358751518498],[7.70645312147621,8.56434757137245],[7.706464424702482,8.564339697109713],[7.706472399594724,8.564334141492216],[7.706491776633026,8.56432064269857],[7.706510955827915,8.564307281728237],[7.706519128560993,8.564301588285067],[7.706530233942591,8.564293851844488],[7.706546480486387,8.564282533869209],[7.706568790168108,8.564266992073476],[7.706573832409204,8.564263479450984],[7.706588068278946,8.564253562186208],[7.706601184329446,8.564244425030408],[7.706607346388506,8.564240132297774],[7.706628536247115,8.564225370607469],[7.706645902603787,8.564213272517387],[7.706655888162206,8.56420631618217],[7.706665180709509,8.564199842625435],[7.706683240074724,8.564187261754515],[7.706703736917114,8.564172982838016],[7.706710591984665,8.564168207324503],[7.706723015018999,8.56415955294255],[7.706737943892032,8.564149152892126],[7.706742293119604,8.564146123045909],[7.706765295796825,8.564130098457396],[7.706780849316976,8.564119263249115],[7.706792647699043,8.5641110440203],[7.706800127413743,8.56410583334896],[7.706819999598682,8.564091989580849],[7.706838683603439,8.564078973545135],[7.70684735149575,8.564072935139043],[7.706857961696369,8.564065543641464],[7.70687470339024,8.564053880694873],[7.706896517878389,8.56403868383061],[7.706902055282157,8.564034826248346],[7.706915795967482,8.564025253923422],[7.706929407171498,8.564015771799461],[7.706935074055294,8.564011824015067],[7.706956759058264,8.563996717348214],[7.706973630227081,8.563984964194836],[7.706984110942454,8.56397766289461],[7.706992908311055,8.563971534282965],[7.707011462824069,8.563958608438647],[7.707031464475167,8.563944674455705],[7.707038814703109,8.563939553980326],[7.707050742555305,8.563931244540315],[7.707066166579575,8.563920499519645],[7.707089298711741,8.563904384706023],[7.707093518453465,8.563901445056606],[7.707108576788039,8.56389095478712],[7.70712087032478,8.56388239059121],[7.707127854863059,8.563877524867046],[7.707148222193522,8.56386333612345],[7.707166411009262,8.56385066502338],[7.707175574059687,8.563844281653335],[7.707185689080445,8.56383723509979],[7.707202925923277,8.563825227180862],[7.707224245218972,8.563810375249094],[7.707230277784292,8.56380617270603],[7.707243523286317,8.563796945321988],[7.707257629642732,8.56378711822884],[7.707262801352383,8.563783515393713],[7.707284981498596,8.56376806374929],[7.707301357480675,8.563756655533643],[7.707312333351886,8.56374900926738],[7.707320635542905,8.563743225601849],[7.7073396852026,8.56372995478311],[7.707359191663524,8.563716365734749],[7.707367037050739,8.563710900296487],[7.707378469721914,8.563702935799444],[7.707394388896303,8.563691845807503],[7.707417025834856,8.563676075925313],[7.707421740739293,8.563672791316161],[7.707436303889408,8.563662645986494],[7.707449092579706,8.563653736822456],[7.707455581942681,8.563649216046496],[7.707476444417546,8.563634682326397],[7.707494138045392,8.563622356162993],[7.70750379625281,8.563615627827977],[7.707513416094828,8.563608926219484],[7.707531148085501,8.563596573327203],[7.707551972189861,8.563582066328951],[7.707558499915615,8.563577518824065],[7.707571250235459,8.563568636381929],[7.707585851743153,8.563558464318568],[7.707590528279779,8.563555206433731],[7.707613203568117,8.563539409810717],[7.707629084364579,8.563528346533827],[7.707640555390507,8.563520355300504],[7.70764836240506,8.563514916582115],[7.70766790721032,8.563501300787934],[7.707686918482185,8.563488056675181],[7.70769525902756,8.563482246273006],[7.70770619651883,8.563474626719954],[7.707722610842223,8.563463191755721],[7.70774475258828,8.563447766805993],[7.707749962654311,8.563444137236077],[7.707764030621086,8.56343433684725],[7.707777314463826,8.56342508271407],[7.707783308652614,8.56342090688734],[7.707804666270764,8.563406028189707],[7.707821864781124,8.563394026428663],[7.707831776623447,8.56338697285577],[7.707841143785928,8.56338030689335],[7.707858555173588,8.56336791641027],[7.707879701791599,8.563352867819196],[7.707885333721199,8.563348859962499],[7.707898980792468,8.563339148280352],[7.707912112266281,8.563329803512456],[7.707918259792024,8.563325428740331],[7.707938890808832,8.563310747060147],[7.707956817787204,8.563297989656766],[7.707965669348853,8.563291690605565],[7.707976096782826,8.563284270113218],[7.707992447886343,8.563272634148717],[7.708014654770136,8.56325683102259],[7.708019226421302,8.5632535776896],[7.708033933761825,8.563243111475513],[7.708046004953733,8.563234521228214],[7.708053212752201,8.563229391927262],[7.708072783483632,8.563215464764554],[7.70809177072902,8.563201952827225],[7.708099562010999,8.563196408298626],[7.708111049715463,8.563188233275442],[7.70812634053584,8.56317735183043],[7.708130328700594,8.563174513722485],[7.708153119058148,8.563158295359962],[7.70816888666692,8.563147074613035],[7.708179897577926,8.563139238887228],[7.708188165648116,8.56313335505655],[7.708206676095174,8.563120182412222],[7.708226723606574,8.563105915940046],[7.708233454609893,8.563101125934946],[7.708246002583837,8.563092196380026],[7.708260233122081,8.563082069455401],[7.708265281559787,8.563078476818832],[7.708287011631738,8.563063012973588],[7.708303839507755,8.563051037692915],[7.708313790138867,8.563043956489501],[7.708323118479771,8.563037318128197],[7.708340568643463,8.56302490000315],[7.708361676419869,8.563009878995222],[7.708367347145531,8.563005843514526],[7.70838095538795,8.562996159426973],[7.708394125645067,8.562986787023636],[7.708400234354721,8.562982439857544],[7.708420904142074,8.562967730530476],[7.708438792284327,8.562955000715162],[7.70844768263655,8.562948674035042],[7.708458071247164,8.562941281142205],[7.708474461128495,8.562929617537343],[7.7084966291689,8.562913841992765],[7.708501239617911,8.562910561037375],[7.708515908127803,8.56290012241628],[7.708528018104796,8.562891504535138],[7.708535187085393,8.562886402838618],[7.708554796589153,8.562872448030628],[7.70857374499664,8.562858963679767],[7.708581575070978,8.562853391523852],[7.708593023950296,8.562845244098577],[7.708608353550273,8.562834335014806],[7.70861230290264,8.562831524516215],[7.708635132027037,8.562815278503487],[7.708650860803393,8.562804085347954],[7.708661910501273,8.562796221989904],[7.708670139751805,8.562790365762059],[7.708688688972977,8.56277716547405],[7.70870869764469,8.562762926586743],[7.708715467442153,8.562758108955926],[7.708727976589167,8.562749206997317],[7.708742245908797,8.562739052435534],[7.708747255532331,8.56273548740672],[7.708769024372911,8.562719995912872],[7.708785813414726,8.562708048221994],[7.708795802834495,8.562700939387936],[7.708805092353956,8.562694328627867],[7.708822581293549,8.562681882860739],[7.708843650228483,8.56266688943608],[7.708849359750073,8.562662826331268],[7.70886292916378,8.562653169838425],[7.708876138204067,8.562643769799529],[7.708882208097764,8.562639450239592],[7.70890291665553,8.56262471326552],[7.708920765961798,8.562612011038398],[7.708929695104461,8.562605656729243],[7.708940044891849,8.562598291436036],[7.708956473550867,8.562586600190697],[7.708978602748014,8.562570852227788],[7.708983251994738,8.562567543649882],[7.708997881674131,8.5625571326219],[7.709010030436081,8.562548487106797],[7.709017160598935,8.562543413014835],[7.709036808874894,8.562529430561444],[7.709055718444612,8.562515973797174],[7.709063587311176,8.56251037401382],[7.709074997365481,8.56250225418658],[7.709090365744929,8.562491317463925],[7.70909427628504,8.562488534574813],[7.709117144176151,8.562472260911763],[7.709132834120223,8.562461095347741],[7.709143922604844,8.562453204357334],[7.709152113035848,8.562447375732443],[7.709170701031006,8.562434147800635],[7.709190670863165,8.56241993649832],[7.709197479454638,8.562415091241668],[7.709209949774855,8.562406216879493],[7.70922425787574,8.56239603468043],[7.709229228685233,8.562392497259491],[7.709251036294312,8.562376978116923],[7.709267786502059,8.56236505801596],[7.709277814710354,8.562357921551149],[7.709287065408504,8.562351338392428],[7.709304593123865,8.562338864983104],[7.70932562321746,8.56232389914184],[7.709331371534846,8.562319808412791],[7.70934490211997,8.562310179514778],[7.709358149943296,8.56230075184021],[7.709364181021169,8.562296459886545],[7.709384928349219,8.562281695265357],[7.709402738819634,8.562269020626546],[7.709411706752608,8.562262638688235],[7.7094220177169,8.562255300994783],[7.709438485153469,8.562243582108849],[7.709460575507496,8.562227861727731],[7.709465263551802,8.562224525527188],[7.709479854400828,8.562214142092444],[7.709492041947603,8.562205468943263],[7.709499133292846,8.562200422455973],[7.709518820340874,8.562186412357068],[7.709537691072953,8.562172983179511],[7.709545598731614,8.562167355768603],[7.709556969961038,8.562159263539517],[7.709572377119824,8.562148299177872],[7.709576248847812,8.562145543898346],[7.709599155505506,8.562129242584867],[7.709614806617427,8.562118104612477],[7.709625933888656,8.562110185989594],[7.709634085500267,8.562104384967778],[7.709652712269276,8.562091129392057],[7.709672643262013,8.562076945674853],[7.709679490647367,8.562072072792246],[7.709691922140919,8.562063226026627],[7.709706269022926,8.56205301619017],[7.709711201018514,8.562049506377223],[7.709733047395957,8.562033959585825],[7.709749758769769,8.562022067074889],[7.709759825766456,8.56201490297921],[7.709769037643429,8.562008347421958],[7.709786604134427,8.561995846370325],[7.709807595386816,8.561980908112572],[7.709813382499868,8.561976789759173],[7.709826874256542,8.561967188456114],[7.709840160862777,8.56195773314575],[7.709846153124958,8.561953468798478],[7.709866939223159,8.561938676530062],[7.709884710857855,8.561926029479682],[7.709893717581009,8.5619196199121],[7.709903989722336,8.56191230981852],[7.709920495936329,8.561900563291873],[7.709942547447363,8.56188487049267],[7.709947274289119,8.561881506669378],[7.70996182630791,8.56187115082798],[7.709974052639379,8.561862450044613],[7.709981105167146,8.561857431162116],[7.710000830987108,8.561843393417579],[7.710019662881684,8.561829991826857],[7.710027609332308,8.561824336788279],[7.710038941736984,8.561816272157465],[7.710054387674977,8.561805280156705],[7.710058220590975,8.561802552486894],[7.710081166015118,8.561786223522866],[7.710096778295022,8.561775113142229],[7.710107944352727,8.561767166886758],[7.710116057145078,8.561761393468133],[7.710134722687808,8.561748110248383],[7.710154614841255,8.561733954116411],[7.710161501020357,8.561729053607737],[7.710173893687378,8.561720234438788],[7.710188279350377,8.561709996964824],[7.710193172532189,8.561706514759988],[7.710215057677868,8.56169094031964],[7.710231730217877,8.56167907539886],[7.71024183600283,8.56167188367219],[7.710251009058753,8.561665355716533],[7.710268614325257,8.561652827022469],[7.710289566736573,8.561637916348351],[7.710295392645159,8.561633770370483],[7.710308845573516,8.561624196662496],[7.710322170962528,8.561614713716226],[7.710328124409147,8.561610476975467],[7.710348949277368,8.561595657059698],[7.710366682076477,8.561583037597877],[7.710375727589677,8.561576600400906],[7.710385960908175,8.561569317907322],[7.710402505899457,8.561557543739845],[7.710424518567635,8.561541878522677],[7.710429284206707,8.561538487076513],[7.710443797395397,8.561528158828594],[7.710456062511429,8.561519430410916],[7.710463076221851,8.56151443913333],[7.710482840813617,8.56150037374305],[7.710501633870821,8.56148699973928],[7.710509619113278,8.561481317072914],[7.710520912693339,8.561473280040493],[7.710536397410408,8.561462260400509],[7.710540191514546,8.561459560340527],[7.710563175705008,8.561443203725837],[7.710578749153027,8.561432120937075],[7.710589953997077,8.561424147048895],[7.710598027970299,8.561418401233583],[7.710616898237933,8.561405090923172],[7.710636583615231,8.561391551703034],[7.710644601254611,8.561386037325793],[7.710655860876185,8.56137829317533],[7.710672304268686,8.561366983726],[7.710694415394316,8.561351776116423],[7.710700007280159,8.561347930123796],[7.710713692651492,8.561338517585215],[7.71072771028903,8.56132887651918],[7.710732969907408,8.561325259052838],[7.710755413295299,8.561309822912152],[7.710771524415459,8.561298741984585],[7.710783116298965,8.561290769302712],[7.710790801667595,8.561285483448707],[7.710810819300032,8.561271715690859],[7.710829356168087,8.561258966373444],[7.710838522298494,8.561252662076592],[7.710848633416441,8.561245707834061],[7.710866225294355,8.561233608459917],[7.710887187909373,8.561219190751792],[7.710893928287614,8.561214554840825],[7.710906465153949,8.561205932208905],[7.710921631278271,8.561195501219322],[7.710945019639323,8.561179415119625],[7.710949334266326,8.56117644759541],[7.710964296880118,8.561166156573236],[7.710977037251778,8.561157393969086],[7.710983574119656,8.561152898025677],[7.711004740234631,8.561138340340348],[7.711022128594947,8.561126380927055],[7.711032443214882,8.561119286709195],[7.711041405830705,8.561113122375993],[7.711060146192528,8.561100233075631],[7.711079960298438,8.561086605270363],[7.711087849167574,8.561081179439658],[7.711099237530415,8.561073346715794],[7.711115552140016,8.561062125801273],[7.711137791990589,8.56104682960316],[7.711143255109858,8.561043072160473],[7.711157069218787,8.56103357104509],[7.711170958077096,8.561024018517262],[7.711176346445723,8.56102031248585],[7.711198661041734,8.56100496487164],[7.711214900895818,8.56099379536387],[7.711226364003769,8.560985911223607],[7.711234178118977,8.56098053680113],[7.711254066963201,8.560966857573161],[7.711272732561512,8.560954019672142],[7.711281769920034,8.560947803920303],[7.711292009780891,8.560940761105895],[7.711309472874265,8.560928750265035],[7.711330564215865,8.560914243969899],[7.71133717582589,8.560909696607354],[7.711349841431465,8.560900985400151],[7.711364878774916,8.560890642947259],[7.711369118645803,8.560887726829236],[7.71139258172134,8.560871589284751],[7.7114076730707,8.560861209683894],[7.711420284665161,8.560852535619835],[7.711426950281258,8.560847951109473],[7.711447987606383,8.560833481952505],[7.711465504698595,8.560821433957129],[7.711475690545,8.560814428282763],[7.711484781905375,8.560808175379202],[7.711503393481016,8.56079537461061],[7.711523336315154,8.56078165821985],[7.71153109641443,8.560776320936041],[7.711542613518153,8.560768399638421],[7.711558799345242,8.560757267259065],[7.711581167920373,8.560741882472062],[7.711586502273453,8.560738213579677],[7.711600445119591,8.560728623887133],[7.711614205199059,8.560719159897875],[7.71161972231755,8.560715365301032],[7.711641908122067,8.560700106213664],[7.711658276709692,8.56068884812533],[7.711669611042471,8.560681052527041],[7.711677553903871,8.560675589535728],[7.711697313960273,8.560661998838004],[7.711716108288452,8.560649072353018],[7.711725016875474,8.560642945146554],[7.711735385478853,8.560635813759912],[7.711752719788072,8.560623891452694],[7.711773939855873,8.560609296570195],[7.71178042269807,8.560604837756426],[7.711793217042494,8.560596037973585],[7.711808125605463,8.560585784057743],[7.711812494227856,8.560582779375807],[7.711835828510257,8.560566730356646],[7.711851048594798,8.560556262176751],[7.711863531412449,8.56054767665314],[7.711870325776379,8.56054300357547],[7.711891277947694,8.560528623092598],[7.711908879564613,8.56051665622418],[7.711919301757352,8.560509570453393],[7.711928156228245,8.560503550534397],[7.711947325564381,8.560490517811724],[7.71196670955178,8.56047733915133],[7.711975349368784,8.560471465167591],[7.711985986211684,8.560464233458053],[7.712003373170561,8.560452412520997],[7.712024539527762,8.560438022067995],[7.71203139696971,8.56043335987194],[7.712043816183937,8.56042491637122],[7.712059420766235,8.56041430722042],[7.712082369492556,8.560398704974174],[7.712087444560131,8.560395254566435],[7.712101646145003,8.560385599273902],[7.712115468351401,8.560376201909994],[7.712120922796206,8.560372493572467],[7.712143492140044,8.560357149251088],[7.712159476094884,8.560346282166098],[7.712171515926061,8.560338096589714],[7.712178752742358,8.560333176461164],[7.71219953970945,8.560319043925885],[7.712217306033579,8.560306965047806],[7.712227563490215,8.560299991259587],[7.712236582677325,8.56029385933938],[7.712255587268351,8.560280938590829],[7.712275135961089,8.56026764791903],[7.71228361104386,8.560261885919612],[7.712294412601106,8.560254542207106],[7.712311634816744,8.560242833245928],[7.712332965877411,8.560228330779765],[7.712339658587,8.560223780569782],[7.712352242513701,8.560215225064349],[7.712367682354629,8.560204727891177],[7.712390795782549,8.560189013630017],[7.712395706119632,8.560185675210107],[7.71241007241511,8.560175907911102],[7.712423729882008,8.560166622526577],[7.712429349046427,8.560162802191025],[7.712451753641758,8.560147569840584],[7.712467902305333,8.560136590747373],[7.712479777398879,8.560128517152126],[7.712487178932922,8.5601234850238],[7.712507801153375,8.560109464461208],[7.712525732184371,8.560097273573154],[7.712535824905245,8.560090411767826],[7.712545008808232,8.560084167846087],[7.712563848654487,8.560071359071982],[7.712583562052224,8.560057956388455],[7.712591872401105,8.560052306373676],[7.712602838672357,8.56004485065789],[7.712619896145093,8.56003325367291],[7.712641391908891,8.560018639193267],[7.712647919886457,8.56001420096968],[7.712660668525294,8.560005533459206],[7.712675943625193,8.559995148263988],[7.712699221754373,8.55997932198759],[7.712703967361303,8.559976095555834],[7.712718498367047,8.55996621625004],[7.712731991094785,8.559957042845216],[7.712737774978479,8.55995311051132],[7.71276001482564,8.559937990132136],[7.712776328197616,8.559926899030383],[7.71278803855387,8.559918937416597],[7.712795604805319,8.55991379328817],[7.712816062279471,8.559899884698595],[7.712834158016997,8.559887581800247],[7.712844086002447,8.559880831978127],[7.712853434620972,8.559874476054535],[7.712872109722798,8.559861779255199],[7.712891987825193,8.559848264559621],[7.712900133440519,8.55984272652981],[7.712911264425439,8.55983515881042],[7.712928157155615,8.559823673801958],[7.712949817622204,8.559808947308516],[7.712956180868085,8.559804621071645],[7.712969094218722,8.559795841555815],[7.712984204577928,8.559785568338869],[7.71300764740803,8.55976963004692],[7.713012228285145,8.559766515603629],[7.713026924000818,8.559756524290728],[7.713040251989735,8.559747462865927],[7.713046200592364,8.559743418533367],[7.713068275691699,8.559728410125764],[7.71308475377173,8.559717207015154],[7.713096299391034,8.55970935738314],[7.713104030359547,8.559704101254301],[7.713124323087743,8.559690304638053],[7.713142583531456,8.559677889729098],[7.713152346781827,8.559671251890505],[7.713161860115544,8.559664783964749],[7.713180370473282,8.559652199140494],[7.713200413341464,8.559638554132666],[7.713208253602942,8.55963314592026],[7.713219690565577,8.559625256702784],[7.713235876227993,8.559614091830698],[7.713258245010011,8.55959866183952],[7.713263498850445,8.559595037738736],[7.713277522230333,8.559585364406136],[7.713291121470304,8.559575983644375],[7.713296799449392,8.559572066971581],[7.713318744087567,8.559556929547616],[7.713335353883713,8.559545472098975],[7.713346366702234,8.55953787544846],[7.713354631098978,8.559532174660916],[7.713373989314306,8.559518821346904],[7.713393185525716,8.559505579781302],[7.713401611923783,8.55949976724295],[7.713412462737188,8.559492282339741],[7.713429234530663,8.559480713136598],[7.713451017156341,8.559465687453114],[7.71345685713495,8.559461659027846],[7.713470294364022,8.559452390008051],[7.713484239212505,8.559442604116457],[7.713489572552052,8.559438800242253],[7.713510958831908,8.559423546998726],[7.713528130000864,8.559411300078562],[7.713537678448786,8.559404489878734],[7.713547408723294,8.559397549994952],[7.713564398063138,8.559385432756486],[7.713585966164218,8.559370049824208],[7.713591117674965,8.559366375631978],[7.713605244882709,8.559356299737075],[7.713617837284267,8.559347318505218],[7.713624523599885,8.559342549648761],[7.713644556891044,8.559328261376194],[7.713663081030292,8.559315049468612],[7.713671276495297,8.559309204244913],[7.713682359743523,8.559301299376777],[7.713697996097023,8.559290147111376],[7.713720917166043,8.559273799189576],[7.713724715696225,8.55927108997558],[7.713740195875332,8.559260049094213],[7.713751435292903,8.559252032837524],[7.713759474583305,8.559246298997675],[7.713778154887056,8.55923297569721],[7.713798031995309,8.559218798801068],[7.713804874478681,8.559213918554642],[7.71381731069934,8.559205048701001],[7.713831594067784,8.559194861409816],[7.713836589402057,8.559191298599758],[7.713858313654362,8.559175804262729],[7.713875146803544,8.559163798393751],[7.713885033238413,8.559156747113384],[7.713894425502316,8.559150048288982],[7.713911752819941,8.559137689961782],[7.713932982895917,8.559122548075923],[7.713938472398943,8.559118632807921],[7.713952261590746,8.559108797967628],[7.71396519197542,8.559099575651807],[7.71397154028426,8.55909504785816],[7.713991911549372,8.559080518493431],[7.714010097667345,8.559067547635696],[7.714018631120798,8.559061461332798],[7.714029376356915,8.559053797522697],[7.7140453506897,8.559042404169906],[7.714067933732114,8.559026297293181],[7.714072070256077,8.559023347004754],[7.714087212417742,8.559012547176659],[7.71409878981993,8.55900428983735],[7.714106491102054,8.558998797058962],[7.714125509381256,8.558985232667684],[7.714145048466737,8.558971296820042],[7.714152228940058,8.558966175495762],[7.714164327147105,8.558957546698817],[7.714178948496335,8.558947118321582],[7.71418360582616,8.55894379657642],[7.71420566805009,8.558928061145142],[7.714222163180328,8.558916296328098],[7.714232387601315,8.558909003966447],[7.714241441855439,8.558902546202173],[7.714259107150018,8.558889946785493],[7.714279999201719,8.558875045946793],[7.714285826696195,8.558870889602282],[7.714299277872886,8.558861295817344],[7.714312546239847,8.55885183241681],[7.714318556542739,8.558847545686719],[7.714339265780975,8.558832775229089],[7.714357113878505,8.55882004542194],[7.714365985319577,8.558813718039103],[7.714376392544414,8.558806295287788],[7.714392704855654,8.55879466084686],[7.714414949872292,8.558778795015957],[7.714419424389206,8.558775603652359],[7.714434228534259,8.55876504487828],[7.714446143920235,8.558756546455605],[7.714453507194912,8.558751294739425],[7.714472863448737,8.55873748925659],[7.714492064512272,8.558723794458192],[7.714499582974714,8.558718432055317],[7.714511343168982,8.558710044315816],[7.714526302498166,8.558699374851786],[7.714530621824377,8.55869629417226],[7.714553022019093,8.558680317645997],[7.714569179131223,8.558668793881623],[7.714579741537497,8.55866126043795],[7.714588457782674,8.558655043734543],[7.714606461053376,8.558642203227649],[7.714627015081632,8.558627543436858],[7.714633180566728,8.558623146015089],[7.714646293729141,8.55861379328625],[7.714659900077557,8.55860408880027],[7.714665572375334,8.558600043134467],[7.714686619585859,8.558585031583194],[7.714704129663777,8.558572542827378],[7.714713339091637,8.558565974363859],[7.714723408306028,8.558558792672072],[7.714740058594891,8.55854691714227],[7.714761965586583,8.558531292357932],[7.714766778095619,8.558527859918424],[7.714781244224891,8.558517542199096],[7.714793497593822,8.558508802692318],[7.714800522861883,8.558503792039092],[7.714820217089501,8.558489745463953],[7.714839080131925,8.558476291715548],[7.714846936582655,8.558470688233331],[7.714858358764974,8.558462541552014],[7.714873656073283,8.558451631000453],[7.714877637396708,8.558448791387304],[7.714900375561387,8.558432573765318],[7.714916194656234,8.55842129105436],[7.714927095046966,8.558413516527928],[7.714935473284026,8.558407540886128],[7.71495381453002,8.558394459288277],[7.714974030535665,8.558380040546131],[7.71498053401055,8.558375402046368],[7.714993309159512,8.558366290374373],[7.715007253488555,8.5583563448022],[7.715012587782045,8.558352540201437],[7.715033972964033,8.558337287555778],[7.71505114502317,8.55832503985204],[7.715060692436989,8.558318230307098],[7.715070423641759,8.558311289675576],[7.715087411907418,8.558299173056163],[7.715108980874997,8.558283789319132],[7.715114131375323,8.558280115802969],[7.715128259489645,8.558270039139144],[7.715140850840703,8.558261058547515],[7.715147538102976,8.558256288957985],[7.715167570303557,8.558242001289807],[7.715186095325699,8.558228788592137],[7.715194289763888,8.55822294402984],[7.715205373935088,8.558215038407448],[7.715221009221693,8.558203886767616],[7.715243931149923,8.558187538034549],[7.715247728676974,8.558184829503137],[7.71526320975537,8.558173787846338],[7.71527444812973,8.558165772236398],[7.715282488359501,8.558160037656949],[7.715301167579961,8.558146714967402],[7.715321045563822,8.558132537274648],[7.715327887027666,8.558127657696149],[7.715340324164009,8.558118787081739],[7.715354606472848,8.558108600422639],[7.715359602762883,8.558105036887651],[7.715381325915505,8.558089543146869],[7.715398159956688,8.558077536495945],[7.715408045355637,8.558070485868845],[7.715417438551619,8.558063786298336],[7.715434764793244,8.558051428588563],[7.715455995737538,8.558036285899583],[7.715461484228325,8.558032371306023],[7.715475274328526,8.558022535698445],[7.715488203660882,8.558013314021228],[7.715494552918199,8.558008785496133],[7.715514923090913,8.557994256734174],[7.715533110093602,8.55798128508798],[7.715541642518422,8.557975199444865],[7.715552388679333,8.557967534882142],[7.715568361943403,8.557956142153296],[7.715590945846849,8.557940034466942],[7.715595081365862,8.557937084859471],[7.715610224428636,8.557926284257576],[7.715621800785795,8.55791802756339],[7.715629503009109,8.55791253404704],[7.715648520203202,8.557898970265052],[7.715668060166109,8.557885033622439],[7.715675239618086,8.557879912964454],[7.715687338742639,8.557871283408373],[7.715701959030445,8.5578608556616],[7.715706617317855,8.557857533193136],[7.715728678440278,8.557841798356492],[7.715745174464341,8.557830032759133],[7.715755397847588,8.557822741049128],[7.715764453035614,8.557816282540369],[7.715782117252372,8.557803683739502],[7.715803010174214,8.557788782099317],[7.715808836654631,8.557784626427617],[7.715822288741543,8.557775031877025],[7.715835556054365,8.557765569113482],[7.715841567307558,8.557761281653566],[7.715862275451577,8.557746511797085],[7.715880124435642,8.557733781203114],[7.71588899484626,8.557727454478435],[7.715899402997715,8.557720030976125],[7.71591571423842,8.557708397157526],[7.715937960117913,8.55769253051862],[7.715942433628057,8.557689339834361],[7.715957238676039,8.557678780288112],[7.715969153015167,8.557670282508933],[7.715976517232854,8.557665030056423],[7.715995872399754,8.557651225181257],[7.71601507434254,8.557637529589519],[7.716022591781814,8.557632167851319],[7.716034352895409,8.557623779354309],[7.716049311161351,8.557613110519128],[7.716053631446965,8.55761002911792],[7.716076030538362,8.557594053184674],[7.716092188546135,8.557582528641621],[7.716102749912849,8.557574995847967],[7.716111467093747,8.557568778401706],[7.716129469284811,8.557555938509003],[7.716150024185031,8.557541277918356],[7.71615618865425,8.55753688116778],[7.716169302728701,8.55752752767492],[7.716182908021163,8.5575178238243],[7.716188581271057,8.557513777430309],[7.716209627385551,8.557498766478568],[7.716227138351826,8.557486276937558],[7.716236346747415,8.557479709130575],[7.716246416890239,8.557472526689423],[7.716263066106753,8.557460651780325],[7.716284973963119,8.557445026189622],[7.716289785463567,8.55744159442782],[7.716304252497589,8.557431275937963],[7.716316504817856,8.55742253707306],[7.716323531030747,8.557417525685127],[7.71634322416962,8.557403479716042],[7.716362088093113,8.55739002517593],[7.716369943518859,8.557384422356765],[7.716381366622325,8.557376274919573],[7.716396713725162,8.557365365164024],[7.716400644901705,8.557362598855349],[7.716423794268632,8.557346308998934],[7.716439200716342,8.557335467715005],[7.716450874809547,8.55732725283153],[7.716458478621719,8.557321902143077],[7.716477955347911,8.557308196661818],[7.716497034428594,8.557294770995702],[7.716505035883722,8.557289140489791],[7.71651631233009,8.557281205420256],[7.716532116416984,8.557270084315451],[7.716554868129203,8.557254074265852],[7.716559196947688,8.5572510281388],[7.716574146026817,8.557240508686892],[7.716586277475839,8.557231971959835],[7.71659342392314,8.55722694310676],[7.716613358001439,8.557212915778557],[7.7166319797119,8.557199811942983],[7.716640438524485,8.557193859594971],[7.71665125760434,8.557186246359336],[7.716667519044977,8.557174803409069],[7.716689813385338,8.557159115188528],[7.716694599562919,8.557155747220861],[7.716709091273898,8.557145549601364],[7.716721680078306,8.557136691030337],[7.716728369161165,8.557131984013033],[7.716748760591139,8.5571176348375],[7.716766924931813,8.557104852832849],[7.716775841101422,8.557098578642352],[7.716786202815197,8.557091287241002],[7.71680292160915,8.557079522444893],[7.716824758578084,8.557064156053789],[7.716830002114325,8.557060466245117],[7.716844036457587,8.557050590458424],[7.716857082616949,8.557041410043032],[7.716863314335796,8.55703702486189],[7.716884163117019,8.557022353838637],[7.716901870088331,8.557009893665304],[7.716911243614536,8.557003297631926],[7.71692114796266,8.556996328065255],[7.716938324109499,8.556984241422908],[7.716959703707436,8.55696919686164],[7.71696540460191,8.556965185211572],[7.71697898157788,8.556955631258074],[7.716992485091769,8.556946128997929],[7.716998259447034,8.556942065653336],[7.717019565579074,8.556927072781972],[7.717036815181458,8.55691493444035],[7.717046646063826,8.556908016563705],[7.71705609304673,8.556901368832099],[7.717073726546024,8.556888960343123],[7.717094648773394,8.556874237612078],[7.717100807025671,8.55686990412023],[7.717113926634783,8.556860672000314],[7.717127887502765,8.556850847895024],[7.717133204494881,8.556847106387373],[7.717154967977304,8.556831791667507],[7.717171760211193,8.556819975157984],[7.717182048449293,8.556812735437683],[7.717191038067408,8.556806409541531],[7.717209128918728,8.55679367920554],[7.717229593775961,8.556779278305111],[7.71723620938561,8.55677462297109],[7.717248871628294,8.556765712685143],[7.717263289849939,8.556755566734326],[7.717268149479335,8.556752147064003],[7.717290370311715,8.556736510495249],[7.717306705177537,8.556725015818209],[7.717317450770939,8.55671745425386],[7.717325983024695,8.556711450193557],[7.717344531227609,8.55669839801016],[7.717364538715134,8.556684318940734],[7.717371611681727,8.55667934176415],[7.717383816558414,8.556670753312565],[7.717398692133291,8.556660285515825],[7.717403094400398,8.556657187683227],[7.717425772582303,8.556641229265189],[7.717441650080486,8.556630056421032],[7.717452853028762,8.556622173012245],[7.71746092791859,8.55661649078818],[7.717479933472669,8.556603116756984],[7.717499483590917,8.556589359518954],[7.717507013914021,8.556584060499418],[7.717518761425141,8.556575793882587],[7.717534094352822,8.556565004239534],[7.717538039258069,8.556562228245044],[7.717561174789069,8.556545947977341],[7.717576594920047,8.55653509696645],[7.717588255222764,8.556526891712835],[7.717595872749094,8.556521531325393],[7.717615335653905,8.556507835446016],[7.717634428403309,8.55649440003977],[7.717642416082493,8.55648877917689],[7.717653706228477,8.5564808343952],[7.717669496508529,8.556469722905451],[7.717692261874928,8.55645370310255],[7.717696576932015,8.556450666631696],[7.717711539696215,8.556440137454464],[7.717723657352946,8.556431610355634],[7.717730817516207,8.556426571805206],[7.717750737771323,8.556412554077259],[7.71776937315231,8.556399440503183],[7.717777818187146,8.556393497796572],[7.717788650968422,8.556385874850413],[7.717804898600419,8.55637444151357],[7.717827206596763,8.55635874354136],[7.717831979011137,8.556355385228265],[7.717846484408994,8.556345177885076],[7.717859059419305,8.556336328940642],[7.71786576221993,8.556331612227623],[7.717886139824917,8.556317272650707],[7.717904317837922,8.556304480909198],[7.717913220227978,8.556298216358464],[7.717923595644978,8.55629091524823],[7.717940300628486,8.556279160063907],[7.717962151255207,8.556263783922775],[7.717967381026442,8.556260103767041],[7.717981429058382,8.55625021825829],[7.717994461421843,8.556241047467863],[7.718000706860264,8.556236652592634],[7.718021541814693,8.556221991166368],[7.718039262460144,8.55620952125781],[7.718048622204989,8.556202934862567],[7.718058540258142,8.556195955588644],[7.718075702592733,8.556183878556453],[7.718097095850262,8.556168824246788],[7.718102782977926,8.556164822248023],[7.718116373644382,8.556155258574107],[7.718129863360564,8.556145765937286],[7.718135651437206,8.55614169290025],[7.718156943740648,8.55612670962424],[7.718174207018976,8.556114561549029],[7.718184024118181,8.55610765330888],[7.718193484807919,8.55610099587166],[7.718211104493161,8.556088596991211],[7.718232041482462,8.55607353543525],[7.718237588544085,8.556069538695315],[7.718251320354494,8.55605964472208],[7.718264039638741,8.556050480288011],[7.718270599225195,8.556045754007739],[7.718290490730893,8.556031421878489],[7.718309156962609,8.556017972575521],[7.71831694182054,8.556012363466756],[7.718328435829322,8.556004081857646],[7.718343392907686,8.555993305052805],[7.718347714694703,8.555990191138596],[7.718369843992327,8.55597424663664],[7.718386272421477,8.555962409696965],[7.718396295074466,8.55595518821826],[7.71840555128287,8.555948518974386],[7.7184227461541,8.555936129797667],[7.718444109001664,8.555920737525694],[7.71844919723123,8.555917071374852],[7.718463387859067,8.555906846799584],[7.718475648305859,8.555898012949825],[7.718482666715141,8.555892956072299],[7.718502099377984,8.555878954522585],[7.718521224423298,8.555865174614192],[7.718528550447605,8.55585989609313],[7.71854050327538,8.555851283883374],[7.718555001514722,8.55584083766146],[7.718559782126134,8.555837393151382],[7.718581452579336,8.555821779227573],[7.718598339823652,8.555809611683863],[7.718607903641447,8.555802720791474],[7.718617618670415,8.55579572094834],[7.718634354701054,8.555783662353157],[7.718656176359953,8.55576793947376],[7.718660805758158,8.555764603912628],[7.718675455202728,8.555754048734707],[7.718687256812758,8.555745545469883],[7.718694734044173,8.555740157994478],[7.718713707864854,8.555726487024923],[7.718733291723072,8.55571237651049],[7.718740158914448,8.555707428577747],[7.718752570560526,8.555698485766726],[7.718766609961539,8.555688370128358],[7.718771849396652,8.555684595021795],[7.718793061006125,8.555669311676752],[7.718810407064912,8.55565681352839],[7.71881951204821,8.555650253222934],[7.718829685897047,8.555642922779924],[7.718845963087791,8.5556311947669],[7.718868243557329,8.555615141279462],[7.718887472023935,8.555616317994321],[7.718903489249078,8.555631385275772],[7.718906644144129,8.555634353061269],[7.718923914310293,8.555650598972534],[7.718925816266141,8.555652388127516],[7.718944339373576,8.555669812668496],[7.718944988389975,8.55567042319306],[7.718964764438923,8.555689026363664],[7.7189833326431,8.55570649332205],[7.718985189506335,8.555708240058037],[7.719002504772393,8.55572452838549],[7.719005614575814,8.555727453751613],[7.719021676903506,8.555742563448229],[7.719026039647358,8.555746667444398],[7.719040849036439,8.555760598510266],[7.719046464720967,8.555765881136383],[7.719060021171192,8.555778633571604],[7.719066889796641,8.555785094827572],[7.719079193307763,8.55579666863224],[7.719087314874383,8.555804308517965],[7.719098365446157,8.555814703692175],[7.719107739954189,8.555823522207564],[7.719117537586368,8.555832738751413],[7.719128165036061,8.555842735896364],[7.719136709728401,8.555850773809945],[7.719148590119997,8.555861949584374],[7.719155881872253,8.555868808867777],[7.719169015206001,8.55588116327158],[7.719175054017925,8.555886843924908],[7.719189440294069,8.555900376957995],[7.719194226165417,8.555904878981337],[7.719209865384205,8.555919590643619],[7.71921339831473,8.555922914037065],[7.719230290476404,8.555938804328438],[7.719232570465863,8.555940949092092],[7.719250715570669,8.555958018012467],[7.719251742618814,8.555958984146418],[7.719271140667002,8.555977231695696],[7.719290086930179,8.555995054252966],[7.719291565765398,8.555996445378131],[7.719309259088591,8.556013089305187],[7.71931199086586,8.556015659059769],[7.719328431248824,8.556031124356707],[7.719328386597731,8.556044487258035],[7.719317976865419,8.556053970997178],[7.719309095446455,8.556062062372764],[7.719297037473582,8.556073047732108],[7.719289804293433,8.556079637486253],[7.719276098079686,8.556092124465573],[7.719270513138662,8.556097212598504],[7.719255158683732,8.556111201197586],[7.719251221982146,8.556114787709513],[7.71923421928572,8.556130277928137],[7.719231930823884,8.556132362819291],[7.719213279885652,8.556149354657226],[7.719193348502119,8.55616751303512],[7.719192340483526,8.556168431384863],[7.719174057338617,8.55618508814118],[7.71917140107934,8.55618750811104],[7.719154766173368,8.556202663246003],[7.719150461673098,8.556206584835754],[7.719135475006373,8.556220238349585],[7.719129522264796,8.556225661559013],[7.719116183837628,8.556237813451926],[7.71910858285444,8.55624473828081],[7.71909689266714,8.55625538855303],[7.719087643442022,8.556263815001147],[7.719077601494904,8.5562729636529],[7.71906670402755,8.556282891720025],[7.719058310320922,8.556290538751528],[7.719045764611018,8.556301968437445],[7.719039019145194,8.556308113848914],[7.719024825192427,8.556321045153407],[7.719019727967717,8.556325688945071],[7.71900388577178,8.556340121867912],[7.719000436788495,8.556343264039983],[7.718982946349076,8.556359198580955],[7.718981145607525,8.556360839133658],[7.718962006924311,8.556378275292534],[7.718942563240349,8.55639598931729],[7.718941067497491,8.556397352002662],[7.718923272054139,8.556413564407253],[7.718920128068612,8.556416428711328],[7.718903980866184,8.556431139495972],[7.718899188637675,8.556435505418534],[7.718884689676482,8.556448714583453],[7.71887824920468,8.556454582124282],[7.718865398485033,8.556466289669698],[7.718857309769628,8.55647365882857],[7.718846107291838,8.556483864754707],[7.718836370332516,8.5564927355314],[7.718826816096894,8.55650143983847],[7.718815430893347,8.55651181223277],[7.718807524900205,8.556519014921],[7.718794491452121,8.556530888932683],[7.718788233701769,8.556536590002292],[7.718778112103784,8.556549980735499],[7.718768801295582,8.556596403183036],[7.718758924518907,8.556645647456467],[7.718749242835125,8.55669391900573],[7.718739736921038,8.556741314174618],[7.71872968436117,8.556791434825497],[7.718720549310181,8.55683698088994],[7.718719306846967,8.556856122828952],[7.718729418714053,8.556870891392993],[7.718732445731852,8.556875312406778],[7.718748557721782,8.556898844255189],[7.71875872350534,8.556913691561618],[7.71876769673214,8.5569267971168],[7.718771862393946,8.556932881138632],[7.71878683574513,8.556954749977844],[7.718798140174871,8.556971260291844],[7.718805974760748,8.556982702838313],[7.718811279067195,8.556990449868046],[7.718825113778998,8.557010655698203],[7.718837556855561,8.557028829019629],[7.71884425279988,8.55703860855752],[7.718850695751603,8.557048018595014],[7.718863391823393,8.557066561416258],[7.718876973547409,8.557086397744968],[7.718882530849535,8.557094514274425],[7.718890112447171,8.557105587319544],[7.718901669878307,8.557122467132013],[7.718916390250414,8.557143966467875],[7.718920808909711,8.557150419989028],[7.718929529153895,8.557163156041632],[7.718939947943746,8.557178372845465],[7.718955806964578,8.557201535188332],[7.718959086980411,8.557206325701328],[7.718968945871779,8.557220724761278],[7.718978226019708,8.557234278556612],[7.71898208478022,8.55723991433395],[7.718997365061635,8.557262231411324],[7.719008362600822,8.557278293478483],[7.719016504106192,8.557290184265458],[7.719021501512982,8.557297483050341],[7.719035643153382,8.557318137119019],[7.719046031096046,8.55733585640326],[7.719054758426429,8.557353203108628],[7.71906532846124,8.557374212426955],[7.719073863979686,8.557391177877912],[7.719084625829872,8.557412568450184],[7.719092969536312,8.557429152646739],[7.719103923201942,8.557450924472946],[7.719112075096306,8.557467127415105],[7.719123220577448,8.557489280495238],[7.71913118065967,8.557505102183013],[7.71914251795639,8.55752763651706],[7.719150286226403,8.55754307695046],[7.71916181533877,8.557565992538418],[7.719169391796505,8.55758105171745],[7.719183401942616,8.557604356140361],[7.719188518808406,8.557612612425858],[7.719195292191651,8.55762354157375],[7.719207648145141,8.557643478439402],[7.719219072693028,8.5576619124399],[7.719226777484731,8.557674344452407],[7.719230962945371,8.557681097872658],[7.719245906827175,8.55770521046487],[7.719254743453364,8.557719468737556],[7.719265036172471,8.557736076476793],[7.719278523965768,8.557757839601615],[7.719284165520623,8.557766942488174],[7.719290414223624,8.557777025033333],[7.719303294871629,8.557797808499018],[7.719314194742643,8.557815395896139],[7.719322424225489,8.557828674509317],[7.719326085003807,8.557834581327228],[7.719341553582201,8.557859540519075],[7.719349865529441,8.55787295218878],[7.719360682941768,8.55789040652829],[7.719373646059487,8.557911323049497],[7.719379812304191,8.55792127253697],[7.719385536326165,8.557930508479542],[7.719398941669467,8.557952138545105],[7.719409316862826,8.557968879339006],[7.719418071037595,8.5579830045527],[7.719433097403899,8.558007250197633],[7.71943720040858,8.558013870559758],[7.719444987676089,8.558026435626633],[7.719456329782416,8.558044736566272],[7.719468768223777,8.558064806484005],[7.719475459159108,8.558075602572243],[7.719480658499276,8.558083991912383],[7.719494588538654,8.558106468577673],[7.719504439053582,8.5581223627685],[7.719513717921054,8.558137334582565],[7.719528219612297,8.558160733623783],[7.719532847306307,8.558168200586914],[7.719540109893309,8.558179919051113],[7.719551976694416,8.558199066590726],[7.71956389045864,8.558218289905142],[7.719571106085379,8.558229932593992],[7.719575780742961,8.558237475331843],[7.719590235479195,8.55826079859672],[7.719599561314909,8.558275846184616],[7.719609364875867,8.558291664598906],[7.719623341891268,8.558314217036555],[7.719628494275391,8.558322530600549],[7.719635232181101,8.55833340246221],[7.71964762367777,8.558353396601657],[7.719659012764077,8.558371773312894],[7.719666753083005,8.558384262602218],[7.719670903057218,8.558390958737924],[7.719685882491092,8.558415128602238],[7.719694683646812,8.558429329587357],[7.719705011902034,8.558445994601719],[7.719718464240814,8.55846770043595],[7.71972414131583,8.55847686060066],[7.719730354539471,8.558486885859935],[7.719743270732482,8.558507726599057],[7.719754135140089,8.558525256707277],[7.719762400151987,8.558538592596916],[7.719766025442054,8.55854444213063],[7.719781529574346,8.558569458594235],[7.71978980604929,8.558582812976717],[7.719800658999559,8.558600324591007],[7.719813586660936,8.558621183821964],[7.719819788427628,8.558631190587246],[7.719825476968416,8.558640369244278],[7.71983891785855,8.558662056582936],[7.719849257586681,8.558678740088272],[7.719858047292328,8.558692922578086],[7.719873038209355,8.558717110931433],[7.719877176728959,8.558723788572697],[7.719884928522347,8.558736296352697],[7.719896306168445,8.55875465456677],[7.719908709151641,8.558774667194603],[7.719915435610785,8.558785520560296],[7.719920599467939,8.558793852615239],[7.71993456505598,8.558816386553284],[7.71994438010385,8.558832223455891],[7.71995369450403,8.558847252545728],[7.719968160744171,8.558870594295703],[7.719972823954934,8.558878118537637],[7.719980051065985,8.5588897797153],[7.719991953408693,8.558908984528996],[7.720003831712922,8.558928150553855],[7.720011082865304,8.558939850519819],[7.720015722038045,8.558947335972823],[7.720030212324771,8.558970716510101],[7.7200395026916,8.558985706810128],[7.720049341787094,8.55900158249984],[7.720063283349568,8.559024077646594],[7.72006847125227,8.55903244848904],[7.720075173680205,8.559043263064515],[7.720087600720302,8.559063314477697],[7.720098954344788,8.55908163389973],[7.720106730191186,8.559094180465813],[7.720110844678735,8.559100819317022],[7.720125859664927,8.55912504645339],[7.720134625349935,8.559139190150978],[7.720144989141522,8.559155912440422],[7.720158406025549,8.559177560984102],[7.720164118620971,8.559186778426914],[7.720170296365009,8.559196746400348],[7.720183248103275,8.559217644412865],[7.720194077047239,8.559235117232216],[7.720202377588436,8.559248510398275],[7.720217857733881,8.559273488063244],[7.720221507076449,8.559279376383143],[7.720229748078856,8.559292673478446],[7.720240636567318,8.55931024236747],[7.720253528772115,8.559331044308223],[7.720259766061041,8.559341108351257],[7.7202654191204,8.559350229722797],[7.720278895557618,8.5593719743345],[7.720289199820276,8.559388600551316],[7.720298027769029,8.559402028402193],[7.720301859720762,8.559407788512022],[7.720317164286912,8.559430794014421],[7.720327390026208,8.559446165129318],[7.72033630080749,8.559459559626081],[7.720340155180728,8.559465353437586],[7.720355437330762,8.55948832523718],[7.720365685493366,8.559503730053368],[7.720374573856729,8.559517090847708],[7.720378450651483,8.559522918360884],[7.720393710385392,8.559545856457666],[7.720403980971316,8.559561294975154],[7.720412846916748,8.55957462206706],[7.720416746133031,8.559580483281911],[7.720431983450798,8.559603387675889],[7.720442276460058,8.559618859894668],[7.720451119987544,8.559632153284152],[7.72045504162537,8.559638048200668],[7.720470256526985,8.559660918891849],[7.720480571959589,8.559676424811911],[7.72048939306912,8.559689684498977],[7.7204933371285,8.559695613117157],[7.720508529613952,8.559718450105537],[7.720518867469915,8.559733989726887],[7.720527666161476,8.559747215711534],[7.720531632642421,8.559753178031375],[7.720546802711694,8.55977598131696],[7.720557162991031,8.559791554639595],[7.720565939264609,8.559804746921824],[7.720569928167134,8.559810742943329],[7.720585075820218,8.559833512526119],[7.720595458522939,8.559849119550034],[7.720604212378522,8.559862278129849],[7.72060822370264,8.559868307853009],[7.720623348939521,8.55989104373301],[7.720633754065639,8.559906684458204],[7.720642485503214,8.559919809335607],[7.720646519248938,8.559925872760422],[7.720661622069603,8.559948574937636],[7.720672049619132,8.559964249364102],[7.720680758638687,8.559977340539097],[7.720684814806027,8.559983437665565],[7.720699895210465,8.560006106139996],[7.720710345183416,8.560021814267733],[7.720719031784938,8.560034871740324],[7.72072311037391,8.56004100256844],[7.720738168362105,8.560063637340086],[7.720748640758493,8.560079379169094],[7.720757304941968,8.560092402939281],[7.720761405952584,8.560098567469042],[7.720776441524527,8.560121168537908],[7.720786936344361,8.560136944068187],[7.720795578109779,8.560149934135973],[7.72080004368387,8.560156133499325],[7.720814728107071,8.560174683976449],[7.720830435052377,8.560194526178726],[7.720833879962523,8.560198878049672],[7.720845630738832,8.560213722517839],[7.720853031820309,8.560223072122271],[7.720860826426757,8.56023291885656],[7.72087218368043,8.560247266194251],[7.720876022116152,8.560252115194887],[7.720891335542885,8.560271460265609],[7.720906413499351,8.56029050787037],[7.720910487407675,8.560295654336342],[7.720921609193154,8.560309704207521],[7.720929639274797,8.560319848406449],[7.720936804888426,8.560328900544281],[7.720948791144255,8.560344042475936],[7.72095200058517,8.56034809688065],[7.720967943016045,8.5603682365448],[7.72098239198306,8.56038648955221],[7.72098709489017,8.560392430613042],[7.720997587684209,8.5604056858874],[7.721006246766629,8.560416624680657],[7.72101278338683,8.560424882222197],[7.721025398645421,8.56044081874765],[7.721027979090917,8.560444078556607],[7.721044550526548,8.560465012814024],[7.721058370503503,8.560482471224242],[7.721063702410009,8.560489206879772],[7.721073566211999,8.560501667557475],[7.721082854295805,8.560513400944897],[7.721088761921965,8.560520863890313],[7.721102006183933,8.5605375950094],[7.721118546462311,8.5605592545474],[7.721121152943179,8.560563326040503],[7.721130829366724,8.560578441244356],[7.721140285830811,8.560593212855997],[7.721155395178996,8.560616814637592],[7.721159418721224,8.560623099670936],[7.721167678086848,8.560636001333869],[7.721178551614418,8.560652986485323],[7.721192243905996,8.560674374725732],[7.721197684510393,8.560682873299152],[7.721204526817287,8.560693561421319],[7.72121681740915,8.560712760112432],[7.721229092643311,8.560731934811814],[7.721235950310687,8.560742646925156],[7.721241375558042,8.560751121506721],[7.721255083215006,8.560772533737332],[7.721265941390944,8.560789494895849],[7.721274216122106,8.560802420548947],[7.721278224309114,8.560808681590068],[7.721293349031987,8.560832307360013],[7.721302790148893,8.560847054977827],[7.72131248194465,8.560862194170523],[7.721327355993257,8.560885428364676],[7.721331614860093,8.560892080980482],[7.721339638917158,8.560904615057757],[7.721350747778319,8.560921967789882],[7.721364204768398,8.560942988443232],[7.721369880699325,8.560951854598734],[7.721376487695739,8.560962175135629],[7.721389013623112,8.560981741407032],[7.721401053553858,8.561000548519734],[7.721408146549681,8.561011628214775],[7.721413336484636,8.561019735211447],[7.721427279479031,8.561041515021966],[7.721437902349633,8.561058108594185],[7.721446412411162,8.5610714018286],[7.72145018528385,8.561077295285212],[7.721465545346076,8.561101288634681],[7.721474751155724,8.56111566866658],[7.72148467828377,8.561131175440211],[7.721499317032183,8.561154042047042],[7.721503811224246,8.561161062245187],[7.721511599972135,8.561173228736928],[7.721522944167503,8.561190949049609],[7.721536165855472,8.561211602116018],[7.721542077113541,8.561220835853474],[7.72154844879886,8.561230788805217],[7.721561210062362,8.561250722656789],[7.721573014689075,8.561269162182935],[7.721580343013962,8.561280609459548],[7.721585297635902,8.561288348871454],[7.721599475968344,8.561310496261756],[7.721609863532996,8.561326722247806],[7.721618608925509,8.561340383063408],[7.721622146483262,8.561345908935637],[7.721637741885454,8.561370269864506],[7.721646712387233,8.561384282310618],[7.721656874848182,8.561400156665051],[7.721676584505348,8.561422673230313],[7.721695209564098,8.561439320690251],[7.721698084530249,8.561441890393837],[7.721714377683387,8.5614586754545],[7.721728982205232,8.561480284701842],[7.721733515893557,8.561486992869739],[7.721741950982575,8.561499473654973],[7.721752654106388,8.561515310284411],[7.72176788854093,8.561537851560452],[7.721771792321881,8.561543627698505],[7.72178085732194,8.561557040512799],[7.721790930540034,8.56157194511203],[7.721806794887623,8.561595418416701],[7.721810068760848,8.561600262524982],[7.721819763672299,8.561614607368256],[7.721829206984323,8.56162857993736],[7.721832732458196,8.561633796319551],[7.721848345210459,8.561656897349165],[7.721858670033655,8.561672174221348],[7.721867483439256,8.561685214760399],[7.721871638823218,8.561691363171851],[7.721886621670713,8.561713532171064],[7.721897576406012,8.561729741072071],[7.721905762235656,8.561741151092063],[7.721911646969513,8.561748933664386],[7.721924910462599,8.561766474659262],[7.721940673857302,8.56178732177641],[7.721944058691967,8.561791798225853],[7.721955187303288,8.561806515831897],[7.721963206923762,8.561817121791838],[7.721969700750665,8.561825709887035],[7.721982355157981,8.561842445357211],[7.721998727649602,8.561864097996258],[7.722001503394624,8.561867768921976],[7.722013101987558,8.561883291590448],[7.722020643421655,8.561895553603174],[7.722024901276144,8.561902476671461],[7.722039772379913,8.56192665637477],[7.722048499856594,8.56194084683287],[7.722058901341046,8.561957759145823],[7.722072098441419,8.561979216993459],[7.722078030305052,8.561988861916344],[7.722083897735472,8.561998402073446],[7.722097159271934,8.562019964686318],[7.722107496326857,8.562036772232803],[7.722116288241688,8.562051067455753],[7.722131094922617,8.562075142391338],[7.722135417214316,8.562082170224654],[7.722142894222135,8.5620943274703],[7.72215454618982,8.562113272993017],[7.722166492824456,8.562132697627604],[7.722173675168196,8.562144375760832],[7.722178292127256,8.562151882705948],[7.722192804149446,8.562175478528111],[7.722201890736136,8.56219025286202],[7.72221193313357,8.562206581294852],[7.722225489349392,8.562228623017269],[7.72223106212057,8.562237684061055],[7.72223728865766,8.562247808094588],[7.722250191110441,8.562268786826714],[7.722260887277476,8.562286178248607],[7.722269320103188,8.562299889591836],[7.722284485901667,8.562324548401802],[7.722288446967781,8.562331631118154],[7.722294874445851,8.562343728814996],[7.722307559716103,8.562367604826433],[7.722315254768896,8.562382088329498],[7.722326672467656,8.562403578534225],[7.722335635095615,8.562420447843452],[7.722345785222438,8.562439552241537],[7.722356015426008,8.562458807356856],[7.722364897980452,8.562475525948365],[7.722376395760076,8.562497166869708],[7.722384010741699,8.56251149965471],[7.722396776097818,8.562535526382012],[7.722403123506176,8.562547473360569],[7.722417156439232,8.562573885893768],[7.722422236273885,8.562583447065945],[7.722427346611319,8.56259306564944],[7.722441349044825,8.562619420770842],[7.722447726958245,8.562631425160367],[7.722460461818996,8.562655394475252],[7.722468107308846,8.562669784670746],[7.722479574596399,8.562691368179179],[7.722488487663122,8.562708144180576],[7.722498691386783,8.562726139844633],[7.722510695098025,8.562746509728258],[7.722517815912615,8.56275859350378],[7.72252199965286,8.562765693165588],[7.722536940441422,8.562791047162403],[7.722544608765649,8.562804060039701],[7.722556064973205,8.562823500820503],[7.722567217882595,8.562842426913077],[7.722575190022702,8.562855800163616],[7.722579010719078,8.562861611963156],[7.722594325720222,8.562884908163808],[7.722604238921924,8.562899987490873],[7.722613461420468,8.562914016163433],[7.722616853025124,8.562919175254365],[7.722632597123437,8.562943124162492],[7.722642081235069,8.562957550780611],[7.722651732829125,8.56297223216099],[7.722667309449748,8.562995926305877],[7.72267086853754,8.563001340158925],[7.722679923558862,8.563015114068142],[7.722690004248674,8.563030448156294],[7.722705151780637,8.56305348959194],[7.722709139962533,8.5630595561531],[7.722717765893301,8.563072677353475],[7.722728275679114,8.563088664149348],[7.722742994122176,8.563111052875799],[7.722747411398418,8.563117772145025],[7.722755608238387,8.5631302406366],[7.722766547120443,8.563146880140142],[7.722780836474361,8.563168616157459],[7.722785682845194,8.563175988134692],[7.722793450594122,8.563187803917518],[7.72280481877715,8.563205034816637],[7.722819290137852,8.56322618145685],[7.722823958308977,8.563233002938912],[7.722832422142694,8.563245370927401],[7.722843097843438,8.563260971060611],[7.7228586861561,8.563283749867686],[7.722862237380533,8.563288939181735],[7.722871818164664,8.563302939337422],[7.722881376920263,8.563316907302278],[7.722884950174466,8.563322128806886],[7.722900505795359,8.56334807401424],[7.722907612562238,8.563360495844652],[7.722919627152115,8.563381495996685],[7.722929561732977,8.563398860525124],[7.722938748511917,8.563414917978617],[7.722951510907732,8.563437225204913],[7.722957869874766,8.563448339960036],[7.722962485496615,8.563456407544559],[7.722976991240662,8.563481761940942],[7.722984434677392,8.563494772223336],[7.722996112609605,8.563515183921336],[7.723006383862183,8.563533136901437],[7.723015233981596,8.563548605901213],[7.72302833305099,8.563571501578863],[7.723034355356633,8.56358202788058],[7.7230393076469,8.563590683917322],[7.723053476734719,8.563615449859434],[7.723061256841729,8.563629048593736],[7.723072598115849,8.563648871837772],[7.723083206040575,8.563667413269473],[7.723091719500029,8.563682293815603],[7.723105155243434,8.56370577794453],[7.723110840887255,8.563715715792915],[7.72311612984637,8.563724960281807],[7.723129962277528,8.563749137769713],[7.723138079055252,8.563763324955856],[7.723149088054381,8.563781245151095],[7.723150229472014,8.56378251117713],[7.723168250024881,8.563802499029896],[7.723184855871405,8.563820917730785],[7.723187411997473,8.563823752908034],[7.723202169073663,8.563840121006805],[7.72320657397216,8.563845006785513],[7.723219482277632,8.563859324282285],[7.723225735948941,8.563866260662333],[7.723236795483309,8.563878527557224],[7.723244897927816,8.56388751453849],[7.723254108690696,8.563897730831624],[7.723264059908784,8.563908768413983],[7.723271192496497,8.563916933347665],[7.723283219255541,8.563930812970241],[7.723287830291237,8.563936134389834],[7.723302378383539,8.56395292378445],[7.723304468087609,8.563955335431512],[7.723321537513703,8.563975034598005],[7.72333774368525,8.563993737513396],[7.723340696646032,8.56399714541091],[7.723354381486519,8.564012938553605],[7.723359855780525,8.564019256223167],[7.723371019289421,8.564032139593321],[7.723379014917183,8.564041367034772],[7.723387657093956,8.564051340632545],[7.723398174056006,8.564063477845727],[7.723404294900124,8.564070541671283],[7.723417333196995,8.564085588656031],[7.723420932707923,8.564089742709525],[7.723436492340149,8.564107699465682],[7.723472949932871,8.56412820668812],[7.723494099220297,8.564135205524513],[7.723531389404878,8.564147545790451],[7.723551734222594,8.564154278403809],[7.723589828883951,8.564166884884791],[7.723628580903021,8.56417970889745],[7.723648268370093,8.564186223971134],[7.723686215788621,8.564198821581181],[7.723706425822306,8.564205562118072],[7.723743850315013,8.564218044091703],[7.723764405284064,8.564224899669306],[7.723801484848324,8.564237266594452],[7.723822384752823,8.564244237212673],[7.723859119388551,8.56425648908943],[7.723880364228581,8.56426357474818],[7.723916753935695,8.564275711576643],[7.723938343711338,8.564282912275829],[7.723974388489756,8.564294934056088],[7.723996323201098,8.564302249795613],[7.724032023050736,8.56431415652776],[7.724054302697856,8.564321587307536],[7.724089657618633,8.564333378991668],[7.724115699420498,8.564340936093199],[7.724166529182812,8.564351367190318],[7.724210521932774,8.564360395215177],[7.724262627861161,8.56437108818883],[7.724305344457985,8.564379854315272],[7.724358726552796,8.564390809164875],[7.724400166996131,8.56439931339349],[7.724454825257714,8.564410530118453],[7.724494989547209,8.564418772449825],[7.72455092397592,8.564430251049545],[7.724589812111224,8.56443823148428],[7.724627802960046,8.564446027778244],[7.724684634688169,8.564457690496853],[7.724723901702161,8.564465748668887],[7.7248530154411,8.56447739220243],[7.72504711678067,8.564458886505301],[7.72508455630989,8.564459010017533],[7.725126097672725,8.564459147057386],[7.725147079225932,8.56444953404805],[7.725205339948214,8.564440262361426],[7.725262542874956,8.564429615376833],[7.725306414692078,8.564421449659648],[7.725358766941229,8.564411705500342],[7.725407489429776,8.564402636929954],[7.725454991001913,8.564393795598562],[7.725508564161307,8.564383824172342],[7.725551215057008,8.56437588567148],[7.72560963888667,8.56436501138682],[7.725666683915741,8.56435439372558],[7.725713220506857,8.5643462068393],[7.725762904606031,8.564337491136266],[7.725820349775853,8.564327413959054],[7.725878369827059,8.564317087976551],[7.72592576650201,8.564308615401838],[7.726013057859094,8.564299710960276],[7.726152033368828,8.564290215167961],[7.726282379511102,8.564281308948898],[7.726320854032953,8.564278680074496],[7.726336340528373,8.564290822619729],[7.726340030693343,8.56429558383443],[7.72635121765741,8.564310017751367],[7.726359181392335,8.564320292914424],[7.72636609478788,8.564329212882631],[7.726378332093703,8.564345001993798],[7.726380971919785,8.564348408013524],[7.72639748279745,8.564369711072557],[7.726410726187897,8.564386798274185],[7.726416633503574,8.564394420150695],[7.726425603324105,8.564405993403959],[7.726435784212074,8.564419129228217],[7.72644048046175,8.56442518853336],[7.726454930953513,8.564445031713797],[7.726466886744424,8.56448271386132],[7.726473964321518,8.564505020898347],[7.726485129847623,8.564540212288119],[7.726492997694241,8.564565010082644],[7.726503372955153,8.564597710714684],[7.72651203107168,8.564624999266698],[7.726521616067018,8.564655209141026],[7.726531064453838,8.564684988450507],[7.726539859183217,8.564712707567141],[7.726550097840714,8.564744977634067],[7.726558102303749,8.564770205993032],[7.726569131232307,8.564804966817382],[7.726570264386512,8.564808538276834],[7.726592951715761,8.564808613035808],[7.726626850168126,8.564798897712981],[7.72665899647239,8.564789684553828],[7.726684603966986,8.564782345420973],[7.726725041224014,8.564770756059584],[7.72676160902618,8.564760275683707],[7.726791085970636,8.564751827553076],[7.726819362816111,8.564743723369816],[7.72685713071225,8.564732899034306],[7.726896367863398,8.564721653603373],[7.726923175448858,8.564713970503272],[7.726954121644398,8.5647051012676],[7.726989220180461,8.564695041959975],[7.727031126679776,8.564683031471986],[7.727055264907059,8.564676113404415],[7.727088880451845,8.564666479114337],[7.727121309628653,8.564657184836593],[7.727146634220088,8.564649926747304],[7.72718735434524,8.56463825625651],[7.727223639238455,8.56462785691001],[7.727253399056822,8.564619327664161],[7.727281392997767,8.564611304521101],[7.727319443763399,8.56460039905955],[7.727358398004227,8.564589234654635],[7.72738548846497,8.564581470442674],[7.727402182533307,8.564581525416228],[7.72741609146576,8.564590821431128],[7.72743097126984,8.564600766325698],[7.727454472034935,8.564616473024476],[7.727459760009441,8.564620007233435],[7.727473662321569,8.56462929881999],[7.727488548752111,8.564639248139425],[7.727512042898925,8.564654950408695],[7.727517337497846,8.564658489043673],[7.727531233189646,8.564667776201889],[7.727546126246651,8.564677729946185],[7.727569613775182,8.564693427785949],[7.727574914998524,8.564696970846951],[7.727588804069994,8.564706253576821],[7.727603703753466,8.564716211745976],[7.72762718466371,8.56473190515624],[7.727632492511473,8.564735452643262],[7.727646374962612,8.56474473094479],[7.72766128127255,8.564754693538806],[7.727684755564506,8.564770382519567],[7.727690070036697,8.564773934432614],[7.727703945867498,8.5647832083058],[7.727718858803909,8.564793175324674],[7.727742326477573,8.564808859875935],[7.727747647574192,8.564812416214993],[7.727761516784653,8.564821685659844],[7.727776436347542,8.564831657103571],[7.727799897402907,8.564847337225334],[7.727805225123958,8.564850897990409],[7.72781908771408,8.564860163006925],[7.727834013903443,8.56487013887551],[7.727857468340513,8.564885814567772],[7.727862802685998,8.564889379758863],[7.727876658655775,8.564898640347039],[7.727891591471619,8.564908620640475],[7.727915039290387,8.564924291903246],[7.727920380260308,8.564927861520347],[7.72793422960974,8.564937117680188],[7.727949169052066,8.564947102398477],[7.727972610252531,8.564962769231757],[7.727977957846893,8.564966343274865],[7.727991800575973,8.564975595006377],[7.728006746644787,8.564985584149515],[7.728030181226944,8.565001246553303],[7.728034533379866,8.565004821724123],[7.728049361530993,8.565017089451302],[7.728057767958801,8.565024044313969],[7.728068541752251,8.565032957760987],[7.728081002540135,8.565043266902736],[7.728087721975139,8.56504882606994],[7.728104237123868,8.565062489490426],[7.728106902199663,8.56506469437816],[7.728127471709996,8.565081712077045],[7.728145262653611,8.565096430992403],[7.728150706298523,8.565100934662585],[7.728164442883036,8.565112299298423],[7.728173940889448,8.565120157247055],[7.728183623114094,8.565128167603714],[7.728197175482769,8.565139379830446],[7.728202803346787,8.56514403590827],[7.728220410078487,8.565158602412762],[7.728241163817074,8.565175772515182],[7.728243644676605,8.565177824994],[7.728260344054668,8.565191640817543],[7.728266879277118,8.565197047574166],[7.728279524293895,8.565207509119167],[7.728290113880029,8.565216270153256],[7.728298704534757,8.565223377420061],[7.728313348485339,8.56523549273127],[7.728317884777253,8.565239245720218],[7.728336583093046,8.565254715308209],[7.728356245267145,8.565270982318339],[7.72835981770315,8.565273937884072],[7.728375425514543,8.565286850616296],[7.728383052315651,8.56529316045886],[7.728394605763573,8.565302718913525],[7.728406286930551,8.565312383032571],[7.728413786014237,8.56531858721002],[7.728429521547849,8.565331605605214],[7.728432966266535,8.56533445550578],[7.728452756167545,8.565350828176774],[7.728471326776034,8.565366192095107],[7.728475990789636,8.565370050747257],[7.728490507033235,8.565382060388671],[7.728499225414125,8.56538927331667],[7.728509687292068,8.565397928681502],[7.728522460041012,8.565408495885004],[7.728528867552535,8.565413796973596],[7.728545694670298,8.565427718452263],[7.728548047814638,8.565429665264963],[7.728568929301981,8.565446941018447],[7.728586408343741,8.565461401845493],[7.728592163936059,8.565466163583556],[7.728605588610744,8.565477270134659],[7.728615398572538,8.56548538614759],[7.728624768879381,8.56549313842309],[7.728638633211412,8.565504608710548],[7.728643949149653,8.56550900671079],[7.728661867852685,8.56552383127243],[7.728682309695096,8.565540743283991],[7.728685102496357,8.565543053833233],[7.728701489970269,8.565556611569495],[7.728708337142424,8.565562276392965],[7.728720670247075,8.56557247985426],[7.72873157179089,8.565581498951618],[7.728739850525515,8.565588348138297],[7.728754806441755,8.565600721509199],[7.728759030805588,8.565604216421598],[7.728778041095016,8.565619944065704],[7.728797391370638,8.565635952986002],[7.728801275750675,8.56563916662113],[7.728816554890609,8.565656870293761],[7.728833100128833,8.565677563551843],[7.728835708325123,8.565680825642985],[7.728848448728572,8.56569676016252],[7.728854861761955,8.56570478099158],[7.7288637973298,8.565715956772793],[7.728874015201104,8.565728736339546],[7.728879145932515,8.56573515338266],[7.728893168642569,8.565752691686882],[7.728909843142408,8.565773546601186],[7.728931519691792,8.565787302163848],[7.728942288285768,8.565792799448285],[7.728969920573273,8.565806905516652],[7.728980036734153,8.565812069737577],[7.729008321459104,8.565826508866193],[7.729017785186739,8.56583134002372],[7.72902752190365,8.565836310539742],[7.729055533643527,8.565850610306706],[7.729065922796,8.565855913884388],[7.729093282104519,8.565869880586538],[7.729104323692702,8.565875517225773],[7.729131030569714,8.565889150863217],[7.72914272459375,8.565895120563892],[7.729168779039107,8.565908421136745],[7.729181125499146,8.565914723898748],[7.729206527512702,8.565927691407119],[7.729219526408891,8.565934327230346],[7.7292442759905,8.56594696167434],[7.729257927322984,8.565953930558674],[7.729282024472499,8.565966231938408],[7.729296328241426,8.565973533883744],[7.729319772958701,8.56598550219932],[7.729334729164216,8.565993137205549],[7.729357521449103,8.566004772457077],[7.729373130091353,8.566012740524087],[7.729395269943707,8.566024042711687],[7.72941153102284,8.566032343839368],[7.729433018442513,8.56604331296314],[7.729449931958674,8.56605194715138],[7.729470766945521,8.566062583211439],[7.729488332898855,8.566071550460133],[7.72950851545273,8.566081853456584],[7.729526733843387,8.566091153765623],[7.729546263964142,8.56610112369858],[7.729565134792265,8.566110757067843],[7.729584012479754,8.56612039393742],[7.729603535745492,8.566130360366806],[7.729621760999569,8.566139664173107],[7.729641936703066,8.566149963662502],[7.729659509523588,8.566158934405639],[7.72968033766499,8.566169566954937],[7.729697258051805,8.56617820463502],[7.729718738631262,8.566189170244108],[7.729735006584225,8.566197474861246],[7.729757139601881,8.566208773530013],[7.729772755120846,8.566216745084319],[7.729795540576849,8.566228376812656],[7.729810503661668,8.566236015304238],[7.729833941556166,8.56624798009204],[7.729848252206692,8.566255285521],[7.729872342539829,8.566267583368155],[7.729886000755919,8.566274555734614],[7.729910743527841,8.566287186641006],[7.729923749309346,8.566293825945069],[7.729949144520202,8.566306789910593],[7.729961497866976,8.566313096152376],[7.729987545516909,8.566326393176919],[7.729999246428807,8.566332366356525],[7.730025946517967,8.566345996439981],[7.73003699499484,8.56635163655752],[7.730064347523372,8.566365599699777],[7.730074743565074,8.566370906755362],[7.730102748533125,8.566385202956313],[7.73011249213951,8.56639017695005],[7.730121949039631,8.566395004583354],[7.730150240718148,8.566409447141586],[7.730160350055908,8.566414607834995],[7.730187989300988,8.566428717329966],[7.73019875107653,8.566434211083365],[7.73022573788803,8.566447987515193],[7.730237152101502,8.56645381432848],[7.730263486479273,8.566467257697267],[7.73027555313082,8.566473417570323],[7.730301235074717,8.566486527876185],[7.730313954164488,8.566493020808906],[7.730338983674363,8.566505798051951],[7.730352355202504,8.566512624044227],[7.730376732278211,8.56652506822456],[7.730390756244868,8.56653222727628],[7.73041448088626,8.566544338394017],[7.73042915729158,8.566551830505068],[7.730441942110822,8.566563574757682],[7.730448331564781,8.566569547538398],[7.730462496162566,8.566582788424238],[7.730467505155927,8.566587470767203],[7.730483050216393,8.566602002089981],[7.730486678748886,8.566605393995305],[7.730503604272304,8.566621215754916],[7.730505852343658,8.5666233172227],[7.730524158330298,8.566640429419037],[7.730525025940241,8.566641240449384],[7.730544712390373,8.566659643082348],[7.730563373138848,8.566677086900638],[7.730565266452532,8.566678856744844],[7.73058254674087,8.566695010125208],[7.730585820516774,8.566698070406527],[7.730601720344705,8.566712933349068],[7.730606374583101,8.566717284067403],[7.730620893950353,8.566730856572224],[7.73062692865151,8.566736497727465],[7.730640067557814,8.566748779794674],[7.730647482722002,8.566755711386719],[7.730659241167086,8.566766703016413],[7.730668036794575,8.566774925045154],[7.73067841477817,8.566784626237451],[7.730688590869233,8.566794138702782],[7.730697588391068,8.56680254945778],[7.730709144945975,8.566813352359596],[7.73071676200578,8.566820472677406],[7.730729699024797,8.566832566015602],[7.730735935622303,8.566838395896319],[7.730750253105705,8.566851779670792],[7.730755109240638,8.56685631911453],[7.730770807188695,8.566870993325173],[7.730774282860786,8.566874242332036],[7.730791361273766,8.566890206978742],[7.730793456482749,8.566892165548833],[7.730811915360923,8.566909420631498],[7.730812630106521,8.566910088764926],[7.730832469450163,8.56692863428344],[7.730850977359507,8.566945935194987],[7.730853023541484,8.566947847934571],[7.73087015098872,8.56696385840896],[7.730873577634888,8.566967061584895],[7.730889324619744,8.566981781622225],[7.730894131730378,8.566986275234402],[7.73090849825258,8.566999704834783],[7.730914685827948,8.5670054888831],[7.73092767188723,8.567017628046639],[7.730935239927605,8.567024702530986],[7.730946845523692,8.567035551257783],[7.730955794029341,8.56704391617806],[7.730966019161968,8.567053474468224],[7.730976348133161,8.567063129824323],[7.730985192802055,8.567071397677955],[7.730996902239066,8.567082343469773],[7.731004366443956,8.567089320886982],[7.731017456347053,8.567101557114409],[7.731023540087669,8.567107244095304],[7.731038010457122,8.567120770758237],[7.731042713733195,8.567125167302917],[7.731058564569277,8.567139984401251],[7.731061887380535,8.567143090509823],[7.731079118683512,8.567159198043448],[7.731081061029686,8.567161013716024],[7.73109967279983,8.567178411684841],[7.731119408333426,8.567196860126307],[7.731120226918232,8.56719762532542],[7.731138581988017,8.567214783330385],[7.731140781038718,8.567216838965187],[7.731157755644418,8.567232706533762],[7.731161335161286,8.56723605260414],[7.731176929302634,8.567250629736428],[7.731181889285939,8.567255266242285],[7.731196102962661,8.56726855293839],[7.731202443412675,8.567274479879615],[7.731215276624502,8.567286476139644],[7.731222997541494,8.567293693516133],[7.731234450288155,8.567304399340195],[7.731243551672394,8.56731290715184],[7.731253623953621,8.567322322540036],[7.731264105805379,8.567332120786732],[7.731272797620898,8.567340245739171],[7.731284659940448,8.567351334420815],[7.73129197128999,8.5673581689376],[7.731305214077599,8.56737054805409],[7.731311144960895,8.567376092135323],[7.731325768216832,8.567389761686544],[7.731330318633611,8.567394015332336],[7.73134632235815,8.567408975318193],[7.731349492308142,8.567411938528645],[7.73136687650155,8.567428188949025],[7.731368665984483,8.56742986172425],[7.731387430647032,8.56744740257905],[7.731407013342607,8.567465708113334],[7.7314079847946,8.56746661620826],[7.731426187024387,8.567483631306818],[7.73142853894425,8.56748582983666],[7.731445360707981,8.567501554499591],[7.731449093095985,8.567505043464244],[7.731464534393387,8.56751947769166],[7.7314696472498,8.567524257091018],[7.731483708080607,8.56753740088302],[7.731490201405701,8.567543470716982],[7.731502881769638,8.56755532407368],[7.731510755563684,8.567562684342134],[7.731522055460483,8.567573247263631],[7.731531309723749,8.567581897966472],[7.73154122915314,8.567591170452868],[7.731551863885898,8.56760111159],[7.731560402847611,8.567609093641407],[7.731572418050132,8.56762032521271],[7.731579576543893,8.567627016829235],[7.731592972216447,8.567639538834616],[7.731598750241989,8.567644940016358],[7.731613526384847,8.567658752455703],[7.731617923941899,8.567662863202777],[7.731634080555329,8.567677966075982],[7.73163709764362,8.567680786388486],[7.731654634727895,8.567697179695447],[7.731656271347155,8.567698709573486],[7.731675188902543,8.567716393314102],[7.731694618759661,8.567734555941374],[7.731695743079275,8.567735606931942],[7.731713792468634,8.567752479124252],[7.731716297258091,8.567754820548974],[7.73173296617942,8.567770402306428],[7.731736851438988,8.56777403416519],[7.731752139892019,8.5677883254879],[7.731757405621971,8.567793247780596],[7.73177131360643,8.567806248668663],[7.731777959807036,8.567812461395189],[7.731790487322654,8.567824171848718],[7.731798513994185,8.56783167500897],[7.731809661040691,8.567842095028064],[7.731819068183418,8.567850888621937],[7.731828834760541,8.567860018206709],[7.731839622374733,8.567870102234092],[7.731848008482203,8.567877941384642],[7.731860176568131,8.567889315845438],[7.731867182205679,8.567895864561871],[7.731880730763613,8.56790852945597],[7.731886355930967,8.567913787738394],[7.731901284961177,8.56792774306569],[7.731905529658069,8.567931710914209],[7.731921839160826,8.567946956674596],[7.731924703386982,8.567949634089315],[7.731942393362558,8.567966170282693],[7.73194387711771,8.567967557263719],[7.731962947566371,8.567985383889974],[7.731982224584603,8.568003403610403],[7.73198350177227,8.568004597496447],[7.732001398320768,8.56802132678268],[7.732004055980251,8.568023811102103],[7.732020572058746,8.568039249954257],[7.732024610190318,8.56804302470695],[7.732039745798539,8.568057173125124],[7.732045164402464,8.568062238310986],[7.732058919540142,8.568075096295283],[7.732065718616697,8.568081451914205],[7.732078093283559,8.568093019464738],[7.732086272833013,8.568100665516617],[7.732097267028789,8.568110942633485],[7.732106827051411,8.568119879118216],[7.732116440775833,8.568128865801524],[7.732127381271892,8.568139092719],[7.732118463973464,8.56815820959167],[7.732097054737588,8.568175023815247],[7.732094187007354,8.568177276051285],[7.732077771439148,8.56819016838369],[7.732069910038908,8.568196342509003],[7.732058488139236,8.568205312950937],[7.732045633068127,8.568215408964823],[7.732039204837849,8.568220457516988],[7.732021356095011,8.568234475418748],[7.732000638230657,8.568250746645502],[7.732000589038664,8.568265594165666],[7.732015213184196,8.568272747533586],[7.732038993061915,8.568284379405673],[7.732054619454757,8.568292023018412],[7.732077397089363,8.568303164642394],[7.732094025729737,8.568311298499774],[7.732115801121004,8.568321949875823],[7.732133432009137,8.568330573977672],[7.732154205156844,8.568340735105966],[7.732172838292952,8.568349849452114],[7.732192609196882,8.568359520332821],[7.732212244581187,8.568369124923091],[7.732231013241115,8.568378305556388],[7.732251650873844,8.568388400390608],[7.732269417289544,8.56839709077666],[7.732291057170915,8.568407675854658],[7.732307821342169,8.568415875993649],[7.732330463472408,8.568426951315246],[7.732346225398992,8.56843466120735],[7.732369869778316,8.568446226772373],[7.732384629460012,8.568453446417761],[7.732409276088644,8.568465502226042],[7.7324229927768,8.568484534419643],[7.732433750172082,8.568503874819733],[7.732442112070924,8.568518908426892],[7.732455087812203,8.568542237120685],[7.73246123136817,8.568553282433633],[7.73246575663372,8.568561418270924],[7.732480350668537,8.568587656439878],[7.732487094279672,8.568599780570931],[7.732499469972026,8.56862203044561],[7.732508431929511,8.568638142870306],[7.732518589278635,8.568656404450836],[7.732529769583238,8.568676505169048],[7.732537708588366,8.568690778455553],[7.732551107240851,8.568714867467161],[7.732556827901218,8.568725152459768],[7.732561776071116,8.56873404861598],[7.732575947217192,8.568759526463472],[7.732583113734561,8.568772410913144],[7.732595066536287,8.568793900466673],[7.732604451401897,8.568810773209682],[7.732614185858504,8.568828274469363],[7.732625789073116,8.568849135505587],[7.732633305183842,8.56886264847155],[7.732647126748226,8.568887497800858],[7.732652424512302,8.568897022473227],[7.732657795587238,8.56890667894826],[7.732671543843883,8.568931396474403],[7.73267913326818,8.568945041242587],[7.732690663178584,8.56896577047507],[7.732700470953008,8.568983403536281],[7.732709782516409,8.569000144475227],[7.732721808641725,8.569021765829348],[7.732728901857354,8.569034518474878],[7.732743146334331,8.569060128121782],[7.73274802120142,8.569068892474025],[7.73275381518209,8.56907930926776],[7.732767154816736,8.56909895777701],[7.732780208818632,8.5691176881465],[7.732786297042336,8.569126423756584],[7.732793583173204,8.569136878167898],[7.732805439270534,8.569153889735572],[7.73282033188615,8.569175258209826],[7.732824581501331,8.56918135571397],[7.732833706244528,8.569194448230363],[7.732843723734725,8.569208821691781],[7.732847080604173,8.569213638250611],[7.73286286597072,8.569236287669005],[7.73287382932727,8.569252018290245],[7.732882008209311,8.569263753645645],[7.73288720369072,8.569271208309633],[7.732901150450503,8.56929121962169],[7.732913952421427,8.569309588347547],[7.732920292694291,8.569318685597153],[7.732927326788683,8.569328778366076],[7.732939434940679,8.569346151572029],[7.732954075527003,8.56936715840227],[7.732958577189667,8.569373617546319],[7.732967449898064,8.569386348419938],[7.732977719441252,8.569401083520017],[7.732980824270395,8.56940553843732],[7.732996861695438,8.569428549493129],[7.733007573018863,8.569443918471217],[7.73301600395222,8.569456015465654],[7.733020947395,8.569463108487739],[7.733035146211601,8.56948348143759],[7.733047696151077,8.569501488519919],[7.733054288473582,8.56951094740894],[7.73306107053102,8.56952067853558],[7.733073430738161,8.569538413379702],[7.73308781929471,8.569559058566037],[7.733092573005338,8.569565879349877],[7.733101193678459,8.569578248580838],[7.733111715275116,8.569593345319463],[7.733127942449761,8.569616628609573],[7.73313085754749,8.56962081128846],[7.733141316837314,8.569635818623512],[7.733149999822466,8.569648277256873],[7.733154691226137,8.569655008637161],[7.733169142100038,8.569675743224701],[7.733181440007587,8.569693388663607],[7.73318828438021,8.569703209191935],[7.733194814400216,8.569712578676397],[7.73320742666298,8.569730675158583],[7.733221563189278,8.569750958701121],[7.733226568948349,8.569758141124648],[7.733234937585714,8.569770148713053],[7.733245711236318,8.56978560709012],[7.733261686382387,8.569808528736054],[7.733264853526885,8.569813073055006],[7.733275060782627,8.569827718747122],[7.733283995820051,8.569840539019307],[7.733288435184136,8.569846908757906],[7.733303138115816,8.569868004983018],[7.73331518399096,8.569885288778613],[7.73332228041418,8.56989547094614],[7.733328558396276,8.569904478788537],[7.733341422715141,8.569922936908675],[7.733355307210711,8.56994285880752],[7.733360565018704,8.56995040287062],[7.733368681619832,8.569962048816583],[7.733379707324863,8.569977868831987],[7.73339543044188,8.570000428833849],[7.733398849633623,8.570005334792757],[7.733408804854808,8.570019618842048],[7.733417991944981,8.57003280075294],[7.733422179269003,8.570038808849963],[7.733437134258939,8.570060266712538],[7.7334489281012,8.570077188864932],[7.733456276575495,8.570087732671551],[7.733462302519202,8.570096378871987],[7.733475418894648,8.57011519862997],[7.733489051359013,8.570134758885233],[7.733494561216403,8.570142664587806],[7.73350242578082,8.570153948891429],[7.733513703540757,8.570170130545051],[7.733529174628242,8.570192328902952],[7.733532845867709,8.57019759650171],[7.733542549053857,8.570211518908284],[7.733551988197261,8.570225062457784],[7.733555923480738,8.570230708913332],[7.733571130529412,8.570252528413267],[7.733582672338311,8.570269088922561],[7.73359027286416,8.570279994368162],[7.733596046769,8.570288278926746],[7.733609415201508,8.57030746032247],[7.733622795634186,8.570326658934256],[7.733628557541456,8.570334926276187],[7.73363617006868,8.570345848937581],[7.733647699884002,8.57036239222932],[7.733662918941477,8.570384228943368],[7.733666842229146,8.570389858181866],[7.733676293379779,8.570403418945833],[7.733685984576893,8.570417324133823],[7.73368966781935,8.57042260894801],[7.733705126927236,8.57044479008519],[7.733716416702297,8.5704609889515],[7.73372426928018,8.57047225603597],[7.733729791145674,8.570480178952815],[7.73374341163572,8.570499721986167],[7.733756540036233,8.570518558954584],[7.733762553993862,8.570527187935772],[7.733769914483417,8.570537748955038],[7.733781696354603,8.570554653884782],[7.73379666338159,8.57057612895509],[7.733800838717942,8.570582119833217],[7.73381003783258,8.57059531895468],[7.733819981083879,8.570609585781058],[7.733823412284837,8.57061450895399],[7.733839123452419,8.57063705172831],[7.73385016119316,8.570652888951736],[7.733858265823555,8.570664517674977],[7.733863535649226,8.570672078950185],[7.733877408197291,8.570691983621055],[7.733890284565163,8.570710458946214],[7.733896550573627,8.570719449566544],[7.733903659025034,8.5707296489438],[7.733915692952561,8.570746915511444],[7.733930407948584,8.570768028938108],[7.733934835334096,8.570774381455761],[7.733943782412262,8.57078721893483],[7.73395397771823,8.570801847399487],[7.733957156877208,8.57080640893127],[7.733973120104961,8.570829313342625],[7.733983905810907,8.570844788923281],[7.733992262494294,8.570856779285174],[7.73399219091987,8.570878409756965],[7.733985548786916,8.570883086610737],[7.73397291272744,8.570891983902962],[7.733958483168209,8.570902144031727],[7.733953634533712,8.570905558047793],[7.733931417546942,8.570921201450414],[7.733915078142363,8.570932706333938],[7.733904351923117,8.570940258866791],[7.733895799944743,8.570946280475257],[7.733877286296734,8.570959316280861],[7.733857243545607,8.57097342875438],[7.733850220667794,8.57097837369262],[7.733837965344093,8.570987002892187],[7.733823155036294,8.570997431102077],[7.73381868714128,8.57100057702882],[7.733796089402235,8.571016488509224],[7.733780130731761,8.571027725298578],[7.733769023765619,8.571035545914063],[7.733760852525055,8.571041299431702],[7.733741958126445,8.571054603316595],[7.733722296107748,8.571068447694433],[7.733714892484712,8.57107366071682],[7.733703017897148,8.571082021824045],[7.733687826840421,8.571092718114734],[7.733683739685249,8.571095595952485],[7.733660761193572,8.571111775510344],[7.733645183257559,8.571122744205853],[7.733633695544166,8.571130832903648],[7.733625905041769,8.571136318330781],[7.733606629892197,8.571149890294645],[7.73358734860629,8.571163466577124],[7.733579564237673,8.571168947683333],[7.733568070386605,8.571177040698538],[7.733552498580591,8.571188005069711],[7.73352951394334,8.571204188937857],[7.733525432920951,8.571207062453782],[7.733510235719762,8.571217763055763],[7.733498367258752,8.571226119835545],[7.733490957494884,8.571231337172494],[7.733471301593995,8.571245177215001],[7.733452401041236,8.571258485402446],[7.733444235926679,8.571264234592151],[7.733433122812465,8.571272059515668],[7.733417170256805,8.571283291966992],[7.73339456635103,8.571299207738596],[7.733390104584374,8.571302349339526],[7.733375288118365,8.571312781848304],[7.733363038909383,8.57132140670975],[7.733356009884402,8.571326355956842],[7.733335973231835,8.57134046407767],[7.733317453412583,8.571353504170403],[7.733308907551728,8.571359521443279],[7.733298175174728,8.57136707827543],[7.733281841869063,8.57137857880658],[7.73325961869512,8.571394226481965],[7.733254776183839,8.571397636167577],[7.733240340453371,8.571407800583478],[7.733227710496056,8.571416693526261],[7.733221062210322,8.571421374683819],[7.73322102239337,8.571433399620343],[7.733223050482048,8.571435824384087],[7.733240179850961,8.571456304094934],[7.733255166533269,8.571474222027845],[7.733259337310788,8.571479208568885],[7.73327122456123,8.571493420849045],[7.733278494772844,8.57150211304219],[7.733287282590764,8.571512619669793],[7.733297652237136,8.571525017514851],[7.733303340621863,8.571531818490088],[7.733316809703658,8.57154792198687],[7.733319398654532,8.57155101730993],[7.733335967172417,8.571570826458242],[7.733351514724577,8.57158941494826],[7.733355124643405,8.571593730928974],[7.733367572761954,8.571608613766747],[7.733374282116629,8.57161663539906],[7.7333836308009,8.57162781258478],[7.733393439592085,8.571639539868501],[7.733399688841414,8.571647011402362],[7.733412597069773,8.571662444337301],[7.733415746883496,8.57166621021949],[7.733431754549695,8.571685348805453],[7.733447862972369,8.571704607852395],[7.73345091203185,8.571708253272968],[7.733463921019158,8.571723806668166],[7.733470069516236,8.571731157739833],[7.733479979067515,8.571743005483484],[7.733489227002856,8.571754062206054],[7.733496037117442,8.571762204298352],[7.73350838449171,8.571776966671633],[7.733512095168939,8.571781403112766],[7.733527541982798,8.571799871136568],[7.733544211276638,8.571819800740236],[7.733546699476117,8.57182277560086],[7.73356026933284,8.571838999553295],[7.733565856971669,8.571845680064508],[7.733576327390613,8.571858198365897],[7.733585014469456,8.571868584527511],[7.733592385449954,8.571877397178051],[7.733604171969472,8.57189148898987],[7.733608443510863,8.571896595989749],[7.733623329471723,8.571914393451586],[7.733640559637388,8.571934993611794],[7.733642486976209,8.571937297912656],[7.733656617703005,8.571954192422137],[7.733661644482926,8.571960202373084],[7.733672675770191,8.57197339123203],[7.733680801991878,8.571983106832867],[7.733688733838945,8.571992590041466],[7.733699959503062,8.57200601129201],[7.733704791909269,8.57201178885045],[7.733719117016478,8.572028915750503],[7.733720849981161,8.572030987658984],[7.733738274532127,8.572051820208353],[7.733752966129651,8.572069385274691],[7.733757432050012,8.572074724665564],[7.733769024206252,8.572088584081866],[7.733776589570128,8.572097629122124],[7.733785082284419,8.572107782888592],[7.733795747092477,8.572120533578044],[7.733801140364157,8.57212698169486],[7.733814904617059,8.57214343803332],[7.733817198445463,8.572146180500676],[7.733834062143874,8.572166342487952],[7.733849314612781,8.572184578110956],[7.733853219672923,8.572189246941939],[7.733865372698794,8.572203776915417],[7.733872377204206,8.572212151395282],[7.733881430786376,8.572222975719425],[7.733891534737722,8.57223505584798],[7.733897488875528,8.57224217452298],[7.733910692273467,8.572257960300037],[7.733913546966249,8.572261373326082],[7.733929849811449,8.572280864751445],[7.733945663152396,8.57229977093093],[7.733949007351663,8.572303769202215],[7.733961721247824,8.572318969732677],[7.733968164894111,8.57232667365234],[7.73397777934482,8.572338168533971],[7.733987322438792,8.572349578101816],[7.733993837443384,8.572357367334808],[7.734006479985706,8.572372482550652],[7.734009895543519,8.572376566135196],[7.734025637534853,8.572395386998844],[7.734042011748494,8.572414963734612],[7.734044795086233,8.57241829144639],[7.734058069853335,8.572434162533643],[7.734063952639848,8.57244119589329],[7.734074127959746,8.57245336133222],[7.734083110195694,8.572464100339552],[7.734090186067727,8.572472560130347],[7.734102267753774,8.572487004785165],[7.734106244177275,8.572491758928019],[7.734121425314086,8.572509909230135],[7.734138360401079,8.572530156522008],[7.734140582876633,8.572532813674462],[7.734154418515336,8.57254935531832],[7.734159740441413,8.572555718118142],[7.734170476631161,8.572568554114183],[7.734178898008427,8.572578622561181],[7.734186534748555,8.572587752909591],[7.734198055577673,8.572601527003574],[7.734202592867518,8.572606951704548],[7.734217213149151,8.572624431445323],[7.734234709110151,8.572645349293104],[7.734236370722864,8.572647335886428],[7.734250767233823,8.572664548086705],[7.734255528298811,8.572670240326888],[7.734266825359061,8.57268374687985],[7.73427468587699,8.572693144766703],[7.73428288348587,8.572702945672544],[7.734293843457402,8.572716049205876],[7.734298941614247,8.572722144464782],[7.734313001040048,8.572738953644405],[7.734314999744194,8.57274134325657],[7.734332158624929,8.572761858082291],[7.734347116008795,8.57277974083879],[7.734351316212041,8.572784762519527],[7.73436317414345,8.572798939629221],[7.734370473801387,8.572807666956123],[7.734379232279673,8.572818138419198],[7.734389631392966,8.572830571392075],[7.734395290417466,8.572837337208721],[7.734408788986778,8.57285347582738],[7.734411348556828,8.572856535997795],[7.734427946582825,8.572876380262043],[7.734443464840259,8.572894933574583],[7.734447104181103,8.572899284696062],[7.734459522984329,8.572914132362298],[7.734466261781616,8.572922189129432],[7.734475581129966,8.572933331149558],[7.734485419384362,8.572945093562165],[7.734491639277174,8.572952529936366],[7.734504576989341,8.572967997994251],[7.734507697425951,8.572971728722722],[7.734523734596554,8.572990902425689],[7.734539813728212,8.57301012629408],[7.734542892206001,8.573013806856487],[7.734555871881695,8.573029325079075],[7.734562049817681,8.57303671128664],[7.734571930036749,8.573048523863621],[7.734581207431593,8.573059615716147],[7.734587988193373,8.573067722647712],[7.734600365047739,8.573082520145011],[7.734604046351564,8.573086921431354],[7.734619522666121,8.57310542457323],[7.734636162672655,8.573125318997276],[7.734638680286733,8.573128329000806],[7.734652220835556,8.57314451777956],[7.734657837909578,8.573151233427735],[7.734668279000023,8.573163716561387],[7.734676995534659,8.573174137854021],[7.734684337166061,8.573182915342764],[7.734696153161973,8.573197042279663],[7.734700395333668,8.573202114123687],[7.73471531079152,8.573219946704663],[7.734732511673591,8.573240511684176],[7.734734468423301,8.573242851129017],[7.734748569845905,8.573259710463743],[7.734753626057315,8.573265755552724],[7.734764628019789,8.573278909242852],[7.734772783693563,8.573288659975784],[7.734780686195243,8.573298108021513],[7.734791941332044,8.573311564398207],[7.734796744372264,8.57331730679972],[7.734811098972758,8.573334468819986],[7.734812802550858,8.573336505577474],[7.734830256615705,8.573357373241114],[7.734844918912749,8.573374903131626],[7.734849414260887,8.573380277661602],[7.73486097709605,8.573394101908024],[7.734868571908303,8.573403182081444],[7.734877035280918,8.573413300683963],[7.734887729557951,8.57342608650064],[7.734893093467357,8.573432499459454],[7.734906887209833,8.573448990919193],[7.734909151655363,8.573451698234491],[7.734926044863948,8.573471895337104],[7.734941268036087,8.573490095783209],[7.734945202520297,8.573494799754368],[7.734957326228801,8.573509294556889],[7.73496436017888,8.573517704170985],[7.734973384423085,8.573528493330112],[7.734983517839695,8.573540608586962],[7.734989442618941,8.573547692102887],[7.735002675502746,8.57356351300229],[7.735005500816365,8.573566890875208],[7.735021833168029,8.573586417416978],[7.735037617215919,8.57360528841849],[7.735040990835546,8.573609321831018],[7.735053675418051,8.573624487189452],[7.735060148505298,8.573632226244413],[7.735069733621751,8.57364368595996],[7.735079306177281,8.573655130657166],[7.735085791827021,8.573662884730016],[7.735098463851498,8.573678035069275],[7.73510185003386,8.573682083499621],[7.735117621527951,8.573700939480737],[7.735133966452246,8.573720481037467],[7.735136779206635,8.573723843891559],[7.735150024663794,8.573739679805714],[7.735155936887554,8.573746748301733],[7.735166082876909,8.573758878573507],[7.735175094570706,8.57376965271126],[7.735182141091595,8.573778077340846],[7.735194252256092,8.573792557120147],[7.735198199307851,8.573797276107731],[7.735213409943713,8.573815461528387],[7.735230315745069,8.573835673640144],[7.735232567633566,8.57383836593598],[7.735246373966033,8.573854872405672],[7.735251725325652,8.573861270342935],[7.735262432188565,8.573874071170746],[7.735270883019972,8.573884174749239],[7.735278490412668,8.573893269935366],[7.735290040716527,8.573907079154901],[7.735294548638341,8.57391246869954],[7.735309198415316,8.573929983559918],[7.735326665094392,8.573950866226514],[7.735328356116336,8.573952887964294],[7.735342723324772,8.573970064989327],[7.735347513819592,8.57397579236802],[7.735358781556721,8.573989263751683],[7.735366671525081,8.573998696771104],[7.735374839790239,8.574008462513588],[7.735385829232804,8.574021601173545],[7.735390898025327,8.574027661275037],[7.735404986942759,8.574044505575337],[7.735406956261984,8.574046860036036],[7.73542414465495,8.574067409976484],[7.735439072740007,8.574085257556673],[7.735443302369375,8.574090314376992],[7.735455130981373,8.574104456316313],[7.735462460086032,8.57411321877685],[7.735471189224309,8.574123655075498],[7.735481617804924,8.574136123176064],[7.735487247468813,8.574142853834232],[7.735500775526048,8.574159027574636],[7.735503305714888,8.574162052592511],[7.735519933249408,8.57418193197256],[7.735535422211744,8.574200450107716],[7.735539090975002,8.57420483636984],[7.735551480462527,8.574219648864634],[7.735558248702827,8.57422774076648],[7.735567538714878,8.574238847621105],[7.735577406432887,8.57425064516247],[7.735583596968799,8.574258046377118],[7.735596564165182,8.574273549557816],[7.73559965522429,8.574277245132683],[7.735615721899709,8.57429645395252],[7.735634879636471,8.574319358346578],[7.735647830000179,8.574334841396647],[7.735654037375467,8.57434226273999],[7.735663888261946,8.574354040150398],[7.735673195116697,8.574365167132758],[7.735679946525285,8.574373238903696],[7.73569235286016,8.574388071524877],[7.735696004790194,8.574392437656542],[7.735711510605856,8.574410975916356],[7.735728121324717,8.574430835160872],[7.735730668353788,8.574433880307195],[7.735744179594334,8.574450033912356],[7.735749826103953,8.57445678469738],[7.735760237865518,8.574469232663386],[7.735768983856351,8.574479689086923],[7.735776296138275,8.574488431413966],[7.735788141610985,8.57450259347582],[7.7357923544126,8.574507630164094],[7.73580729936785,8.574525497864077],[7.735824470965958,8.574546027662985],[7.735826457126951,8.574548402251686],[7.735839913179006,8.574565224394238],[7.73584561070333,8.574572572670762],[7.735854796044128,8.574584419293322],[7.735864762529155,8.574597273381173],[7.735869678910688,8.574603614192027],[7.735883914357359,8.574621974090961],[7.735899444648116,8.574642003988316],[7.735903066187944,8.574646674800125],[7.735914327518989,8.574661198885893],[7.735922218020907,8.574671375508666],[7.7359292103913,8.574680393783094],[7.735941369856253,8.57469607621659],[7.735944093265045,8.574699588679922],[7.735960521693977,8.574720776923888],[7.735973859016852,8.574737978472447],[7.735979673534085,8.574745477630563],[7.73598874189491,8.574757173368146],[7.735998825376571,8.574770178336614],[7.736003624774406,8.574776368263468],[7.736017977221437,8.574794879042042],[7.736033390537712,8.574814758052984],[7.736037129068683,8.574819579746851],[7.736048273421521,8.574833952947179],[7.736056280918313,8.574844280451037],[7.736063156306769,8.574853147840999],[7.736075432770321,8.574868981154598],[7.736078039193452,8.57487234273444],[7.736094584624709,8.574893681857539],[7.736107804971132,8.574910732520197],[7.736113736481478,8.574918382559854],[7.73612268786213,8.574929927412514],[7.736132888340627,8.574943083261546],[7.736137570754565,8.57494912230445],[7.736152040202157,8.574967783962617],[7.736167336543745,8.574987512087201],[7.736171192066069,8.574992484663067],[7.736182219440491,8.57500670697801],[7.73619034393236,8.575017185362892],[7.736197102338677,8.575025901868443],[7.736209495801031,8.575041886062094],[7.736211985238298,8.575045096758503],[7.736228647672082,8.575066586760677],[7.736241751041854,8.57508348653749],[7.736247799545515,8.575091287458633],[7.736256633945788,8.57510268142642],[7.736266951421328,8.575115988155966],[7.736271516851162,8.575121876314974],[7.736286103299522,8.575140688852676],[7.736301282666219,8.57516026609095],[7.736305255180095,8.575165389548769],[7.736316165575904,8.575179460978378],[7.736324407063051,8.575190090244233],[7.736331048487026,8.575198655865428],[7.736343558948386,8.575214790939075],[7.736345931399586,8.575217850752102],[7.736362710836103,8.575239491633296],[7.736375697229019,8.575256240524316],[7.7363818627262,8.575264192326893],[7.736390580145892,8.57527543540986],[7.736401014618677,8.575288893019867],[7.736405463064203,8.57529463029503],[7.736420166513535,8.57531359371222],[7.736435228905137,8.57533302006424],[7.736439318410773,8.575338294403947],[7.73645011182776,8.575352214948282],[7.736458470310391,8.575362995095055],[7.736464994751821,8.575371409831943],[7.736477622212393,8.575387695785539],[7.736479877677319,8.575390604715233],[7.736496774116772,8.575412396475397],[7.736506099028426,8.575428982878018],[7.736515889008795,8.575448299649455],[7.736525538308322,8.57546733883938],[7.736534997953353,8.57548600381717],[7.7365449775917,8.57550569480025],[7.736554106901274,8.57552370798441],[7.736564416878561,8.575544050760637],[7.736573215852559,8.57556141215118],[7.736583856168902,8.575582406720532],[7.736592324807209,8.575599116317475],[7.736603295462726,8.575620762679936],[7.736611433765223,8.575636820483297],[7.736611254793043,8.575690988963924],[7.736600420029475,8.575754776420766],[7.736591639702866,8.575806468776854],[7.736580918167271,8.575869589571376],[7.736572024595884,8.575921948586396],[7.736561416288453,8.575984402718634],[7.736552409472096,8.576037428392555],[7.736541914393024,8.576099215862545],[7.736532794331502,8.576152908195324],[7.736522412480983,8.576214029003111],[7.736513179174101,8.576268387994713],[7.736502910552329,8.576328842140333],[7.736493563999895,8.57638386779071],[7.736483408607062,8.576443655274204],[7.736473948808882,8.576499347583328],[7.736465250024782,8.57652018047703],[7.736454601957799,8.576533624221886],[7.736450124601122,8.576539277119874],[7.736435287792371,8.576558009368494],[7.736419873749108,8.576577470403077],[7.736415973624392,8.576582394513741],[7.736404748320753,8.576596567043433],[7.736396659453862,8.57660677965764],[7.736389622890837,8.576615663682958],[7.736377345280783,8.576631164800183],[7.736374497459355,8.576634760321655],[7.736358031105153,8.576655549941373],[7.736349342998963,8.576692116445697],[7.736338430355936,8.576766640284877],[7.736329727181248,8.576826075349446],[7.736318752607115,8.576901022043593],[7.736310111343067,8.576960034249302],[7.736299074837699,8.57703540379839],[7.736290495484419,8.577093993145262],[7.736279397047682,8.577169785549268],[7.736270879605301,8.577227952037331],[7.73625971923707,8.577304167296225],[7.736251263705713,8.577361910925505],[7.736240041405858,8.577438549039266],[7.736228845509693,8.577515006792936],[7.736229470790827,8.577534155001013],[7.736239235311948,8.577682398306374],[7.736248391721127,8.577821409369992],[7.736257549788271,8.577960445614906],[7.736267312648446,8.578108663738],[7.736275864261798,8.578238492922523],[7.736284972177921,8.578376767813932],[7.736294178732535,8.578516540229236],[7.736303893099477,8.578664022180066],[7.736312493200481,8.578794587535038],[7.736321552623576,8.578932126254246],[7.736330807665639,8.579072634839934],[7.736332905173414,8.579104478872917],[7.736342088836158,8.57910450895148],[7.736369194507065,8.579097005307853],[7.736410442474143,8.579085586658037],[7.73644619980224,8.579075687974209],[7.736478796106995,8.57906666435148],[7.736503953769344,8.579059699963059],[7.736547149734708,8.579047742031817],[7.736580959053111,8.579038382600297],[7.736615503357284,8.579028819699035],[7.736657964330357,8.579017065220889],[7.736683856974722,8.57900989735315],[7.736715718284014,8.579001077175418],[7.736752210587024,8.578990974994147],[7.736792723549853,8.57897975976689],[7.736820564194189,8.578972052622035],[7.736850477494952,8.578963771699575],[7.736888917796215,8.57895313023681],[7.736927482749381,8.57894245426193],[7.736957271393107,8.57893420783848],[7.736985236685924,8.578926466172778],[7.73702562498486,8.578915285427032],[7.737062241928942,8.57890514870601],[7.737093978571475,8.578896363002476],[7.737119995856926,8.578889160595018],[7.737162332152954,8.578877440564806],[7.737197001088534,8.578867843099129],[7.737230685729296,8.578858518114027],[7.737274006313621,8.578846525586604],[7.737299039300499,8.578839595650141],[7.737331760228158,8.578830537441291],[7.737367392866565,8.57882067317314],[7.737408765441836,8.578809219899645],[7.737435746427494,8.57880175068303],[7.737466519347813,8.578793231732492],[7.737504099983288,8.578782828179808],[7.737543524550079,8.57877191416173],[7.73757245353394,8.578763905663479],[7.737601278447499,8.578755925972736],[7.737640807079455,8.578744983134037],[7.737678283638354,8.578734608372853],[7.737709160619833,8.578726060591483],[7.737736037527215,8.578718620162022],[7.737777514155072,8.578707138035822],[7.737813042706657,8.578697302533024],[7.737845867685172,8.578688215467052],[7.737870796586959,8.578681314300354],[7.737914221210133,8.57866929288517],[7.737947801754989,8.578659996642234],[7.737982574729958,8.578650370290177],[7.738024806916498,8.578638678967478],[7.738050928244643,8.578631447682076],[7.738082560783349,8.57862269070049],[7.738119281754191,8.578612525060864],[7.738159565933445,8.578601372996614],[7.738187635258599,8.578593602426544],[7.738217319791738,8.57858538470779],[7.738255988757868,8.578574679779114],[7.738294324930421,8.578564066974803],[7.738324342252,8.57855575711857],[7.738352078780152,8.578548078664141],[7.738392695740994,8.578536834444922],[7.738429083907422,8.578526760902031],[7.738461049224851,8.57851791175816],[7.738486837748595,8.578510772569528],[7.738529402703564,8.578498989058293],[7.738563842864449,8.578489454778305],[7.738597756177141,8.578480066345318],[7.738600980259997,8.578480076885262],[7.738602336628323,8.578481460095515],[7.738619815274546,8.578499284635196],[7.738621505812332,8.578501008627738],[7.738638650290983,8.578518492384465],[7.738640674998295,8.578520557159274],[7.738657485309306,8.578537700133069],[7.738659844186213,8.57854010569012],[7.738676320329516,8.57855690788101],[7.738679013376085,8.57855965422028],[7.738695155351613,8.578576115628286],[7.738698182567911,8.578579202749752],[7.738713990375596,8.578595323374895],[7.738717351761693,8.578598751278534],[7.738732825401466,8.57861453112084],[7.738736520957429,8.578618299806628],[7.738751660429223,8.578633738866118],[7.738755690155118,8.578637848334031],[7.738770495458867,8.578652946610736],[7.738774859354763,8.578657396860747],[7.738789330490397,8.578672154354688],[7.738794028556361,8.57867694538678],[7.738808165523816,8.578691362097974],[7.738813197759914,8.578696493912117],[7.73882700055912,8.578710569840599],[7.738832366965421,8.578716042436769],[7.738845835596311,8.578729777582552],[7.738851536172883,8.57873559096073],[7.738864670635388,8.578748985323845],[7.738870705382299,8.578755139484006],[7.738883505676354,8.578768193064473],[7.73888987459367,8.578774688006591],[7.738902340719206,8.578787400804435],[7.738909043806994,8.578794236528484],[7.738921175763945,8.578806608543736],[7.738928213022274,8.578813785049697],[7.738940010810571,8.57882581628237],[7.738947382239509,8.578833333570213],[7.738958845859083,8.578845024020335],[7.738966551458696,8.578852882090047],[7.738977680909483,8.57886423175764],[7.738985720679838,8.578872430609188],[7.738996515961769,8.57888343949428],[7.739004889902936,8.578891979127643],[7.739015351015942,8.578902647230255],[7.739024059127987,8.57891152764541],[7.739034186072001,8.578921854965564],[7.739043228354993,8.578931076162487],[7.739053021129948,8.578941062700208],[7.739062397583953,8.578950624678875],[7.739071856189782,8.57896027043419],[7.739081566814868,8.578970173194573],[7.739090691251501,8.578979478167504],[7.739100736047737,8.578989721709586],[7.73910952631511,8.578998685900155],[7.739119905282561,8.579009270223908],[7.739128361380605,8.57901789363214],[7.739139074519338,8.579028818737543],[7.739147196447985,8.579037101363461],[7.739158243758071,8.579048367250488],[7.739166031517253,8.579056309094117],[7.739177412998759,8.579067915762742],[7.739184866588409,8.579075516824108],[7.7391965822414,8.579087464274313],[7.739203701661452,8.579094724553435],[7.739215751485997,8.57910701278519],[7.739222536736381,8.579113932282098],[7.739234920732547,8.579126561295384],[7.739241371813197,8.579133140010093],[7.739254089981051,8.579146109804885],[7.739260206891899,8.579152347737427],[7.739273259231511,8.5791656583137],[7.73927904197249,8.579171555464093],[7.739292428483926,8.579185206821823],[7.739297877054967,8.579190763190093],[7.739311597738293,8.579204755329258],[7.739316712139329,8.57920997091543],[7.739330766994617,8.579224303836009],[7.739335547225581,8.579229178640103],[7.739349936252895,8.579243852342067],[7.739354382313717,8.57924838636411],[7.739369105513127,8.579263400847436],[7.739373217403744,8.579267594087451],[7.739388274775313,8.579282949352116],[7.739392052495654,8.579286801810131],[7.739407444039454,8.579302497856109],[7.739410887589454,8.579306009532141],[7.73942661330555,8.579322046359412],[7.739429722685138,8.579325217253489],[7.7394457825736,8.579341594862031],[7.739448557782711,8.579344424974172],[7.739464951843605,8.579361143363954],[7.739467392882171,8.579363632694191],[7.739484121115564,8.579380691865193],[7.739486227983518,8.579382840413544],[7.739503290389478,8.579400240365743],[7.739505063086751,8.579402048132232],[7.739522459665346,8.579419788865602],[7.739523898191872,8.579421255850257],[7.73954162894317,8.579439337364775],[7.73954273329888,8.579440463567613],[7.739560798222947,8.579458885863255],[7.739561568407774,8.579459671284305],[7.739579967504678,8.57947843436105],[7.739580403518556,8.579478879000334],[7.739599136788366,8.579497982858156],[7.739618073745781,8.579517294430394],[7.739618306074006,8.57951753135457],[7.739636908862223,8.579536502144428],[7.739637475361603,8.5795370798503],[7.739655743980553,8.579555709857797],[7.739656644651153,8.579556628345337],[7.73967457910077,8.5795749175705],[7.739675813942658,8.579576176839689],[7.739693414222874,8.579594125282538],[7.739694983236118,8.57959572533335],[7.739712249346865,8.57961333299391],[7.739714152531532,8.57961527382632],[7.739731084472743,8.579632540704619],[7.739733321828902,8.579634822318605],[7.739749919600508,8.579651748414664],[7.739752491128224,8.5796543708102],[7.73976875473016,8.57967095612404],[7.739771660429501,8.579673919301106],[7.7397875898617,8.579690163832753],[7.739790829732735,8.57969346779132],[7.739806424995126,8.579709371540803],[7.739809999037924,8.57971301628085],[7.739825260130439,8.579728579248185],[7.739829168345064,8.579732564769687],[7.739844095267639,8.579747786954902],[7.739848337654161,8.579752113257841],[7.739862930406726,8.579766994660956],[7.739867506965212,8.579771661745298],[7.739881765547701,8.579786202366341],[7.739886676278219,8.579791210232072],[7.739900600690563,8.579805410071064],[7.739905845593179,8.579810758718157],[7.739919435835311,8.57982461777512],[7.739925014910095,8.579830307203553],[7.739938270981947,8.579843825478514],[7.739944184228964,8.579849855688257],[7.73995710613047,8.579863033181242],[7.739963353549789,8.579869404172275],[7.73997594128088,8.579882240883306],[7.739982522872567,8.579888952655603],[7.739994776433177,8.579901448584701],[7.740001692197302,8.579908501138242],[7.740013611587362,8.579920656285434],[7.74002086152399,8.579928049620191],[7.740032446743434,8.579939863985501],[7.740040030852633,8.579947598101453],[7.740051281901392,8.579959071684906],[7.740059200183232,8.579967146582025],[7.740070117061238,8.57997827938364],[7.740078369515784,8.579986695061908],[7.740088952222971,8.579997487081714],[7.740097538850292,8.580006243541103],[7.740107787386591,8.580016694779118],[7.740116708186754,8.58002579201961],[7.740126622552099,8.580035902475858],[7.740135877525171,8.580045340497426],[7.740145457719492,8.580055110171937],[7.740155046865541,8.580064888974553],[7.740164292888775,8.580074317867345],[7.740174216207868,8.580084437450992],[7.740183128059942,8.580093525562093],[7.740193385552149,8.580103985926739],[7.740201963232999,8.580112733256174],[7.740212554898385,8.580123534401801],[7.740220798407941,8.580131940949588],[7.740231724246575,8.580143082876175],[7.740239633584772,8.580151148642337],[7.740250893596721,8.580162631349854],[7.740258468763489,8.580170356334424],[7.74027006294882,8.580182179822849],[7.740277303944095,8.580189564025844],[7.740289232302874,8.580201728295153],[7.740296139126586,8.580208771716595],[7.740308401658885,8.580221276766768],[7.740314974310964,8.580227979406688],[7.740327571016848,8.580240825237693],[7.740333809497231,8.58024718709611],[7.740346740376767,8.580260373707935],[7.740352644685385,8.580266394784871],[7.74036590973864,8.58027992217748],[7.740371479875425,8.580285602472962],[7.740385079102469,8.58029947064634],[7.740390315067351,8.58030481016039],[7.740404248468252,8.58031901911451],[7.740409150261167,8.580324017847156],[7.740423417835991,8.580338567581993],[7.74042798545687,8.580343225533253],[7.740442587205683,8.580358116048783],[7.740446820654459,8.580362433218685],[7.74046175657733,8.580377664514884],[7.740465655853936,8.580381640903452],[7.740480925950932,8.580397212980301],[7.740484491055301,8.580400848587553],[7.74050009532649,8.580416761445026],[7.740503326258551,8.580420056270993],[7.740519264704002,8.580436309909063],[7.740522161463688,8.580439263953764],[7.740538434083469,8.58045585837241],[7.740540996670713,8.58045847163587],[7.74055760346489,8.580475406835067],[7.740559831879628,8.580477679317312],[7.740576772848267,8.580494955297034],[7.740578667090428,8.580496886998086],[7.740595942233597,8.58051450375831],[7.740597502303116,8.580516094678197],[7.740615111620885,8.580534052218903],[7.74061633751769,8.580535302357642],[7.740634281010125,8.580553600678806],[7.740635172734152,8.580554510036423],[7.740653450401321,8.580573149138015],[7.740654007952502,8.580573717714536],[7.740672619794472,8.58059269759654],[7.740672843172739,8.580592925391986],[7.740691789189577,8.580612246054372],[7.740710513618873,8.580631340744883],[7.740710958586637,8.580631794511516],[7.740729348844772,8.580650548420339],[7.740730127985653,8.580651342967972],[7.740748184072555,8.580669756095128],[7.740749297386622,8.580670891423738],[7.74076701930223,8.580688963769251],[7.740768466789547,8.580690439878817],[7.740785854533789,8.580708171442707],[7.740787636194428,8.580709988333203],[7.740804689767238,8.5807273791155],[7.740806805601261,8.5807295367869],[7.740823525002574,8.580746586787626],[7.740825975010051,8.580749085239912],[7.740842360239796,8.580765794459085],[7.740845144420796,8.580768633692228],[7.740861195478906,8.580785002129883],[7.740864313833495,8.580788182143861],[7.740880030719901,8.580804209800013],[7.740883483248149,8.580807730594803],[7.740898865962786,8.580823417469473],[7.740902652664758,8.580827279045053],[7.740917701207557,8.580842625138276],[7.740921822083322,8.58084682749462],[7.740936536454217,8.580861832806407],[7.740940991503842,8.580866375943492],[7.740955371702763,8.580881040473878],[7.740960160926315,8.580885924391678],[7.740974206953195,8.580900248140681],[7.740979330350744,8.580905472839174],[7.740993042205517,8.580919455806818],[7.740998499777128,8.580925021285976],[7.741011877459725,8.580938663472288],[7.741017669205466,8.580944569732093],[7.741030712715821,8.580957871137096],[7.74103683863576,8.580964118177521],[7.741049547973805,8.580977078801238],[7.741056008068008,8.58098366662226],[7.741068383233674,8.580996286464712],[7.741075177502211,8.581003215066309],[7.741087218495434,8.581015494127522],[7.741094346938371,8.581022763509669],[7.741106053759079,8.581034701789667],[7.741113516376483,8.581042311952338],[7.741124889024611,8.581053909451144],[7.741132685816551,8.581061860394321],[7.741143724292032,8.581073117111957],[7.741151855258575,8.58108140883561],[7.741162559561339,8.581092324772108],[7.741171024702553,8.581100957276215],[7.741181394832534,8.58111153243159],[7.741190194148486,8.581120505716129],[7.741200230105616,8.581130740090407],[7.741209363596375,8.581140054155348],[7.741219065380585,8.581149947748559],[7.741228533046217,8.581159602593887],[7.741237900657443,8.581169155406045],[7.741247702498015,8.58117915103173],[7.741256735936187,8.581188363062862],[7.741266871951768,8.581198699468887],[7.741275571216819,8.58120757071902],[7.741286041407477,8.581218247905355],[7.741294406499338,8.581226778374509],[7.741305210865139,8.581237796341126],[7.741313241783746,8.581245986029334],[7.741324380324758,8.581257344776219],[7.741332077070039,8.58126519368349],[7.741343549786331,8.581276893210614],[7.741350912358222,8.581284401336983],[7.741362719249859,8.581296441644326],[7.74136974764829,8.581303608989812],[7.741381888715343,8.581315990077345],[7.741388582940248,8.581322816641975],[7.74140105818278,8.581335538509672],[7.741407418234092,8.58134202429347],[7.741420227652173,8.581355086941311],[7.741426253529823,8.581361231944303],[7.741439397123522,8.581374635372265],[7.741445088827443,8.581380439594465],[7.741458566596826,8.581394183802526],[7.741463924126948,8.581399647243964],[7.741477736072083,8.581413732232098],[7.741482759428341,8.5814188548928],[7.741496905549296,8.581433280660981],[7.741501594731623,8.581438062540965],[7.741516075028465,8.581452829089175],[7.741520430036791,8.58145727018847],[7.741535244509589,8.581472377516677],[7.741539265343849,8.581476477835306],[7.741554413992667,8.581491925943492],[7.741558100652792,8.581495685481476],[7.741573583477701,8.581511474369618],[7.741576935963623,8.581514893126979],[7.74159275296469,8.581531022795057],[7.741595771276343,8.58153410077182],[7.741611922453634,8.581550571219797],[7.741614606590949,8.581553308415995],[7.741631091944532,8.581570119643857],[7.741633441907443,8.581572516059504],[7.741650261437386,8.581589668067222],[7.741652277225826,8.581591723702347],[7.741669430932195,8.5816092164899],[7.741671112546094,8.581610931344525],[7.74168860042896,8.581628764911889],[7.741689947868251,8.581630138986036],[7.741707769927679,8.581648313333186],[7.741708783192294,8.58164934662688],[7.741726939428353,8.581667861753797],[7.741727618518225,8.581668554267063],[7.741746108930983,8.581687410173716],[7.741746453846045,8.581687761906574],[7.741765278435567,8.581706958592946],[7.741784124507345,8.581726177183608],[7.741784447942107,8.581726507011485],[7.741802959840827,8.581745384821124],[7.741803617450602,8.581746055429335],[7.741821795176196,8.581764592457976],[7.741822786961052,8.581765603846497],[7.741840630513453,8.581783800094161],[7.741841956473456,8.58178515226297],[7.741859465852597,8.581803007729683],[7.741861125987816,8.581804700678752],[7.741878301193628,8.58182221536454],[7.741880295504132,8.581824249093843],[7.741897136536548,8.581841422998725],[7.741899465022404,8.581843797508247],[7.741915971881357,8.581860630632248],[7.741918634542629,8.581863345921962],[7.741934807228051,8.581879838265106],[7.741937804064809,8.581882894334985],[7.741953642576633,8.581899045897297],[7.741956973588946,8.581902442747317],[7.741972477927103,8.581918253528823],[7.741976143115036,8.581921991158962],[7.741991313279461,8.581937461159685],[7.741995312643082,8.581941539569922],[7.742010148633707,8.581956668789875],[7.742014482173085,8.581961087980185],[7.742028983989838,8.581975876419403],[7.742033651705042,8.581980636389758],[7.742047838695295,8.581995084111368],[7.742052821599744,8.582000075209828],[7.742067015903908,8.582014292854486],[7.74207199227539,8.582019277408552],[7.742086193114448,8.582033501596907],[7.742091162952963,8.582038479606588],[7.742105370326914,8.582052710338633],[7.742110333632461,8.582057681803922],[7.742124547541307,8.582071919079665],[7.742129504313885,8.582076884000568],[7.742143724757627,8.582091127820002],[7.742148674997234,8.582096086196518],[7.742162901975875,8.582110336559646],[7.742167845682509,8.582115288391776],[7.742182079196051,8.582129545298594],[7.74218701636971,8.582134490586334],[7.742201256418151,8.582148754036847],[7.742206187058837,8.582153692780203],[7.74222043364218,8.582167962774408],[7.742225357749891,8.582172894973375],[7.742239610868137,8.582187171511272],[7.742244528442868,8.582192097165855],[7.742258788096018,8.582206380247444],[7.742263699137771,8.58221129935764],[7.742277965325829,8.582225588982917],[7.742282869834602,8.582230501548732],[7.742297142557565,8.5822447977177],[7.742302040533358,8.582249703739127],[7.74231631979123,8.582264006451787],[7.742321211234038,8.582268905928833],[7.742335497026819,8.582283215185178],[7.742340381936645,8.58228810811784],[7.742354674264337,8.582302423917875],[7.742359552641178,8.582307310306156],[7.742373851503782,8.582321632649876],[7.742378723347635,8.582326512493774],[7.742393028745155,8.582340841381182],[7.74239789405602,8.582345714680702],[7.742412205988453,8.582360050111797],[7.74241706476633,8.582364916866934],[7.742431383233679,8.582379258841716],[7.742436235478565,8.58238411905247],[7.742450560480833,8.582398467570938],[7.742455406192727,8.582403321237315],[7.742469737729914,8.582417676299471],[7.742474576908815,8.582422523421464],[7.742488914980922,8.582436885027303],[7.742493747626827,8.58244172560492],[7.742508092233856,8.582456093754443],[7.742512918346765,8.58246092778768],[7.742527269488718,8.582475302480887],[7.74253208906863,8.582480129969747],[7.742546446745508,8.582494511206638],[7.74255125979242,8.58249933215112],[7.742565624004223,8.582513719931695],[7.742570430518136,8.582518534331797],[7.742584801264866,8.582532928656056],[7.742589601245779,8.58253773651178],[7.742603978527436,8.58255213737972],[7.742608771975346,8.582556938691074],[7.742623155791933,8.582571346102693],[7.74262794270684,8.582576140869667],[7.742642333058358,8.58259055482497],[7.74264711344026,8.582595343047569],[7.742661510326709,8.582609763546552],[7.742666284175605,8.582614545224775],[7.742680687596986,8.582628972267438],[7.742685454912876,8.582633747401289],[7.742699864869194,8.58264818098763],[7.742704625652072,8.582652949577104],[7.742719042143327,8.58266738970713],[7.742723796393195,8.58267215175223],[7.742738219419388,8.582686598425934],[7.742742967136244,8.582691353926661],[7.742757396697376,8.58270580714404],[7.742762137881217,8.582710556100396],[7.742776573977289,8.582725015861454],[7.742781308628118,8.582729758273436],[7.742781243773629,8.582749467260506],[7.74276225649173,8.582763261591369],[7.742742683716645,8.58277748128302],[7.742736020320014,8.58278232226419],[7.742723403686131,8.582791488292518],[7.742709784145797,8.582801382934825],[7.742704123654267,8.582805495300834],[7.742683547969083,8.582820443603286],[7.742665563586494,8.582833509313934],[7.742657311789873,8.582839504269563],[7.742646283550586,8.582847516318715],[7.742631075608166,8.58285856493366],[7.742627003513328,8.582861523322318],[7.742604839423961,8.582877625595575],[7.742588443434768,8.582889537325997],[7.742578603237259,8.582896686255308],[7.742569163393463,8.582903544326072],[7.74255236704806,8.58291574691286],[7.742530603306809,8.58293155832268],[7.742526130856362,8.582934807568233],[7.74251132326146,8.582945565319221],[7.742499894662166,8.582953868221427],[7.742492043214761,8.582959572314579],[7.742473658465475,8.58297292887244],[7.742453483117318,8.582987586301773],[7.742447422266285,8.58299198952127],[7.742434203066574,8.583001593293597],[7.742421186064599,8.583011050167919],[7.742414923014479,8.583015600284249],[7.742394949860413,8.583030110812388],[7.742376362906247,8.583043614262017],[7.742368713653732,8.583049171454673],[7.742357082850109,8.583057621249134],[7.742342477444553,8.583068232094782],[7.742337802792621,8.583071628235073],[7.742316241232876,8.583087292732708],[7.742299242673599,8.583099642203418],[7.742290005018702,8.583106353368452],[7.742279962612065,8.583113649185826],[7.742263768802031,8.583125414002017],[7.742241402484951,8.583141663147105],[7.742237532582863,8.583144474633398],[7.742222122419371,8.583155670125977],[7.74221173847822,8.583240121493779],[7.742202081361574,8.583400817420829],[7.742192182058331,8.583565543058244],[7.742181732536141,8.583739424064339],[7.74217147518069,8.583910107055539],[7.742161383631129,8.584078030695789],[7.74216108446345,8.584168886699135],[7.742173936816809,8.584178161832465],[7.742180272869472,8.584182734359201],[7.742200587755857,8.584197394962205],[7.742218649685888,8.584210429677036],[7.742227238697716,8.584216628090466],[7.742237838096282,8.58422427733481],[7.742253889642388,8.584235861217255],[7.742276214921445,8.584251972648058],[7.742280540589869,8.58425509434257],[7.742295403336213,8.584265820303537],[7.742307191540164,8.584274327466412],[7.742314591752438,8.58427966795825],[7.742333842493268,8.584293560588776],[7.74235296858926,8.584307363265383],[7.742360493449185,8.584312793709667],[7.742372157009856,8.584321210917807],[7.742387144407916,8.584332026829083],[7.742391345431911,8.584335058569462],[7.742413795369456,8.584351259947024],[7.742429722280392,8.584362753870478],[7.742440446333807,8.584370493063492],[7.74244891070682,8.584376601519843],[7.742467097300971,8.584389726178483],[7.742487287564047,8.58440429681627],[7.742493748270948,8.584408959291999],[7.742506475994847,8.584418144463344],[7.742520399243733,8.58442819240404],[7.742525664427103,8.584431992109646],[7.742547050219332,8.58444742551461],[7.74256404129599,8.58445968739996],[7.742573701197744,8.584466658623702],[7.74258322973262,8.584473535043973],[7.742600352178965,8.58448589173132],[7.742621606610252,8.5845012303297],[7.742627003162998,8.584505124837463],[7.742640795051255,8.584515077971417],[7.742653654149843,8.58452435794213],[7.742659983493715,8.58452892561237],[7.742680305139499,8.584543591045325],[7.742698360383006,8.584556620891982],[7.742706956131967,8.584562824147044],[7.742717548829839,8.584570468530643],[7.742733607127247,8.584582057247287],[7.742755925727876,8.584598163805666],[7.742760258125339,8.584601290346056],[7.74277511417908,8.584612011442035],[7.742786909126244,8.584620523443352],[7.742794302631744,8.584625859077633],[7.742813560129958,8.58463975653917],[7.742832679541442,8.584653554346541],[7.742840211136484,8.584658989633512],[7.742851867998477,8.58466740197985],[7.742866862145823,8.584678222726383],[7.74287105645697,8.58468124961239],[7.742893513157973,8.584697455817778],[7.742909433378326,8.584708944875182],[7.742920164172935,8.5847166889077],[7.742928621841192,8.584722792505431],[7.742946815190708,8.584735921996142],[7.742966998771293,8.584750487763637],[7.742973466211292,8.584755155083112],[7.742986187238531,8.584764335391593],[7.74300011723469,8.584774388168604],[7.743005375707227,8.584778183018782],[7.743026768260899,8.584793621252627],[7.74304375264899,8.584805878270874],[7.743053419289917,8.584812854335171],[7.743062941122059,8.58481972589577],[7.743080070321749,8.58483208741624],[7.743101318072568,8.584847421143268],[7.743106721356393,8.584851320495835],[7.743120506550007,8.584861268765872],[7.743133372393848,8.584870553573953],[7.743139695028905,8.584875116387709],[7.743160023434117,8.584889786650603],[7.743178064630746,8.584905048533225],[7.743182683951499,8.584909006718215],[7.74319724460117,8.584921483388317],[7.743205113469783,8.584928226031842],[7.74321642457328,8.584937918242682],[7.743227542990375,8.584947445344474],[7.743235604547078,8.584954353096315],[7.743249972513271,8.584966664656099],[7.743254784522561,8.58497078794922],[7.743272402038475,8.584985883966729],[7.74329314447859,8.58500365765283],[7.743294831565986,8.58500510327636],[7.743312324459135,8.585020092503541],[7.743317261095804,8.585024322584996],[7.743331504441366,8.585036527353523],[7.743339690627931,8.58504354189263],[7.743350684425285,8.585052962202774],[7.743362120162363,8.585062761199264],[7.74336986441089,8.585069397051294],[7.743384549699103,8.5850819805049],[7.743389044398184,8.585085831899084],[7.743406979238149,8.585101199809536],[7.74342740437783,8.58511870159247],[7.743429408779503,8.585120419113174],[7.743446584370184,8.585135136438067],[7.743451838323163,8.585139638415813],[7.743465764364224,8.585151571282935],[7.74347426786913,8.58515885771745],[7.743484944359951,8.58516800612707],[7.743496697417404,8.585178077018094],[7.743504124357365,8.585184440970476],[7.743519126967985,8.585197296317734],[7.743523304356467,8.58520087581315],[7.743541556520875,8.585216515616375],[7.74356166435973,8.58523374549631],[7.743563986076071,8.58523573491402],[7.743580844363891,8.585250180336796],[7.743586415633573,8.585254954210665],[7.743600024369741,8.585266615176549],[7.743608845193381,8.585274173506308],[7.743619204377278,8.585283050015573],[7.743631274755499,8.585293392800958],[7.7436383843865,8.585299484853865],[7.743653704319923,8.585312612094604],[7.743657564397411,8.585315919691425],[7.743676133886652,8.585331831387249],[7.743695924424292,8.585348789364357],[7.74369856345569,8.585351050678899],[7.743715104440263,8.585365224199727],[7.743720993027035,8.58537026996955],[7.743734284457921,8.585381659034365],[7.743743422600686,8.585389489259198],[7.743753464477265,8.585398093868276],[7.743765852176645,8.58540870854785],[7.743772644498299,8.585414528701454],[7.743788281754911,8.585427927835502],[7.743791824521018,8.5854309635339],[7.743810711335485,8.585447147122155],[7.743830184571518,8.5854638331966],[7.743833140918365,8.58546636640781],[7.743849364599297,8.585480268026854],[7.743855570503552,8.585485585692462],[7.743868544628763,8.585496702856382],[7.743878000091047,8.585504804976122],[7.743887724659919,8.585513137685174],[7.743900429680848,8.585524024258778],[7.743906904692761,8.585529572513238],[7.743922859272957,8.585543243540432],[7.743926084727288,8.585546007340572],[7.743945288867372,8.58556246282109],[7.743964444801406,8.585578876993045],[7.743967718464093,8.585581682100747],[7.743983624840994,8.585595311818187],[7.743990148063123,8.585600901379406],[7.744002442936887,8.585600941433135],[7.744002841771779,8.585600528985259],[7.74402089907556,8.585581855350231],[7.7440221414924,8.585580570527156],[7.744039355212378,8.58556276926616],[7.744041441210993,8.585560612067775],[7.744057811347339,8.585543683180923],[7.744060740927557,8.58554065360712],[7.744076267480445,8.585524597094519],[7.744080040642091,8.585520695145187],[7.744094723611697,8.585505511006946],[7.744099340354597,8.585500736681979],[7.744113179741093,8.585486424918201],[7.744118640065075,8.585480778217493],[7.744131635868633,8.585467338828296],[7.744137939773523,8.585460819751729],[7.744150091994318,8.58544825273722],[7.744157239479943,8.585440861284688],[7.74416854811815,8.585429166644975],[7.744176539184334,8.585420902816372],[7.744187004240124,8.585410080551563],[7.744195838886696,8.585400944346778],[7.744205460360244,8.585390994456986],[7.74421513858703,8.58538098587591],[7.744223916478508,8.58537190836124],[7.744234438285334,8.585361027403767],[7.744242372594916,8.585352822264328],[7.744253737981609,8.585341068930344],[7.744260828709468,8.585333736166247],[7.744273037675856,8.585321110455643],[7.744279284822166,8.585314650066998],[7.744292337368074,8.585301151979667],[7.74429774093301,8.585295563966584],[7.744311637058263,8.585281193502418],[7.744316197041996,8.585276477865001],[7.744330936746422,8.585261235023886],[7.744334653149128,8.585257391762251],[7.744350236432554,8.585241276544082],[7.744353109254406,8.585238305658333],[7.744369536116658,8.585221318062997],[7.744371565357828,8.585219219553249],[7.744388835798732,8.585201359580642],[7.744390021459393,8.585200133446998],[7.744408135478778,8.585181401097005],[7.744426933656961,8.58516196123099],[7.744427435156794,8.585161442612096],[7.744445389752961,8.585142875121239],[7.744446734832781,8.585141484125906],[7.744463845847106,8.585123789010314],[7.744466034506742,8.585121525638442],[7.744482301939396,8.585104702898226],[7.744485334178671,8.585101567149701],[7.744500758029831,8.585085616784971],[7.744504633848573,8.585081608659685],[7.74451921411841,8.585066530670547],[7.744523933516446,8.585061650168393],[7.744537670205133,8.585047444554954],[7.74454323318229,8.585041691675823],[7.744556126290004,8.585028358438198],[7.744562532846105,8.585021733181975],[7.744574582373016,8.58500927232027],[7.744581832507894,8.585001774686852],[7.744593038454174,8.584990186201177],[7.74460113216765,8.58498181619045],[7.744611494533477,8.584971100080919],[7.74462043182538,8.584961857692775],[7.744629950610926,8.58495201395949],[7.744639731481081,8.584941899193822],[7.744648406686517,8.584932927836897],[7.744659031134752,8.584921940693592],[7.744666862760257,8.584913841713133],[7.744678330786396,8.584901982192086],[7.744685318832137,8.584894755588202],[7.74469763043601,8.584882023689305],[7.744703774902167,8.584875669462106],[7.744716930083597,8.584862065185245],[7.744722230970338,8.584856583334844],[7.744751743254675,8.584856679413946],[7.744755406297509,8.584859599696696],[7.744775857690533,8.58487590413214],[7.744793773893094,8.58489018743936],[7.744799972128898,8.58489512884916],[7.744812957693264,8.584905481309578],[7.744824086569768,8.584914353565004],[7.744832141495023,8.584920775179047],[7.744848201013144,8.584933578279669],[7.744851325298367,8.584936069047771],[7.744872315459029,8.584952802993152],[7.744889692909815,8.584966656782976],[7.744896429907419,8.58497202770546],[7.744908876717917,8.584981950649462],[7.744920544358314,8.584991252416588],[7.744928060527607,8.5849972445152],[7.744944658811719,8.585010477126538],[7.744947244338883,8.585012538380195],[7.744968773267629,8.58502970183531],[7.744985611966194,8.585043126107946],[7.744992887726045,8.585048926542905],[7.745004795782228,8.585058419970702],[7.745017002186968,8.585068151249319],[7.74502397959985,8.585073713832713],[7.745041116650399,8.585087375954554],[7.745062347239854,8.585104301554496],[7.745065231116335,8.58510660065861],[7.745081531062233,8.585119595414266],[7.745089345584779,8.585125825361489],[7.745100714886202,8.585134889273295],[7.745113460055729,8.58514505006319],[7.745119898711754,8.58515018313158],[7.745137574529184,8.585164274763715],[7.74515826636762,8.585180770845906],[7.74516168900515,8.585183499463058],[7.745177450197934,8.585196064701947],[7.745185803483619,8.585202724161224],[7.745196634029831,8.585211358557244],[7.745209917964596,8.585221948858209],[7.745215817863317,8.585226652411798],[7.745234032448079,8.585241173554017],[7.745254185535049,8.585257240118663],[7.74525814693407,8.585260398248648],[7.745273369373293,8.585272533970981],[7.745282261422566,8.585279622942098],[7.745292553213123,8.585287827822548],[7.74530637591357,8.585298847634373],[7.745311737054542,8.585303121673372],[7.745330490407079,8.585318072325467],[7.745350104742135,8.585333709372781],[7.745354604903097,8.58533729701538],[7.745369288588313,8.585349003221365],[7.74537871940162,8.585356521704119],[7.745388472436076,8.585364297069209],[7.74540283390265,8.585375746391678],[7.745407656285425,8.5853795909163],[7.745426948406187,8.58539497107806],[7.745446023988885,8.58541017860825],[7.745451062912231,8.58541419576326],[7.745465207842995,8.585425472453103],[7.745475177420782,8.58543342044728],[7.745484391698689,8.585440766297214],[7.74549929193184,8.585452645130125],[7.74550357555597,8.585456060140578],[7.745523406445404,8.58547186981179],[7.745541943275294,8.58548664782507],[7.745547520961475,8.585491094492278],[7.745561127137335,8.585501941666196],[7.745571635480053,8.585510319171588],[7.745580311000963,8.585517235506577],[7.745595750001136,8.585529543849715],[7.745599494866177,8.585532529346208],[7.745619864524726,8.585548768526666],[7.745637862601363,8.58556311702324],[7.745643979050824,8.585567993202435],[7.745657046471337,8.585578410860636],[7.745668093579428,8.585587217877029],[7.745676230342897,8.585593704697287],[7.74569220811054,8.585606442550445],[7.745695414216043,8.585608998533194],[7.745716322644158,8.58562566722268],[7.745733781967096,8.585639586202763],[7.745740437180283,8.585644891893738],[7.745752965845002,8.585654880036428],[7.745764551718914,8.585664116563617],[7.745772149724495,8.585670173869351],[7.745788666260053,8.585683341232315],[7.745791333605572,8.585685467701524],[7.745812780803697,8.585702565899835],[7.745829701372489,8.585716055363637],[7.745836895349848,8.585721790566177],[7.745848885258327,8.585731349193573],[7.745861009898509,8.585741015231344],[7.745868069145752,8.585746643022764],[7.745885124449675,8.585760239895325],[7.745906436925361,8.585777230678906],[7.745909239003346,8.585779464558131],[7.745925620817545,8.585792524505859],[7.745933353559525,8.585798689219757],[7.745944804711315,8.585807818332066],[7.745957468118212,8.58581791388021],[7.745963988606671,8.585823112157524],[7.745981582679404,8.585837138539476],[7.746002356402144,8.585853699806204],[7.746005697243103,8.585856363197566],[7.746021540302261,8.58586899362943],[7.74602981180931,8.585875587854478],[7.746040724203964,8.585884287451906],[7.746053926378022,8.58589481251021],[7.746059908107254,8.585899581273635],[7.746078040949243,8.585914037164764],[7.746098275918593,8.585930168914855],[7.746102155522969,8.58593326181814],[7.746117459826641,8.585945462734351],[7.746126270099203,8.585952486470333],[7.746136643736278,8.585960756553094],[7.746150384677943,8.585971711121351],[7.7461558276475,8.585976050371094],[7.74617449925919,8.585990935771191],[7.746194195474702,8.586006638004854],[7.746198613842945,8.586010160419852],[7.746213379390684,8.586021931820616],[7.746222728429206,8.586029385067329],[7.746232563308252,8.586037225635632],[7.746246843017974,8.58604860971363],[7.746251747227406,8.586052519449899],[7.74627095760925,8.586067834358753],[7.746290115070475,8.586083107076199],[7.746295072203031,8.586087059002695],[7.746309298994389,8.586098400888229],[7.746319186799319,8.58610628364546],[7.746328482919889,8.586113694699515],[7.746343301398115,8.586125508287045],[7.746347666846978,8.586128988510053],[7.746367415999417,8.586144732927453],[7.746386034705909,8.58615957612889],[7.746391530603227,8.586163957566676],[7.746405218637757,8.586174869937189],[7.746415645209542,8.586183182204724],[7.746424402571191,8.586190163744742],[7.746439759818364,8.586202406841595],[7.74644358650621,8.58620545755155],[7.746463874429694,8.586221631477285],[7.74648195438101,8.586236045162925],[7.746487989043531,8.586240856111797],[7.746501138320789,8.586251338967495],[7.746512103659874,8.586260080745129],[7.746520322262154,8.586266632771316],[7.746536218278727,8.586279305377282],[7.746539506205107,8.586281926574395],[7.746560332900083,8.586298530008257],[7.746577874095772,8.586312514178307],[7.746584447523948,8.586317754638051],[7.746597058043484,8.58632780797915],[7.746608562150319,8.586336979266665],[7.746616241992783,8.586343101779233],[7.746632676779197,8.586356203894102],[7.746635425943668,8.586358395578584],[7.746656791410582,8.586375428520363],[7.746673793850198,8.586388983175036],[7.746680906044474,8.586394653145438],[7.746692977805844,8.586404276972138],[7.746705020680873,8.586413877769337],[7.746712161763075,8.586419570768502],[7.74672913531978,8.586433102392059],[7.746750529682298,8.586450158358984],[7.746753249961191,8.5864523270136],[7.746769713644288,8.586465452153103],[7.746777364605111,8.586471551633961],[7.746788897607868,8.586480745946476],[7.746801479251538,8.586490776253145],[7.746808081573032,8.58649603973911],[7.746825593900471,8.586510000871145],[7.746846449508119,8.586526627322126],[7.746849708551911,8.586529225487968],[7.746865633478045,8.586541921112518],[7.74687382320586,8.586548450103612],[7.746884817449554,8.586557214902161],[7.746897937862316,8.58656767471808],[7.746904001422653,8.58657250869106],[7.746922052521277,8.586586899331367],[7.746942369373606,8.586603096266611],[7.746946167182745,8.586606123943476],[7.746961553351464,8.586618390053273],[7.74697028184672,8.5866253485544],[7.746980737330907,8.586633683839187],[7.746994396513204,8.586644573164147],[7.746999921311937,8.58664897762435],[7.747018511182194,8.586663797772719],[7.747038289278757,8.586679565192442],[7.747042625853689,8.586683022380106],[7.747057473264548,8.586694858975372],[7.747066740527693,8.586702246986318],[7.747076657251926,8.586710152757552],[7.747090855204203,8.586721471591348],[7.747095841240888,8.586725446538985],[7.747114969883221,8.5867406961952],[7.747134209223574,8.586756034099611],[7.747139084564746,8.586759920797874],[7.747153393217299,8.586771327878807],[7.747163199248777,8.586779145399367],[7.747172577212608,8.586786621657257],[7.74718731819487,8.586798370013522],[7.747191761224905,8.586801910740418],[7.747211441944155,8.586817594642103],[7.747230129260892,8.586832486882376],[7.747235565695951,8.586836819269502],[7.747249313281265,8.586847774952235],[7.747259689450251,8.58685604389572],[7.747268497303224,8.586863063021346],[7.747283813207064,8.586875268520757],[7.747287681326769,8.586878351089712],[7.74730793696638,8.586894493144614],[7.747326049378618,8.586908927224204],[7.747332060728207,8.586913717767288],[7.747345233406921,8.58692421529033],[7.747356184492541,8.586932942388787],[7.747364417436811,8.586939503355708],[7.747380308259385,8.586952167009104],[7.747383601468287,8.586954791420341],[7.747404432028734,8.586971391628236],[7.747421969535996,8.586985367547369],[7.747428554272908,8.586990616241227],[7.747441153557247,8.587000660177386],[7.747452669927013,8.587009840831616],[7.747460337578295,8.587015953352493],[7.747476785583626,8.587029065420827],[7.747479521600932,8.587031246526852],[7.747500901242748,8.587048290008859],[7.74751788965096,8.587061832873331],[7.747525016904375,8.587067514595708],[7.747537073678355,8.587077126045454],[7.747549132568508,8.587086739181379],[7.747556257707338,8.587092419216827],[7.747573248235152,8.58710596376587],[7.747594625770059,8.587123005557336],[7.747597363904301,8.587125188349184],[7.747613809803801,8.58713829872647],[7.747621479575958,8.587144412931316],[7.747632993839129,8.58715359189486],[7.747645595250122,8.587163637512269],[7.747652177876043,8.587168885062498],[7.747669710926792,8.587182862092039],[7.74769054595463,8.587199471395543],[7.747693826605971,8.587202086670633],[7.747709729996305,8.587214764560947],[7.747717942287657,8.587221311248047],[7.747728914039566,8.587230057725598],[7.747742057971849,8.58724053582428],[7.747748098084413,8.587245350889507],[7.747766173658548,8.587259760399334],[7.747786466178868,8.587275937215088],[7.747790289347757,8.587278984973208],[7.747805650228476,8.587291230376755],[7.74781440503947,8.587298209545905],[7.74782483427967,8.587306523537679],[7.747838520733692,8.587317434117415],[7.747844018332451,8.587321816697855],[7.74786263643042,8.587336658687752],[7.74788238644277,8.587352403015968],[7.747886752129656,8.587355883256906],[7.747901570500311,8.587367696173903],[7.7479108678314,8.587375107824883],[7.747920754559439,8.587382989331093],[7.747934983535651,8.587394332391678],[7.747939938620151,8.58739828248754],[7.747959099242409,8.587413556957294],[7.74797830674634,8.587428868798181],[7.747983214951673,8.58743278152173],[7.747997490811813,8.587444161952389],[7.748007330663445,8.587452006084986],[7.748016674878873,8.587459455105845],[7.748031446377725,8.587471230647061],[7.74803585894752,8.587474748258554],[7.748055562094511,8.58749045520796],[7.748074227089575,8.587505334561733],[7.748079677813806,8.587509679767678],[7.748093411162982,8.587520627712205],[7.748103793535607,8.587528904326213],[7.748112595237976,8.58753592086193],[7.748127909259916,8.58754812888357],[7.748131779314557,8.587551214010904],[7.748152024986732,8.587567353439747],[7.748170147472477,8.58758180030662],[7.748176140716056,8.587586577994744],[7.748189331553817,8.587597093453354],[7.748200256447886,8.587605802548563],[7.748208515636745,8.587612386599345],[7.748224372182224,8.587625027101199],[7.748227699721258,8.587627679744589],[7.748248487919069,8.587644251652655],[7.748266067895045,8.587658266032836],[7.748272603658424,8.587663476202936],[7.74828525198432,8.58767355917584],[7.748296719400282,8.587682700752033],[7.74830443607518,8.587688852318097],[7.748320835144651,8.587701925299953],[7.748323620167627,8.587704145459607],[7.748344950891525,8.58772114984669],[7.748361988357281,8.587734731740387],[7.748369066640906,8.587740374392249],[7.748381172454489,8.587750024879655],[7.748393182392795,8.587759598936621],[7.748400356553283,8.587765318018182],[7.748417298147191,8.58777882347982],[7.748438724755631,8.587795904292987],[7.748441413904096,8.58779804802184],[7.748457908859185,8.58781119742927],[7.748465529663506,8.587817272562676],[7.748477092964325,8.587826490564808],[7.748489645425426,8.587836497102334],[7.748496277071053,8.587841783699595],[7.748513761189852,8.587855721640814],[7.748534645289268,8.587872369966934],[7.748537876956784,8.587874946178111],[7.748553829400757,8.587887663099485],[7.748561992726225,8.587894170714227],[7.748573013513831,8.587902956231286],[7.748586108498173,8.587913395249164],[7.748592197628492,8.587918249362342],[7.748610224272629,8.587932619782922],[7.748630565862573,8.587948835622214],[7.748634340049593,8.587951844315501],[7.748649749981994,8.587964128751027],[7.748658455829061,8.587971068846896],[7.748668934103002,8.587979421879098],[7.74868257161104,8.587990293377114],[7.748688118225599,8.587994715006422],[7.748706687395524,8.588009517906151],[7.748726486475547,8.588025301258824],[7.748730803182518,8.588028742434007],[7.748745670602903,8.588040594383907],[7.748754918972016,8.588047966960685],[7.748764854731844,8.58805588750824],[7.748779034764024,8.588067191486182],[7.748784038862372,8.588071180631827],[7.748803150558539,8.588086416010498],[7.748822407128189,8.588101766876761],[7.74882726635556,8.588105640533634],[7.748841591263478,8.588117059998108],[7.748851382155089,8.588124865055589],[7.748860775400352,8.588132353118711],[7.748875497957126,8.588144089576366],[7.748879959538815,8.588147646238566],[7.748899613761671,8.588163314095963],[7.748918327820498,8.588178232476034],[7.748923729568722,8.588182538614378],[7.748937511963722,8.588193525593644],[7.748947845378281,8.588201763131611],[7.748956696108531,8.588208818710507],[7.748971961190349,8.588220987647668],[7.748975880254926,8.588224111826628],[7.748996077004922,8.588240212162543],[7.749014248552479,8.588254698056627],[7.749020192822004,8.588259436676239],[7.749033432703634,8.588269991170508],[7.749044308641592,8.588278661188754],[7.749052616856376,8.588285284283636],[7.749068424463688,8.588297885700086],[7.749071801010707,8.588300577396021],[7.749092540288292,8.588317110210241],[7.749110169324126,8.588331163618552],[7.749116656115404,8.588336334719214],[7.74912904160997,8.58844165105067],[7.749098474342976,8.588929809170363],[7.749088449100867,8.589089911324779],[7.749078097248221,8.589255229112277],[7.749068152735173,8.589414041444861],[7.749057720078778,8.589580649042786],[7.74904785629538,8.589738171553636],[7.749037342834644,8.589906068961893],[7.749027559781484,8.590062301651084],[7.749016965515819,8.590231488869597],[7.749007263193487,8.590386431737231],[7.748996588122296,8.590556908765896],[7.748986966531384,8.590710561812067],[7.748977409330745,8.590863186304942],[7.748966669795175,8.591034691875585],[7.748936654178997,8.591514026041864],[7.748926452159111,8.591568228526477],[7.748916334964066,8.591590545009119],[7.748907077646461,8.59161096477335],[7.74889900055606,8.591628781193524],[7.748887703128922,8.591653701018533],[7.748881666144137,8.59166701737658],[7.748868328606489,8.591696437262035],[7.748855664518913,8.59172437164863],[7.748848954079167,8.591739173503845],[7.748838330097204,8.591762607828308],[7.748829579546953,8.591781909743966],[7.748820995671577,8.591800844006634],[7.748810205009848,8.5918246459824],[7.748803661242036,8.59183908018361],[7.748790830467852,8.591867382219148],[7.748777659590383,8.591896434446538],[7.748771455920966,8.591910118454205],[7.748760325151054,8.591934670620134],[7.748752081369187,8.591952854687575],[7.74874299070781,8.59197290679238],[7.748732706812517,8.591995590919254],[7.74872565626065,8.59201114296327],[7.748713332250956,8.592038327149249],[7.748699654582568,8.592068497217078],[7.748693957684504,8.592081063377556],[7.748682320125618,8.592106733384595],[7.748674583113161,8.592123799604169],[7.748664985664754,8.592144969550759],[7.748655208536925,8.592166535829097],[7.748647651199974,8.592183205715571],[7.7486358339558,8.592209272052337],[7.748630316731279,8.592221441879031],[7.748616459369781,8.592252008273888],[7.748604315020894,8.59227879612169],[7.748597084778872,8.592294744493755],[7.748586980542409,8.592317032281771],[7.748577710183072,8.592337480711928],[7.748569646060009,8.592355268440503],[7.748558335582378,8.592380216928417],[7.748552311573694,8.592393504597881],[7.748538960976794,8.592422953143217],[7.748526309836878,8.592450858831416],[7.748519586366318,8.592465689356326],[7.748508975340773,8.592489094985416],[7.748500211750952,8.592508425567749],[7.748491640840752,8.592527331138065],[7.748480837130692,8.592551161777482],[7.748474306336815,8.592565567289363],[7.74846146250554,8.592593897985525],[7.748448304573569,8.592622921513776],[7.7484420878755,8.592636634191885],[7.748430970059843,8.592661157661695],[7.748422713240565,8.59267937039655],[7.7484136355422,8.592699393808262],[7.748403338600738,8.592722106599533],[7.748396301020644,8.592737629953477],[7.74838396395602,8.592764842800822],[7.748370299230964,8.592794984168764],[7.74836458930641,8.592807579000425],[7.748352964699618,8.592833220310597],[7.748345214651909,8.592850315198339],[7.748335630164355,8.592871456451084],[7.748325839992516,8.592893051394567],[7.748318295625175,8.592909692590219],[7.74830646532823,8.592935787589104],[7.74830096108208,8.592947928728],[7.748287090659053,8.592978523781952],[7.748274959260094,8.59300528293214],[7.748267715984984,8.593021259973112],[7.748257624707208,8.59304351906654],[7.748248341306021,8.593063996162584],[7.748240290150409,8.59308175519959],[7.748228966622167,8.593106732350366],[7.74822295558969,8.593119991331289],[7.748209591933421,8.593149468536465],[7.748196953741272,8.593177345526302],[7.748190217239783,8.593192204720866],[7.748179619170763,8.593215581654619],[7.748170842541253,8.593234940903583],[7.74816228459634,8.593253817781589],[7.748151467837832,8.593277677084615],[7.748144950018001,8.593292053907204],[7.748132093129517,8.593320413263953],[7.748118948143147,8.593349408093092],[7.74811271841631,8.593363149441604],[7.748101613555016,8.593387644215332],[7.74809334369821,8.593405885617566],[7.748084278962969,8.593425880336216],[7.748073968975219,8.59344862179184],[7.748066944367006,8.59346411645575],[7.748054594247335,8.593491357964423],[7.748040942465718,8.593521470632515],[7.748035219514559,8.593534094135322],[7.748023607859964,8.59355970674867],[7.74801584477689,8.593576830304533],[7.748001409491838,8.593597927054828],[7.747996524014688,8.593603114890271],[7.747983434166775,8.593617014857344],[7.747977222242211,8.593623611231886],[7.747965458839897,8.593636102658746],[7.747957920467639,8.593644107572214],[7.747947483511203,8.593655190459032],[7.747938618690973,8.59366460391126],[7.747929508180691,8.593674278258199],[7.747919316912216,8.593685100249017],[7.747911532848367,8.593693366056256],[7.747900015131362,8.593705596585488],[7.747893557514225,8.593712453853193],[7.747880713348416,8.593726092920676],[7.74787558217827,8.593731541649019],[7.747861411563377,8.593746589254575],[7.747857606840496,8.59375062944373],[7.747842109776243,8.59376708558719],[7.747839631500907,8.593769717237322],[7.747822807987016,8.593787581918518],[7.747821656159503,8.5937888050298],[7.747803506195696,8.59380807824856],[7.747785705471248,8.593826980611412],[7.747784204402283,8.593828574577318],[7.747767730124395,8.593846068400545],[7.747764902606775,8.593849070904788],[7.747749754775727,8.593865156188569],[7.747745600809173,8.593869567230975],[7.747731779425244,8.593884243975472],[7.747726299009477,8.593890063555873],[7.747713804072945,8.593903331761256],[7.747706997207689,8.593910559879486],[7.74769582871883,8.59392241954593],[7.747687695403807,8.593931056201816],[7.747677853362898,8.59394150732949],[7.74766839359783,8.593951552522858],[7.747659878005151,8.593960595111934],[7.747649091789759,8.593972048842613],[7.747641902645589,8.593979682893263],[7.747629789979595,8.593992545161083],[7.747623927284211,8.593998770673476],[7.747610488167339,8.594013041478267],[7.747605951921017,8.594017858452569],[7.747591186352988,8.594033537794164],[7.747587976556007,8.59403694623055],[7.747571884536542,8.594054034108778],[7.747570001189183,8.594056034007417],[7.747552582718005,8.594074530422105],[7.747534050450083,8.594094209557802],[7.747533280897372,8.594095026734147],[7.747513236262487,8.5941132881002],[7.747494700217378,8.59412902277514],[7.747490767354601,8.594132361260309],[7.747475411925863,8.594145396006233],[7.74746829844452,8.594151434418766],[7.747456123632727,8.594161769236107],[7.747445829532245,8.594170507575571],[7.747436835337976,8.594178142464763],[7.747423360617771,8.594189580730728],[7.747417547041605,8.594194515692205],[7.747400891701103,8.59420865388423],[7.747398258743618,8.594210888918429],[7.747378422782241,8.594227727036088],[7.747359682142788,8.594243635367226],[7.747355953861182,8.594246800186285],[7.747340393839948,8.594260008589798],[7.747333484937927,8.594265873334836],[7.747321105535489,8.594276381811156],[7.747311016012479,8.594284946481732],[7.747301817229411,8.594292755031292],[7.747288547084833,8.594304019626978],[7.747282528921716,8.594309128250213],[7.747266078154992,8.594323092770574],[7.747263240612402,8.59432550146792],[7.747243609222958,8.594342165912519],[7.747224663988924,8.594358247899677],[7.747221140288727,8.594361239052807],[7.747205375674757,8.594374621113731],[7.7471986713523,8.594380312191449],[7.747186087358973,8.594390994326568],[7.747176202413678,8.594399385328439],[7.747166799041572,8.594407367538187],[7.747153733472862,8.594418458463776],[7.74714751072255,8.59442374074859],[7.747131264529847,8.594437531597464],[7.747128222401911,8.594440113957774],[7.747108795584639,8.594456604729498],[7.747089645755782,8.594472860372495],[7.747086326637236,8.594475677859881],[7.74707035743029,8.594489233578031],[7.747063857687635,8.59449475098861],[7.747051069103181,8.594505606782347],[7.74704138873584,8.59451382411569],[7.747031780774454,8.594521979985448],[7.74701891978185,8.594532897241118],[7.747012492444108,8.59453835318733],[7.746996450825663,8.594551970364893],[7.746993204112143,8.594554726387997],[7.746973981867282,8.594571043487022],[7.746954627443363,8.594587472785678],[7.746951512906706,8.594590116607492],[7.746935339106545,8.594603845982693],[7.746929043943932,8.594609189726313],[7.74691605076811,8.59462021917849],[7.746906574978966,8.594628262843486],[7.746896762428057,8.59463659237307],[7.746884106011802,8.594647335959005],[7.746877474086387,8.594652965566432],[7.746861637042443,8.59466640907287],[7.746858185743097,8.59466933875858],[7.746839168070888,8.594685482185087],[7.746819609051665,8.594702085139218],[7.746816699097139,8.594704555295648],[7.746800320703523,8.594718458327714],[7.746794230121194,8.59472362840456],[7.746781032353762,8.594734831514993],[7.746771761143052,8.594742701511821],[7.746761744002383,8.594751204701053],[7.746749292162714,8.594761774617433],[7.746742455649386,8.594767577885897],[7.746726823180181,8.59478084772139],[7.746723167294772,8.594783951069525],[7.746704354195454,8.594799920823695],[7.746684590580688,8.594816697433124],[7.746681885208531,8.59481899392435],[7.74666530222122,8.594833070613099],[7.746659416219411,8.594838067023348],[7.746646013860133,8.594849443791855],[7.746636947228097,8.5948571401207],[7.746626725497429,8.594865816969396],[7.746614478234587,8.594876213216398],[7.746607437133107,8.594882190145722],[7.746592009238882,8.594895286310447],[7.746588148767165,8.594898563320825],[7.746569540240981,8.594914359402841],[7.74654957203043,8.594931309667386],[7.746547071240884,8.594933432493582],[7.746530283659636,8.594947682838837],[7.746524602238592,8.594952505582674],[7.746510995287224,8.594964056009076],[7.746502133234104,8.594971578670114],[7.746491706913194,8.594980429178095],[7.746479664227421,8.594990651755904],[7.746472418537546,8.594996802345898],[7.746457195218542,8.595009724840038],[7.746453130160278,8.595013175512484],[7.746434726207466,8.595028797922522],[7.746414553400893,8.595045921841999],[7.746412257194194,8.595047871003354],[7.746395265018772,8.595062295004935],[7.74638978817873,8.595066944082534],[7.746375976635034,8.595078668166654],[7.746367319161067,8.595086017160064],[7.746356688249678,8.59509504132715],[7.74634485014121,8.595105090235943],[7.746337399862703,8.595111414486434],[7.746322381119158,8.595124163310167],[7.74631811147411,8.595127787644497],[7.746299912094909,8.59514323638274],[7.746279534692072,8.595160533956975],[7.746277443068465,8.595162309453661],[7.746260246298625,8.595176907111387],[7.746254974039825,8.59518138252293],[7.746240957903561,8.59519328026458],[7.746232505008991,8.595200455590549],[7.746221669506878,8.59520965341656],[7.74621003597596,8.595219528656516],[7.746202381108578,8.595226026567316],[7.746187566940733,8.595238601720828],[7.74618309270866,8.595242399716861],[7.746165097903311,8.595257674783493],[7.746144515903969,8.595275146012296],[7.746142628863693,8.595276747844501],[7.746125227499196,8.595291519158184],[7.746120159821879,8.595295820903857],[7.746105939092804,8.595307892302863],[7.746097690777869,8.595314893961568],[7.746086650684797,8.595324265446317],[7.746075221731664,8.595333967017623],[7.746067362275168,8.595340638588555],[7.746052752683263,8.595353040072021],[7.746048073863925,8.595357011729579],[7.746030283632667,8.595372113124773],[7.746009497036581,8.595389758007968],[7.746007814579874,8.59539118617587],[7.745990208620482,8.59540613114534],[7.745985345524887,8.59541025922532],[7.745970920202765,8.59542250428149],[7.745962876467703,8.595429332273113],[7.74595163178343,8.595438877416425],[7.745940407408324,8.595448405319255],[7.745932343362476,8.595455250550144],[7.74591793834675,8.595467478363746],[7.745913054939905,8.595471623682641],[7.74589546928298,8.595486551406582],[7.745893766515716,8.595487996813928],[7.745873000217014,8.595505624447767],[7.745855189662484,8.595520743072841],[7.745850531148851,8.595524697487303],[7.745835901233439,8.595537116200468],[7.745828062078496,8.595543770525186],[7.745816612802779,8.59555348932688],[7.745805593005942,8.595562843561417],[7.745797324370499,8.59556986245208],[7.745783123931191,8.595581916595998],[7.7457780359366,8.595586235576056],[7.745760654854247,8.595600989628922],[7.745758747501085,8.595602608698817],[7.745738185775107,8.595620062660194],[7.7457201706252,8.595635354940683],[7.74571571669377,8.595639135689819],[7.745700882184828,8.595651728059794],[7.745693247610237,8.59565820871779],[7.745681593742841,8.595668101177683],[7.74567077852451,8.595677281744107],[7.745662305299233,8.595684474294355],[7.745648309436587,8.595696354768773],[7.74564301685401,8.595700847409812],[7.745625840346468,8.595715427791788],[7.745623728407167,8.595717220524051],[7.745603371254152,8.59573450081315],[7.745585151508627,8.595749966748873],[7.745580902159642,8.595753573832857],[7.745565863056932,8.595766339859459],[7.745558433062935,8.595772646850914],[7.745546574603615,8.595782712968829],[7.745535963964033,8.59579171986732],[7.745527286148682,8.59579908607698],[7.745513494862935,8.595810792882071],[7.745507997692131,8.59581545918391],[7.745491025759641,8.595829865895173],[7.745488709233961,8.595831832289628],[7.745468556654152,8.595848938906622],[7.745450132312769,8.595864578497405],[7.745446087546465,8.595868011916416],[7.745430843849745,8.595880951599472],[7.745423618436584,8.595887084924561],[7.745411555385103,8.595897324700315],[7.745401149324508,8.595906157931053],[7.745392266918843,8.595913697799944],[7.745378680210234,8.595925230935892],[7.745372978450965,8.595930070898353],[7.745356211093766,8.595944303939081],[7.745353689981468,8.595946443995548],[7.745333741975102,8.595963376940617],[7.745315113037622,8.59597919018628],[7.745311272854241,8.5959824499405],[7.745295824563271,8.59599556327982],[7.745288803731185,8.59600152293873],[7.745276536087303,8.596011936372141],[7.745266334605933,8.59602059593531],[7.745257247609714,8.596028309463247],[7.745243865478487,8.596039668930235],[7.74523795913051,8.596044682553137],[7.745221396348843,8.596058741923512],[7.745218670649685,8.596061055641805],[7.745198927217004,8.596077814915132],[7.745180093683185,8.59609380181549],[7.745176458082969,8.5960968879051],[7.745160805197507,8.59611017490051],[7.745153988946737,8.596115960893417],[7.745141516710211,8.596126547984307],[7.745131519808308,8.596135033880085],[7.745122228221296,8.596142921066887],[7.745109050667686,8.596154106865098],[7.745102939730764,8.59615929414825],[7.745086581524868,8.596173179848456],[7.745083651238614,8.596175667228398],[7.745064112379854,8.596192252830164],[7.745045074249457,8.596208413385035],[7.745041643232644,8.596211325810218],[7.745025785752452,8.59622478646153],[7.745019174083237,8.596230398788624],[7.745006497253828,8.59624115953681],[7.744996704931635,8.596249471765375],[7.744987208753588,8.596257532610865],[7.744974235777838,8.596268544740473],[7.744967920251728,8.596273905683706],[7.744951766621845,8.596287617713921],[7.74494863174825,8.596290278755326],[7.744929297463655,8.596306690685713],[7.744910054736438,8.59632302489492],[7.744906828303269,8.596325763655855],[7.744890766228107,8.596339397962891],[7.744884359140689,8.596344836624343],[7.744871477718156,8.596355771029641],[7.74486188997591,8.59636390959118],[7.744852189206586,8.596372144095175],[7.744839420808937,8.596382982556362],[7.7448329006934,8.596388517159488],[7.744816951639768,8.596402055519894],[7.744813612178596,8.596404890222589],[7.744794482468401,8.596421128481774],[7.744775035144128,8.596437636345135],[7.744772013294841,8.596440201441997],[7.744755746624469,8.59645400940458],[7.744749544119084,8.596459274400571],[7.744736458103191,8.59647038246281],[7.744727074941132,8.596478347357493],[7.744717169580293,8.596486755519816],[7.744704605760983,8.596497420312764],[7.744697881055779,8.596503128575609],[7.744682136578639,8.596516493266382],[7.744678592529645,8.596519501630185],[7.744659667394098,8.596535566218346],[7.744640015472525,8.596552247735678],[7.744637198207361,8.596554639168655],[7.744620726941537,8.596568620786602],[7.74461472901843,8.596573712117314],[7.744601438408931,8.596584993836302],[7.744592259827301,8.596592785064322],[7.744582149874708,8.596601366884789],[7.744569790633976,8.596611858009677],[7.744571477735723,8.596669302113945],[7.744581593081945,8.596770537323973],[7.744590614711867,8.596860826519222],[7.744600432549912,8.596890606923019],[7.744606133712907,8.596899169518947],[7.744619572598158,8.59691935342441],[7.74463168509904,8.59693754522691],[7.744638712649113,8.596948099925225],[7.744644460793918,8.596956733080503],[7.744657852702778,8.596976846425457],[7.744670012187297,8.596995108786917],[7.744676992759152,8.597005592925115],[7.744682787885795,8.597014296639736],[7.744696132818237,8.59703433942419],[7.744708339286417,8.597052672344601],[7.744715272880031,8.597063085922688],[7.744721114988539,8.597071860196644],[7.744734412944535,8.597091832420608],[7.744746666396405,8.597110235899962],[7.74475355301175,8.597120578917945],[7.744759442102148,8.59712942375123],[7.744772693081673,8.597149325414705],[7.744784993517259,8.597167799452997],[7.744791833154308,8.597178071910886],[7.744797769226625,8.597186987303493],[7.744810973229652,8.597206818406484],[7.744823320648979,8.59722536300371],[7.744830113307707,8.597235564901505],[7.744836096361968,8.597244550853432],[7.74484925338847,8.597264311395948],[7.744861647791567,8.5972829265521],[7.744868393471942,8.597293057889807],[7.744874423508177,8.59730211440105],[7.744887533558127,8.59732180438309],[7.744899974945019,8.597340490098171],[7.744906673647021,8.597350550875793],[7.744912750665253,8.59735967794634],[7.744925813738625,8.597379297367917],[7.744938302109341,8.59739805364191],[7.744944953832939,8.59740804385946],[7.744951077833195,8.59741724148931],[7.744964093929963,8.597436790350425],[7.744976629284527,8.59745561718333],[7.744983234029697,8.59746553684081],[7.744989405012005,8.597474805029954],[7.745002374132141,8.597494283330617],[7.745014956470582,8.59751318072243],[7.745021514237296,8.59752302981984],[7.745027732201681,8.597532368568277],[7.745040654345161,8.59755177630849],[7.745053283667503,8.597570744259201],[7.745059794455735,8.597580522796555],[7.745066059402225,8.597589932104276],[7.745078934569019,8.597609269284044],[7.745091610875292,8.597628307793649],[7.745098074685015,8.597638015770954],[7.745104386613634,8.597647495637949],[7.74511721480372,8.59766676225728],[7.745129938093947,8.597685871325774],[7.745136354925134,8.597695508743028],[7.745142713835913,8.597705059169298],[7.74515549504926,8.597724255228195],[7.745168265323469,8.597743434855575],[7.745174635176096,8.597753001712787],[7.745181041069057,8.597762622698326],[7.745193775305641,8.5977817481968],[7.74520659256386,8.597800998383054],[7.745212915437897,8.597810494680228],[7.745219368313072,8.597820186225029],[7.745232055572863,8.597839241163078],[7.745244919815117,8.597858561908202],[7.745251195710539,8.597867987645351],[7.745257695567952,8.597877749749404],[7.745270335850926,8.597896734127042],[7.745283247077244,8.597916125431034],[7.745289475994024,8.597925480608158],[7.7452960228337,8.597935313271458],[7.745308616139831,8.597954227088687],[7.745321574350235,8.597973688951535],[7.74532775628835,8.597982973568637],[7.745334350110316,8.597992876791189],[7.745346896439577,8.598011720048012],[7.745359901634099,8.598031252469715],[7.745366036593516,8.598040466526806],[7.745372677397799,8.59805044030859],[7.745385176750164,8.59806921300502],[7.745398228928828,8.598088815985571],[7.745404316909523,8.598097959482653],[7.745411004696153,8.598108003823672],[7.745423457071593,8.598126705959707],[7.745436556234425,8.598146379499104],[7.745442597236371,8.598155452436183],[7.745449332005372,8.598165567336428],[7.745461737403862,8.598184198912078],[7.745474883550889,8.598203943010306],[7.745480877574062,8.598212945387393],[7.74548765932546,8.598223130846858],[7.745500017746973,8.598241691862128],[7.745513210878223,8.59826150651919],[7.745519157922594,8.598270438336282],[7.745525986656417,8.598280694354964],[7.745538298100927,8.598299184809857],[7.745551538216426,8.598319070025745],[7.745557438281968,8.598327931282853],[7.745564313998242,8.598338257860748],[7.745576578465722,8.598356677755271],[7.745589865565496,8.598376633529977],[7.745595718652185,8.598385424227105],[7.745602641350935,8.598395821364203],[7.745614858841359,8.598414170698362],[7.745628192925436,8.598434197031885],[7.745633999033243,8.59844291716904],[7.745640968714498,8.598453384865337],[7.745653139227837,8.598471663639135],[7.745666520296242,8.598491760531468],[7.745672279425142,8.598500410108652],[7.745679296088928,8.598510948364144],[7.745691419625158,8.598529156577591],[7.74570484767792,8.598549324028722],[7.745710559827885,8.598557903045949],[7.745717623474228,8.598568511860625],[7.745729700033321,8.598586649513726],[7.745743175070466,8.598606887523655],[7.745748840241469,8.598615395980923],[7.745755950870396,8.598626075354781],[7.745767980452328,8.598644142447542],[7.74578150247388,8.598664451016258],[7.745787120665897,8.598672888913578],[7.745794278277434,8.598683638846612],[7.745806260882175,8.598701635379038],[7.745819829888164,8.598722014506542],[7.745825401101166,8.598730381843916],[7.745832605695341,8.598741202336116],[7.745844541322866,8.598759128308211],[7.745858157313317,8.598779577994495],[7.745863681547278,8.59878787477193],[7.745870933124116,8.598798765823297],[7.745882821774399,8.598816621235066],[7.745896484749339,8.598837141480127],[7.745901962004232,8.598845367697626],[7.745909260563762,8.598856329308152],[7.745921102236776,8.598874114159603],[7.745934812196232,8.598894704963433],[7.745940242472029,8.598902860621001],[7.745947588014277,8.598913892790684],[7.745959382709994,8.59893160708182],[7.745973139653993,8.59895226844441],[7.745978522950669,8.59896035354206],[7.745985915475662,8.598971456270888],[7.745997663194056,8.598989100001718],[7.746011467122623,8.599009831923063],[7.746016803440152,8.599017846460795],[7.746024242947916,8.599029019748764],[7.74603594368896,8.599046592919294],[7.746049794602124,8.599067395399391],[7.746055083940479,8.599075339377212],[7.746062570431039,8.599086583224318],[7.74607422419471,8.59910408583455],[7.746088122092494,8.59912495887339],[7.746093364451649,8.599132832291309],[7.746100897925033,8.599144146697542],[7.7461125047113,8.599161578747488],[7.746126449593734,8.59918252234507],[7.746131644973662,8.599190325203084],[7.746139225429896,8.599201710168444],[7.746150785238735,8.5992190716581],[7.746164777105845,8.599240085814417],[7.746169925506518,8.59924781811254],[7.746177552945629,8.599259273637017],[7.746189065777012,8.599276564566395],[7.746203104628825,8.59929764928144],[7.746208206050218,8.599305311019675],[7.746215880472234,8.599316837103265],[7.746227346326133,8.59933405747237],[7.746241432162676,8.599355212746136],[7.746246486604762,8.599362803924489],[7.746254208009708,8.599374400567184],[7.746265626886099,8.599391550376028],[7.746279759707396,8.59941277620851],[7.746284767170149,8.599420296826983],[7.746292535558053,8.599431964028783],[7.746303907456909,8.599449043277362],[7.746318087262988,8.599470339668551],[7.74632304774638,8.599477789727155],[7.746330863117267,8.59948952748805],[7.746342188038562,8.59950653617637],[7.746356414829449,8.599527903126273],[7.746361328333454,8.599535282625007],[7.746369190687352,8.599547090944993],[7.746380468631059,8.599564029073065],[7.746394742406782,8.599585466581663],[7.746399608931373,8.599592775520541],[7.746407518268309,8.599604654399606],[7.7464187492344,8.599621521967437],[7.746433069994985,8.599643030034725],[7.746437889540137,8.599650268413749],[7.746445845860136,8.599662217851897],[7.746457029848586,8.599679014859486],[7.74647139759406,8.599700593485464],[7.746476170159744,8.599707761304641],[7.746484173462834,8.599719781301863],[7.746495310473614,8.599736507749215],[7.746509725204006,8.599758156933879],[7.746514450790195,8.599765254193212],[7.746522501076402,8.599777344749498],[7.746533591109489,8.599794000636622],[7.746548052824822,8.599815720379963],[7.746552731431492,8.599822747079456],[7.746560828700844,8.599834908194806],[7.746571871756207,8.599851493521712],[7.74658638045651,8.59987328382372],[7.746591012083633,8.599880239963385],[7.746599156336154,8.59989247163779],[7.746610152413771,8.599908986404479],[7.746624708099067,8.59993084726515],[7.746629292746618,8.599937732844987],[7.746637483982336,8.599950035078445],[7.746648433082178,8.599966479284921],[7.746663035752498,8.599988410704254],[7.746667573420448,8.599995225724273],[7.746675811639391,8.600007598516772],[7.746686713761429,8.600023972163045],[7.7467013634168,8.600045974141029],[7.746705854105122,8.600052718601237],[7.746714139307317,8.600065161952772],[7.746724994451527,8.600081465038844],[7.746739691091973,8.60010353757548],[7.746744134800643,8.600110211475874],[7.746752466986114,8.600122725386447],[7.746763275152471,8.600138957912327],[7.746778018778018,8.600161101007602],[7.746782415507008,8.600167704348195],[7.746790794675781,8.600180288817791],[7.746801555864256,8.600196450783484],[7.746816346474933,8.600218664437396],[7.746820696224218,8.600225197218192],[7.746829122376322,8.60023785224681],[7.74683983658689,8.60025394365232],[7.746854674182723,8.600276227864864],[7.746858976952273,8.600282690085866],[7.746867450087736,8.600295415673502],[7.746878117320367,8.600311436518835],[7.746893001901383,8.600333791290007],[7.746897257691175,8.600340182951223],[7.746905777810019,8.600352979097867],[7.746916398064692,8.600368929383029],[7.746931329630916,8.600391354712814],[7.746935538440921,8.600397675814254],[7.746944105543176,8.600410542519905],[7.74695467881986,8.6004264222449],[7.74696965737132,8.6004489181333],[7.746973819201513,8.600455168674962],[7.746982433287204,8.60046810593961],[7.746992959585875,8.600483915104448],[7.747007985122597,8.600506481551454],[7.74701209997295,8.600512661533353],[7.747020761042106,8.60052566935699],[7.747031240362736,8.600541407961673],[7.747046312884747,8.600564044967285],[7.747050380755232,8.600570154389418],[7.747059088807879,8.600583232772046],[7.747069521150442,8.60059890081658],[7.74708464065777,8.600621608380786],[7.747088661548362,8.60062764724316],[7.747097416584524,8.60064079618477],[7.747107801948993,8.600656393669162],[7.747122968441665,8.60067917179196],[7.747126942352337,8.60068514009458],[7.747135744372044,8.600698359595167],[7.747146082758392,8.600713886519422],[7.74716129623643,8.600736735200803],[7.747165223167157,8.60074263294368],[7.747174072170436,8.600755923003236],[7.747184363578636,8.600771379367359],[7.747199624042072,8.600794298607319],[7.747203503992825,8.600800125790457],[7.747212399979699,8.600813486408976],[7.747222644409725,8.600828872212974],[7.747237951858583,8.600851862011508],[7.747241784829338,8.600857618634908],[7.747250727799838,8.600871049812389],[7.747260925251663,8.600886365056263],[7.747276279685971,8.600909425413368],[7.747280065676699,8.60091511147704],[7.747289055630849,8.60092861321347],[7.747299206104445,8.600943857897237],[7.747314607524229,8.600966988812898],[7.747318346534906,8.600972604316851],[7.747327383472732,8.600986176612224],[7.747337486968076,8.601001350735883],[7.74735293537336,8.6010245522101],[7.74735662740396,8.601030097154334],[7.747365711325488,8.601043740008652],[7.747375767842552,8.601058843572206],[7.747391263233367,8.601082115604976],[7.747394908283859,8.601087589989497],[7.747404039189117,8.601101303402748],[7.747414048727876,8.601116336406209],[7.747429591104247,8.601139678997523],[7.747433189174605,8.601145082822335],[7.747442367063622,8.601158866794524],[7.747452329624045,8.601173829237887],[7.747467918986,8.60119724238774],[7.747471470076198,8.601202575652854],[7.747480694948999,8.60121643018396],[7.747490610531063,8.601231322067243],[7.747506246878626,8.60125480577563],[7.747509750988639,8.601260068481047],[7.747519022845251,8.601273993571075],[7.747528891448927,8.601288814894273],[7.747544574782125,8.601312369161189],[7.747548031911926,8.601317561306917],[7.747557350752374,8.601331556955857],[7.747567172377638,8.601346307718984],[7.747582902696499,8.60136993254442],[7.747586312846061,8.601375054130466],[7.747595678670373,8.601389120338313],[7.747605453317196,8.60140380054137],[7.747621230621746,8.601427495925318],[7.747624593791044,8.60143254695169],[7.747634006599245,8.601446683718434],[7.747643734267601,8.601461293361428],[7.747659558557869,8.60148505930389],[7.747662874746874,8.60149003977059],[7.747672334538993,8.601504247096232],[7.747682015228855,8.60151878617917],[7.747697886504865,8.601542622680133],[7.74770115571355,8.601547532587167],[7.747710662489612,8.601561810471699],[7.747720296200956,8.601576278994584],[7.747736214462734,8.60160018605405],[7.747739436691074,8.601605025401417],[7.747748990451107,8.601619373844835],[7.747758577183905,8.601633771807675],[7.747761766440689,8.601638561635362],[7.747777717679448,8.60166251821335],[7.747787318423477,8.601676937215645],[7.747796858177701,8.601691264618443],[7.747800094416683,8.601696125005397],[7.747815998678667,8.601720011022955],[7.747825646406721,8.601734500584124],[7.747835139182345,8.601748757426888],[7.747838422403552,8.601753688373096],[7.747854279688735,8.601777503830236],[7.74786397440084,8.60179206395027],[7.747873420197838,8.60180625023301],[7.747876750401296,8.60181125173847],[7.747892560709651,8.601834996635196],[7.747902302405833,8.60184962731409],[7.747911701224177,8.601863743036805],[7.747915078409914,8.601868815101511],[7.747930841741415,8.60189248943783],[7.7479406304217,8.601907190675579],[7.747949982261366,8.601921235838274],[7.747953406429406,8.601926378462226],[7.747969122784027,8.60194998223814],[7.747978958448445,8.601964754034743],[7.747988263309403,8.601978728637421],[7.747991734459776,8.60198394182061],[7.748007403837489,8.602007475036125],[7.748017286486062,8.60202231739157],[7.748026544368288,8.602036221434247],[7.748030062501018,8.602041505176663],[7.748045684901798,8.602064967831787],[7.748055614534554,8.60207988074607],[7.748064825438021,8.602093714228747],[7.748068390553136,8.602099068530386],[7.748083965976956,8.602122460625125],[7.748093942593924,8.60213744409824],[7.748103106518604,8.602151207020924],[7.748106718616129,8.602156631881778],[7.748122247062962,8.602179953416139],[7.748132270664167,8.602195007448083],[7.748141387610033,8.602208699810776],[7.748145046689999,8.602214195230841],[7.748160528159818,8.602237446204828],[7.748170598745286,8.60225257079559],[7.748179668712313,8.602266192598304],[7.748183374774742,8.602271758577576],[7.748198809267522,8.602294938991191],[7.748208926837281,8.60231013414077],[7.748217949825443,8.602323685383503],[7.748221702870362,8.602329321921976],[7.748237090386075,8.602352431775232],[7.74824725494015,8.602367697483619],[7.748256230949421,8.602381178166377],[7.748260030976858,8.602386885264051],[7.748275371515477,8.602409924556946],[7.748285583053896,8.602425260824138],[7.748294512084247,8.602438670946933],[7.748298359094227,8.602444448603793],[7.748313652655727,8.602467417336339],[7.748323911178518,8.602482824162324],[7.748332793229922,8.602496163725162],[7.748336687222476,8.602502011941207],[7.74835193380683,8.602524910113402],[7.748362239314017,8.602540387498186],[7.748371074386448,8.602553656501064],[7.748375015361599,8.602559575276288],[7.74839021496878,8.602582402888146],[7.74840056746039,8.602597950831713],[7.748409355553822,8.602611149274642],[7.748413343511597,8.602617138609036],[7.748428496141578,8.60263989566056],[7.74843889561764,8.60265551416291],[7.748447636732047,8.602668642045897],[7.748451671672473,8.602674701939456],[7.748466777325228,8.60269738843065],[7.748477223785764,8.602713077491774],[7.74848591792112,8.602726134814823],[7.748489999844224,8.602732265267544],[7.748505058519727,8.602754881198415],[7.748515551964769,8.60277064081831],[7.748524199121045,8.602783627581424],[7.748528328026852,8.602789828593302],[7.748543339725074,8.602812373963854],[7.748553880154647,8.602828204142513],[7.748562480331817,8.602841120345701],[7.748566656220357,8.602847391916729],[7.748581620941272,8.602869866726968],[7.748592208355402,8.602885767464384],[7.748590694455081,8.602943201211703],[7.748580459538318,8.603223598236115],[7.748569730909623,8.603517519728074],[7.748559323205177,8.60380264788439],[7.748548767176199,8.604091838217569],[7.748538186680955,8.60438169750534],[7.748527803254798,8.6046661566802],[7.748517049965644,8.60496074709899],[7.748506140338529,8.605259619063354],[7.748495984298343,8.605518107016415],[7.748444651931393,8.605527466103641],[7.748399751044404,8.605535652575973],[7.748341480496804,8.60554627663874],[7.748284271132408,8.605556707213964],[7.748238309055885,8.605565087144686],[7.748188037866353,8.60557425271772],[7.748135137608638,8.605583897621477],[7.748091804594794,8.605591798196109],[7.748031966155062,8.605602708069117],[7.747976324661654,8.605612852736698],[7.747928794695157,8.6056215184876],[7.747880091377981,8.605630398159283],[7.747825623228923,8.60564032887693],[7.747764611430306,8.605651452632905],[7.747722451756363,8.605659139237103],[7.74766837813452,8.60566899799969],[7.747619280277473,8.605677949568124],[7.747572144833232,8.605686543341108],[7.747516108792258,8.605696759869986],[7.747456664864417,8.605707597717325],[7.747412937300715,8.60571557014269],[7.747360431551018,8.605725143002939],[7.747309765802845,8.605734380386245],[7.747264198232113,8.605742688263184],[7.747206594298651,8.605753190600641],[7.747148718242163,8.605763742541995],[7.747103422788128,8.605772000785882],[7.74705248491115,8.605781287746435],[7.747000251271281,8.605790810941969],[7.746956251574634,8.60579883292551],[7.746897079748102,8.605809621068895],[7.746840771563551,8.605819887106913],[7.746793908218605,8.605828431166664],[7.746763773730885,8.605837314429175],[7.74674381901489,8.605847414184435],[7.746725239322013,8.605856817992589],[7.746706232603397,8.60586643793134],[7.746686704909606,8.605876321551552],[7.746668646188543,8.605885461674015],[7.746648170493667,8.605895825106073],[7.746631059770328,8.605904485412458],[7.746609636074194,8.605915328656147],[7.746593473348754,8.605923509146672],[7.746571101651191,8.605934832201775],[7.746529666945277,8.605942447435737],[7.74647487288229,8.605950975344312],[7.746409170492822,8.60596120096612],[7.746340157974013,8.60597194174848],[7.746288674033823,8.60597995445703],[7.746224688046124,8.605989912912781],[7.746168177568284,8.605998707908464],[7.746109218112228,8.606007884040833],[7.746047681096204,8.606017461320421],[7.745993748172327,8.606025855132636],[7.745927184617584,8.606036214692905],[7.745859033234852,8.606046821360586],[7.745806688132424,8.606054968025916],[7.745743563281936,8.606064792373846],[7.745686191640718,8.606073721319449],[7.745628093323017,8.606082763350852],[7.745565695142481,8.606092474573506],[7.745512623358096,8.606100734291608],[7.745445198637703,8.606111227788087],[7.745377908391429,8.606121700343339],[7.745324702126389,8.606129980963189],[7.745262438413498,8.606139671205549],[7.745204205608537,8.606148734098813],[7.745146968429562,8.606157642031508],[7.745083709084149,8.606167487194966],[7.745031498439626,8.606175612821213],[7.744963212553223,8.60618624025164],[7.74489678344378,8.606196578696721],[7.744842716015762,8.606204993268836],[7.744781313440839,8.60621454940788],[7.744722219471766,8.606223746246553],[7.744665843431896,8.606232520082786],[7.744601722921236,8.606242499184795],[7.744550373416952,8.606250490721441],[7.744481226364171,8.606261252083556],[7.744415658391935,8.606271456420716],[7.744360729800571,8.606280004942837],[7.744300188363991,8.60628942698082],[7.74424023323044,8.606298757762643],[7.74418471833005,8.606307397504674],[7.744119736653775,8.606317510542969],[7.744050003282869,8.606328363070011],[7.74399924007057,8.606336263283819],[7.743934533235928,8.606346333515313],[7.743878743480843,8.606355015985182],[7.743819063182991,8.606364303924357],[7.743758246884583,8.60637376864707],[7.743703593124056,8.606382274297152],[7.743637750281791,8.606392521269479],[7.74356887804772,8.60640323968625],[7.743517253672471,8.606411273852405],[7.743453407975792,8.606421209980489],[7.74339675705662,8.606430026395854],[7.743337937897867,8.606439180238475],[7.743276260434239,8.606448778899821],[7.743222467813949,8.606457150460201],[7.743155763805331,8.606467531364308],[7.743087752708464,8.60647811567306],[7.743035267169895,8.606486283789309],[7.742972282611557,8.606496085816232],[7.74291477052793,8.60650503617483],[7.742856812508655,8.60651405592315],[7.742794273879439,8.606523788520875],[7.742741342399759,8.606532025993811],[7.742673777224421,8.606542540827435],[7.742606627265137,8.606552991030423],[7.742553280562876,8.606561293094513],[7.742491157143257,8.606570961022527],[7.742432783894807,8.606580045322108],[7.742375687015384,8.606588930978376],[7.742312287220211,8.60659879751022],[7.742260216881519,8.606606900897967],[7.742191790539086,8.60661754965885],[7.74212550171777,8.606627865758329],[7.742071293851441,8.606636301767997],[7.742010031570923,8.606645835599359],[7.741950797157274,8.606655053837663],[7.741894561418088,8.60666380540413],[7.741830300456585,8.60667380586784],[7.741779091259262,8.60668177517265],[7.741709803749371,8.606692557858535],[7.741644374656061,8.606703166852382],[7.741595789460328,8.606711331018786],[7.741548145564551,8.606719337004437],[7.741484026059426,8.606730111508679],[7.741432670648434,8.606738741153544],[7.74137226265208,8.606748891964482],[7.74131719572544,8.606758145266264],[7.741260499238291,8.606767672386194],[7.741201720795566,8.606777549342594],[7.741148735818059,8.60678645277382],[7.741086245858814,8.60679695338253],[7.741036972391384,8.606805233127359],[7.740990016739601,8.606813123388015],[7.740925208958267,8.606824013446808],[7.740874541790243,8.606832527361234],[7.740813445518709,8.606842793732165],[7.740759066834007,8.606851931298069],[7.740701682072709,8.606861573983435],[7.740643591870897,8.606871335198509],[7.740589918620262,8.606880354200618],[7.740528116900909,8.60689073906256],[7.740478155161381,8.606899134383708],[7.740431887754,8.606906908921468],[7.740366391696061,8.606917914532708],[7.740316412771412,8.606926312718798],[7.740254628224302,8.606936694647619],[7.740200937781946,8.606945716479737],[7.740142864746103,8.606955474728437],[7.740085462785607,8.606965120204285],[7.740031101261463,8.606974254775169],[7.739969987782395,8.606984523892436],[7.739919337770387,8.606993034787806],[7.73985451277231,8.607003927544199],[7.739807574272872,8.607011814766354],[7.739758283591988,8.607020097226197],[7.73969581076892,8.607030594710812],[7.739642808569306,8.607039500811242],[7.739584047258531,8.607049374621175],[7.739527333539749,8.607058904359889],[7.739472283741703,8.607068154497448],[7.739411858503323,8.607078307872143],[7.739360520218441,8.60708693433963],[7.739296383460025,8.607097711348002],[7.739248756688744,8.60710571414772],[7.739200154252028,8.607113880883414],[7.739136993152608,8.607124493921717],[7.739084679196136,8.607133284292551],[7.739025229610039,8.60714327366162],[7.738969204133372,8.607152687665293],[7.738913466061029,8.60716205336743],[7.738853729063742,8.607172091001642],[7.738801702505589,8.607180833039148],[7.738738253987241,8.607191494301595],[7.738689938943717,8.607199612676775],[7.738642024751579,8.607207663690419],[7.738578175375411,8.60721839228031],[7.738526549662487,8.607227066923649],[7.738466411800672,8.607237171849745],[7.738411074566527,8.607246470120478],[7.738354648219499,8.60725595138509],[7.738295599463701,8.607265873280914],[7.738242884631894,8.60727473088634],[7.73818012435401,8.607285276404955],[7.738131121037856,8.607293510353497],[7.738083895090687,8.607301445647186],[7.738019588638937,8.6073122905452],[7.737968419580224,8.607320965881222],[7.737908804558224,8.607331073158637],[7.737852943871227,8.607340543907767],[7.737798020471094,8.607349855738557],[7.737737468155258,8.607360121897903],[7.737687236377543,8.607368638284967],[7.737641238386622,8.607376436861864],[7.737576452277576,8.60738742079786],[7.737525762657869,8.607396014785245],[7.737465668171192,8.607406203277236],[7.737410286922142,8.607415592672204],[7.737354884058383,8.607424985723101],[7.737294811179444,8.607435170522752],[7.737244099939165,8.607443768135447],[7.737179335429775,8.607454748336886],[7.73713331581353,8.60746255051428],[7.737083105633058,8.607471063154183],[7.737022531681478,8.6074813328596],[7.736967629870609,8.607490640901558],[7.736911747543013,8.607500115171398],[7.73685215410119,8.607510218612516],[7.736800963398132,8.607518897449681],[7.736736678324802,8.60752979628706],[7.736690179246835,8.60753767969445],[7.73664044850582,8.60754611098803],[7.736579395089125,8.607556461905702],[7.736524972716655,8.607565688595814],[7.736468610925001,8.607575244083435],[7.736409496920522,8.60758526616718],[7.736357826754463,8.607594026227655],[7.73629402111742,8.60760484370213],[7.736247042577513,8.607612808338356],[7.736197791276179,8.60762115828677],[7.73613625839415,8.607631590415538],[7.736082315460304,8.607640735754957],[7.736025474204372,8.607650372459204],[7.735966839637461,8.607660313186727],[7.735914690008185,8.607669154469352],[7.735851363413595,8.607680009327423],[7.735805181695896,8.607687940640076],[7.735755132845503,8.607696536092696],[7.735695793068905,8.607706727171518],[7.735639656157264,8.607716368177618],[7.735586404435528,8.607725513670257],[7.735524179461901,8.607736200226098],[7.73547701579576,8.607744300136297],[7.735427948876991,8.607752726905325],[7.735367627149599,8.607763086569637],[7.73531247216857,8.607772558887],[7.73525823849705,8.607781872970277],[7.735196995453027,8.607792390832234],[7.735148849838106,8.607800659338215],[7.735100764851301,8.60780891742542],[7.735039461172775,8.607819445673455],[7.734985288122701,8.607828749303838],[7.734930072501053,8.60783823197599],[7.73486981138698,8.60784858114582],[7.734820683822941,8.607857018245827],[7.734773580768442,8.607865107652962],[7.734711295138439,8.607875804482962],[7.734658104019667,8.60788493942813],[7.73460190644755,8.607894590687396],[7.734542627263773,8.60790477116685],[7.734492517750271,8.607913376859129],[7.734446396628424,8.607921297587952],[7.734383129046603,8.607932162998157],[7.734330919859478,8.60794112925986],[7.734273740336549,8.607950949104485],[7.734215443083414,8.60796096089533],[7.734164351620102,8.60796973517811],[7.734119212431255,8.607977487230377],[7.734054962897273,8.607988521219031],[7.734003735642143,8.60799731879903],[7.733945574168056,8.60800730722725],[7.733888258845913,8.608017150331241],[7.733836185432454,8.608026093202769],[7.733772782042567,8.608036981827004],[7.733726796690465,8.60804487914558],[7.733676551367673,8.608053508045632],[7.733617407942092,8.60806366505569],[7.733561074551281,8.608073339474581],[7.733508019187333,8.608082450933097],[7.733445597727772,8.608093170867088],[7.73339863042619,8.608101236777802],[7.733349367036079,8.608109696999664],[7.733289241658661,8.6081200225898],[7.733233890199526,8.608129528325351],[7.733179852884749,8.608138808369093],[7.73311841335586,8.608149359614595],[7.733070464104454,8.608157594115685],[7.73302218264737,8.60816588566112],[7.732961075317774,8.608176379829573],[7.732906705790662,8.608185716883542],[7.732851686524713,8.608195165510752],[7.73279122892684,8.608205548069517],[7.732742297725268,8.608213951159227],[7.732694998201556,8.608222074029989],[7.732632908919435,8.608232736775],[7.732579521324696,8.608241905149146],[7.732523520107226,8.608251522358065],[7.732464044440722,8.608261736231853],[7.732414131288635,8.608270307908423],[7.732367813698646,8.60827826210627],[7.732305425779564,8.608289095678638],[7.732252335262111,8.608298555691231],[7.732199927764662,8.608307893991034],[7.732156102440247,8.608315703058912],[7.732094429743437,8.608326692272957],[7.732040623047067,8.608336279866657],[7.731988931715892,8.608345490524401],[7.731944390213633,8.608353427178551],[7.731883433682026,8.608364288745369],[7.731828910806568,8.60837400391935],[7.73177793564184,8.608383086935858],[7.731732677961562,8.608391151175454],[7.731672437595334,8.608401885095871],[7.731617198540614,8.608411727849305],[7.731566939542507,8.6084206832254],[7.73152096568404,8.608428875049615],[7.73146144148336,8.60843948132446],[7.731405486249211,8.608449451656512],[7.731355943417896,8.608458279393036],[7.731309253381069,8.608466598801035],[7.731250445346111,8.608477077431136],[7.73119377393236,8.608487175340985],[7.73114494726801,8.608495875438757],[7.731097541052653,8.608504322429715],[7.731039449183584,8.608514673415897],[7.730982061590063,8.60852489890271],[7.730933951092844,8.608533471362561],[7.730885828698791,8.608542045935646],[7.730828452995789,8.608552269278745],[7.730770349222325,8.608562622341692],[7.730722954892415,8.608571067164451],[7.730674116319488,8.608579769318832],[7.730617456782726,8.608589865019676],[7.730558636829145,8.608600345657925],[7.730511958666719,8.60860866284442],[7.730462403914747,8.608617492579272],[7.730406460544396,8.608627460638683],[7.730346924410531,8.608638068851413],[7.730300962415759,8.60864625840247],[7.73025069148457,8.608655215716963],[7.730195464280804,8.608665056135774],[7.730135211966481,8.608675791922149],[7.730089966139536,8.608683853838599],[7.73003897902896,8.608692938731904],[7.729984467991951,8.608702651510942],[7.729923499496998,8.608713514870132],[7.729878969838054,8.608721449152803],[7.729827266547919,8.60873066162409],[7.729773471677841,8.608740246764185],[7.729711787002088,8.608751237695364],[7.729667973511313,8.608759044345087],[7.72961555404145,8.608768384393526],[7.729562475338469,8.608777841895506],[7.729519321075559,8.608785531066324],[7.729456977159315,8.608796639415445],[7.729403841509557,8.608806107040206],[7.729351478973849,8.608815436904901],[7.729307608532109,8.608823253657205],[7.729245980782069,8.608834234363876],[7.72919212895224,8.608843829564126],[7.72914048258398,8.608853031792368],[7.729095895963239,8.608860976125328],[7.729034984379577,8.608871829190376],[7.728980416369504,8.60888155196529],[7.728929486168863,8.608890626557903],[7.728884183368948,8.608898698470693],[7.728823987951839,8.608909423894946],[7.728768703761351,8.608919274243695],[7.728718440602461,8.608928221039092],[7.728672470976059,8.608936352741507],[7.728612191021274,8.608947015830912],[7.728556991849637,8.608956780157367],[7.728505941433762,8.608965810591826],[7.728460759238581,8.608973802976028],[7.72839969183993,8.608984605321828],[7.728345280098469,8.608994230324951],[7.728293442239774,8.609003400020924],[7.728249047476006,8.609011253087832],[7.7281871926333,8.609022194689112],[7.728133568322204,8.609031680369814],[7.728080943020504,8.609040989326392],[7.728037335688333,8.609048703076914],[7.72797469340138,8.609059783932764],[7.727921856520841,8.60906913029196],[7.727868443775942,8.609078578508228],[7.727806377345887,8.609089557470496],[7.727762194144185,8.60909737305278],[7.727710144694386,8.609106580091385],[7.727655944506107,8.609116167566423],[7.727594665505745,8.609127007202979],[7.727549694861712,8.609134962049154],[7.727498432842842,8.609144029768089],[7.727443445210997,8.609153756500982],[7.727382953640515,8.60916445681274],[7.727337195553963,8.609172550921897],[7.727286720966207,8.609181479322064],[7.727230945890612,8.609191345311903],[7.727171241750199,8.609201906299775],[7.727124696220942,8.609210139670996],[7.727075009064491,8.609218928753313],[7.727018446544954,8.609228933999178],[7.726959529834798,8.609239355664085],[7.726912196862652,8.609247728296452],[7.726863297137688,8.609256378061835],[7.72680594717403,8.609266522562814],[7.726747817894317,8.609276804905665],[7.726699697479092,8.609285316798267],[7.726651585185808,8.60929382724763],[7.72659344777784,8.609304111002807],[7.726536105928757,8.609314254024515],[7.726487198070264,8.609322905176432],[7.72643987320885,8.609331276310693],[7.726380948356379,8.609341699319152],[7.726324393938123,8.609351703020634],[7.726274698636178,8.609360493430954],[7.726228161206817,8.609368725251025],[7.726168448909664,8.60937928751185],[7.726112681922414,8.609389151894021],[7.726062199176836,8.60939808156183],[7.726016449179714,8.60940617406862],[7.725955949437691,8.609416875580898],[7.725900969881636,8.60942660064467],[7.725849699692234,8.609435669569056],[7.725804737127541,8.609443622763482],[7.725743449940463,8.609454463526296],[7.725689257815789,8.609464049272585],[7.725637200182381,8.60947325745263],[7.7255930250503,8.60948107133561],[7.725530950417985,8.609492051348045],[7.72547754572488,8.609501497777762],[7.725424700647276,8.609510845212549],[7.725362066392002,8.6095219241834],[7.725318450870255,8.609529639046139],[7.725265833608907,8.6095389461602],[7.725212201086923,8.609548432848815],[7.72515035426236,8.609559372498886],[7.725105951297278,8.609567226620578],[7.725054121467876,8.609576394419898],[7.724999701501319,8.609586020361428],[7.72493864210766,8.609596820691635],[7.724893451699052,8.60960481407136],[7.724842409301788,8.609613842556854],[7.724787201890477,8.60962360775038],[7.724726929927906,8.60963426876164],[7.724680952075591,8.609642401398485],[7.724630697167791,8.60965127350581],[7.724573583865596,8.609661191305824],[7.72451521903018,8.60967132642669],[7.724465394774553,8.609679978458418],[7.724418987243322,8.609688037166222],[7.72435720567717,8.609698765578987],[7.724303509092473,8.609708090020215],[7.724249016573451,8.609717552667531],[7.724188030934404,8.609728142837723],[7.724140827463394,8.609736339724051],[7.724091799130498,8.609744853491108],[7.724032638347001,8.609755126748546],[7.723976320959195,8.609764906241724],[7.723924449224271,8.609773913741016],[7.723860842780672,8.609784958955855],[7.723816260095207,8.609792700701458],[7.723764610959723,8.609801669523094],[7.723708070959807,8.609811487629875],[7.723649132767969,8.609821722170329],[7.72359988181807,8.609830274526267],[7.723552900935992,8.609838432681826],[7.723491692670001,8.609849061390634],[7.723437422731006,8.609858485262171],[7.723383503515589,8.609867848222974],[7.723321944518803,8.609878537806031],[7.723275314354852,8.609886635023285],[7.723225712669787,8.609895248231375],[7.723167125187779,8.609905421791574],[7.723110234444356,8.609915300708337],[7.723058936014374,8.609924208527833],[7.723014002584319,8.609932011077936],[7.722950746834633,8.609942995232062],[7.722898524345659,8.60995206348801],[7.722842557648563,8.60996178190427],[7.722783046099784,8.60997211586159],[7.722734368456159,8.609980568544449],[7.722686814222712,8.609988826145033],[7.722626179257425,8.609999355152594],[7.722571335963614,8.610008878451717],[7.722517990052358,8.610018141728718],[7.722455857697301,8.610028930721915],[7.722409800840959,8.61003692827281],[7.722359625803197,8.610045640919205],[7.722301611623231,8.610055714784874],[7.722244147523663,8.610065693122506],[7.722193422399172,8.610074501264913],[7.72214791561854,8.610082403264048],[7.722085233168783,8.610093287712921],[7.722032437325782,8.61010245540045],[7.721977043932064,8.610112074128898],[7.72191695914857,8.610122470923356],[7.721868271432863,8.610130858573902],[7.721820727668911,8.61013904914429],[7.721759238613257,8.610149642121083],[7.721705249886802,8.610158942975978],[7.72165020578731,8.610168425635745],[7.72158977209758,8.610178836771189],[7.721541172955025,8.61018720911789],[7.721493540601132,8.610195414905998],[7.721432140116399,8.610205992567519],[7.721378062798872,8.610215308634336],[7.721323107271435,8.610224775984626],[7.721262584989505,8.610235202326196],[7.721214074420133,8.610243559369215],[7.721166353476267,8.610251780374881],[7.721105041562492,8.610262342721283],[7.721050875653866,8.610271673999865],[7.720996008698514,8.610281126040832],[7.720935397824355,8.610291567588373],[7.720886975828197,8.61029990932786],[7.720839166294332,8.61030814555093],[7.720777942951546,8.610318692582371],[7.720723688451789,8.610328039072561],[7.720668910068556,8.610337475804362],[7.720608210602139,8.610347932557712],[7.72055987717923,8.610356258993834],[7.720511979055335,8.610364510434142],[7.720450844283567,8.610375042150782],[7.720396501192654,8.610384403852416],[7.72034181138157,8.610393825275212],[7.720281023322867,8.610404297234211],[7.720232778473233,8.610412608367122],[7.720184791759285,8.610420875024513],[7.720123745558565,8.610431391426511],[7.72006931387647,8.610440768339426],[7.720014712637564,8.610450174453376],[7.71995383598655,8.610460661617864],[7.719905679710227,8.61046895744772],[7.719857604406192,8.610477239322028],[7.719796646776559,8.610487740409544],[7.719742126503246,8.610497132533586],[7.719688833534829,8.610506527400645],[7.719626646564396,8.610517629115936],[7.719583549948307,8.610525322784843],[7.719530412942418,8.610534808871083],[7.719478266355504,8.610544118138662],[7.719434179315196,8.61055198860085],[7.719372982756425,8.610562913462099],[7.719318698955606,8.610572604243067],[7.719267699151067,8.61058170875516],[7.719222465316845,8.610589783916996],[7.719162415539433,8.61060050401784],[7.71910698494341,8.61061039949221],[7.719057131921523,8.610619299250144],[7.719010751293111,8.6106275791103],[7.718951848297335,8.610638094452067],[7.718895270905831,8.610648194618507],[7.718846564666871,8.610656889623614],[7.718799037243998,8.610665374180758],[7.718741281030127,8.610675684764775],[7.718683556842876,8.610685989621956],[7.718635997387111,8.610694479875557],[7.718587323169507,8.610703169128369],[7.71853071373782,8.610713274955963],[7.718471842754545,8.61072378450256],[7.718425430082255,8.610732070005987],[7.718375609069644,8.610740963953136],[7.718320146420416,8.61075086502563],[7.718260128640843,8.61076157926032],[7.718214862752302,8.610769660014892],[7.718163894944407,8.610778758655048],[7.718109579077914,8.610788454973774],[7.718048414501769,8.610799373895224],[7.718004295397254,8.610807249902273],[7.717952180793804,8.610816553234114],[7.717899011710319,8.610826044800392],[7.717855947080599,8.610833732547619],[7.717793728017114,8.610844839668129],[7.717740466617833,8.610854347690324],[7.717688444317633,8.610863634505488],[7.717644232893099,8.610871526947989],[7.717583160611881,8.610882429312461],[7.7175287524165,8.610892142023683],[7.717477876899858,8.610901224089051],[7.717432518680238,8.610909321225503],[7.717372593181563,8.610920018835262],[7.717317038189806,8.61092993623418],[7.717267309456992,8.610938813551092],[7.717220804442017,8.610947115380158],[7.717162025726155,8.610957608236536],[7.717105323937755,8.610967730321825],[7.717056741989048,8.610976402891598],[7.717009090048752,8.61098494790254],[7.716952164116739,8.610995199872102],[7.716893608915777,8.611005745252191],[7.716847786768932,8.61101399749194],[7.716797374632447,8.611023076348967],[7.71674340941487,8.6110327950819],[7.716681893485436,8.611043873631576],[7.716639032054554,8.611051592641987],[7.716585659190412,8.611061204672477],[7.716534654687986,8.611070390172195],[7.71648942489007,8.611078535687984],[7.716430277315161,8.611089187672526],[7.716373943722643,8.611099332873067],[7.716325899936084,8.611107985142983],[7.716277709410607,8.611116663832705],[7.716221522550754,8.611126782583561],[7.716162228229147,8.61113746095074],[7.71611714515917,8.611145579994261],[7.716065993905417,8.611154791854498],[7.716012767761335,8.611164377375088],[7.715969759576373,8.61117212273286],[7.715908390357246,8.611183174726033],[7.715854278374505,8.611192919753371],[7.715804012946906,8.611201972047104],[7.715758044033768,8.611210250575859],[7.715699635530307,8.611220769338294],[7.71564256281787,8.611231047529317],[7.715595258107465,8.611239566599606],[7.715546328465442,8.611248378295933],[7.715490880678371,8.611258363831041],[7.715430847235516,8.61126917518234],[7.715386503243026,8.611277161032596],[7.715334612871398,8.611286505893073],[7.715282125801431,8.611295958204277],[7.715238378501969,8.611303836578411],[7.715177748353586,8.611314755346074],[7.71512289725164,8.611324633367289],[7.715073370899492,8.611333552457998],[7.715026662870524,8.611341963996749],[7.714968993439148,8.611352349540036],[7.714911181606171,8.611362760718574],[7.714864615972555,8.6113711465922],[7.714814947213368,8.611380091292155],[7.714760238499712,8.611389943614482],[7.714699465934992,8.611400887946925],[7.714655861020623,8.611408740606883],[7.714603231530503,8.61141821846463],[7.714551483535285,8.611427537569407],[7.714506997120702,8.611435548956932],[7.7144471060437,8.611446334502048],[7.714391515821932,8.611456345514169],[7.714342728545866,8.61146513140481],[7.714295281400449,8.611473675950592],[7.71423835104178,8.611483928277691],[7.71417980008766,8.611494472440771],[7.714133973531452,8.611502725120696],[7.714083565654494,8.611511802821315],[7.714029596014879,8.611521521933817],[7.713968084327687,8.61153259924444],[7.71392521849206,8.611540318717053],[7.713871849882841,8.611549929569101],[7.713820840962994,8.61155911547041],[7.713775615432684,8.611567259868362],[7.713716463427683,8.611577912193885],[7.713660134085489,8.611588056193945],[7.713612085886126,8.611596708887479],[7.713563899623654,8.611605386437327]],[[7.722929915293927,8.577586101146872],[7.723352217207909,8.577836397378839],[7.723257137536935,8.577510599652388],[7.723353879553393,8.577338605097447],[7.723354391024179,8.577185438238994],[7.72323905514116,8.577165910603082],[7.723239502709712,8.57703188960683],[7.723105125421865,8.576954860739214],[7.723336628168011,8.576745019889822],[7.723375478302613,8.576630271989039],[7.723299568089081,8.576323683771095],[7.723569153326673,8.576228845105543],[7.723839057958243,8.576038276921086],[7.72397330734815,8.576153597237253],[7.723799696812593,8.576306191794488],[7.724011007141061,8.576383474771095],[7.724068068026194,8.576575124166327],[7.724222125916131,8.57651819523789],[7.724222445338098,8.576422465914916],[7.724338100486159,8.576346263904426],[7.724415033564552,8.576346518184096],[7.724434522324714,8.576269998286241],[7.724165384383679,8.576230816533055],[7.724030687659686,8.576249517315851],[7.724012540561993,8.575923974051149],[7.723743339042054,8.575903937906459],[7.723667428580987,8.5755973497276],[7.723552348778979,8.575501238809496],[7.72355273223994,8.575386363645942],[7.723899505161572,8.575215195591026],[7.723957460341113,8.57513880288726],[7.724091837260161,8.5752158313968],[7.72424576682335,8.57519719410644],[7.724093498127573,8.574718038903912],[7.723978737843021,8.574526198808439],[7.724017906864083,8.57431572144325],[7.724248704852098,8.574316484248511],[7.72438365632002,8.574221199814668],[7.724384614193065,8.57393401179206],[7.724500460041427,8.573800372000722],[7.724692791473807,8.573801007403077],[7.72469349371216,8.573590402823559],[7.724866719579153,8.573552682844984],[7.724982118378615,8.573553063977501],[7.724981671604828,8.573687085089214],[7.72480761582033,8.573973701442343],[7.724634517444602,8.573973129624582],[7.724653239840783,8.574126360125465],[7.724768638803678,8.574126741347087],[7.724787361253012,8.574279971849236],[7.72501815928891,8.574280734191385],[7.725076879984152,8.573974590782464],[7.725288189454771,8.57405187291806],[7.725249021162477,8.574262350521177],[7.725421928287059,8.574320359709766],[7.725287168431715,8.57435820691505],[7.725248258795889,8.57449106906067],[7.725229156019676,8.574451883152816],[7.724556052424898,8.574432376322696],[7.724459503408066,8.574546933786213],[7.724458737101679,8.574776684204105],[7.724746532679997,8.5749882419816],[7.724919759198969,8.5749505220737],[7.724977458810089,8.574950712667164],[7.725093177181116,8.574855364464913],[7.725151387382682,8.574702388044583],[7.725150940607421,8.574836409157209],[7.725208168152227,8.574978207939544],[7.725157754822431,8.574989600333478],[7.72511177209753,8.575046886715285],[7.725167939855693,8.575506578230847],[7.725418099535476,8.575469112216961],[7.725552923602276,8.575412119147805],[7.725611197553372,8.575239996771717],[7.725803912566138,8.575125756460318],[7.72584237900432,8.575125883438066],[7.725861101881571,8.57527911395044],[7.725956630126081,8.575470890165628],[7.725995096601271,8.575471017133228],[7.726264425718681,8.57545275991829],[7.726264553267324,8.575414468156483],[7.726322571833345,8.575318929152166],[7.7262652547743,8.575203863465156],[7.726130749751833,8.575165127409441],[7.726035030119776,8.575030788871652],[7.726035285249663,8.574954205353155],[7.7260934313379,8.574820374618836],[7.726285763402904,8.574821009302603],[7.726459754899171,8.574553538072735],[7.726459882414685,8.57451524630623],[7.726306208169295,8.57445730100777],[7.726055857834713,8.574552205349477],[7.725862951826556,8.574723883479129],[7.725824485428495,8.574723756509334],[7.725613175454833,8.574646474599913],[7.725709915583278,8.574474479168456],[7.725691128964868,8.574340394534842],[7.725960457261024,8.57432213741681],[7.725922182250459,8.574264572824223],[7.726210871218919,8.574208087235649],[7.726345758496429,8.574131947920877],[7.726230742055394,8.57401669187843],[7.726211891484095,8.573901753125723],[7.726038729271798,8.573920327822995],[7.72596205174361,8.57384349041751],[7.725962498182187,8.57370946925553],[7.726058982784846,8.573614057195615],[7.726309013680343,8.573614882172993],[7.726348245040833,8.573385258476952],[7.726310352573449,8.573212818624965],[7.726310735102373,8.573097943323956],[7.726388751324372,8.572772717081968],[7.726561849275587,8.572773288033964],[7.7267351384302,8.572716421247167],[7.726735775725409,8.572524962375095],[7.726947467217392,8.572487368206847],[7.726947913239111,8.572353346983904],[7.726774751726199,8.572371922120455],[7.72667877747996,8.572314167341052],[7.726736986545624,8.572161190512809],[7.72706394887424,8.57216226854144],[7.72721781351423,8.572162775753291],[7.727544903276415,8.572125561587582],[7.727622090326832,8.572049231526846],[7.72762279080716,8.571838626687297],[7.727469181019684,8.57176153608181],[7.727508029248333,8.571646787480963],[7.727661193264755,8.571857899330482],[7.727699022639674,8.572049485025927],[7.727910586512155,8.572050182069422],[7.727986500213939,8.572356769862587],[7.728159598084894,8.57235734007094],[7.728293975171251,8.572434367109008],[7.728312699075642,8.572587597647379],[7.728601132108641,8.572607693634412],[7.728697806722405,8.572454843066938],[7.728640807357515,8.572244048165622],[7.728717739740093,8.57224430146748],[7.728814159711147,8.572168034460693],[7.728814477819726,8.572072304944546],[7.72896878782054,8.57193879012223],[7.729084186317973,8.571939169957849],[7.729142267189799,8.571824484427273],[7.729085013194546,8.571690273185725],[7.729296576982727,8.571690969441002],[7.729354530565463,8.571614575677817],[7.729508458705743,8.57159593603605],[7.729507695698733,8.571825686941771],[7.729584119370836,8.571979107332194],[7.729525911419335,8.572132084761336],[7.729525593486511,8.572227814303728],[7.729814090020559,8.572228763443956],[7.729909619854971,8.572420538888155],[7.729717034408703,8.57249648982399],[7.729543936369715,8.572495920304554],[7.729409558947753,8.572418893662036],[7.729197867537932,8.572456489221551],[7.729216655415948,8.572590573863103],[7.729331736122513,8.572686683186195],[7.729331418120226,8.572782412718597],[7.729350015241882,8.572973935079833],[7.729215128850515,8.573050075595892],[7.729176217292749,8.573183970319235],[7.729041648888328,8.57316438123869],[7.728926059150654,8.573221439045508],[7.728733918593235,8.573163368089581],[7.728734173126448,8.573086784483035],[7.728523499608613,8.572818045203896],[7.728465800239299,8.5728178551873],[7.728292320218234,8.572932160477336],[7.72823462083691,8.572931970423689],[7.728196663848845,8.572778676533355],[7.72810081656635,8.572682630267806],[7.728101325854905,8.57252946308841],[7.728024584425798,8.572471771964521],[7.72802477541679,8.572414334273477],[7.727890143725372,8.572413890734863],[7.727620370890339,8.572566170668509],[7.727658391314491,8.572700318686366],[7.727658263946327,8.572738610474378],[7.727600437233941,8.572776712117323],[7.727657053919351,8.57310238245661],[7.727656480730086,8.573274695498377],[7.727521530277922,8.573369981249138],[7.727368493267589,8.573120577500317],[7.727388427095741,8.572910036088377],[7.727292325204171,8.572890573212131],[7.726965043621928,8.572985224729058],[7.726887346436777,8.573214721710752],[7.726848051694386,8.573463491400615],[7.726732461629104,8.57352054848867],[7.726673997311364,8.57375010881796],[7.726673359892797,8.573941567673298],[7.726461476308766,8.574036599218333],[7.726461285046351,8.574094036869521],[7.726749782643002,8.5740949885044],[7.727057895793906,8.57398112801484],[7.727346393372589,8.573982079191508],[7.727500003954217,8.574059169963775],[7.727614702356565,8.574270155146374],[7.727691635115815,8.574270408712085],[7.727749653141061,8.574174869410319],[7.727730993172431,8.57400249298519],[7.727904091770789,8.574003063416695],[7.727827795904624,8.573811350960215],[7.727750863233615,8.573811097435101],[7.727712269519492,8.573849262453415],[7.727616103675902,8.573848945514465],[7.727732075883114,8.573677012796638],[7.728020509635077,8.573697109331862],[7.728232138107904,8.573678660434789],[7.728231692466134,8.573812681715706],[7.728096487232514,8.57398455124249],[7.728096232544579,8.574061134826442],[7.728327540027777,8.573908727989387],[7.728326648779587,8.574176770557058],[7.728500002107671,8.574100757137476],[7.728537959274984,8.574254051024631],[7.728537831971443,8.574292342822702],[7.729345626398842,8.574295002573955],[7.729345562787263,8.574314148478985],[7.729441347168955,8.574429340438325],[7.729459562653191,8.574735738231146],[7.729286336382444,8.574773460256974],[7.729286081908965,8.574850043873328],[7.729228382215998,8.574849853926017],[7.728728127325458,8.574905645054553],[7.728689024369361,8.575096977362035],[7.728477331425319,8.575134572294843],[7.728457334228271,8.575364259707323],[7.728630433491942,8.575364829903027],[7.728630560802372,8.575326538105696],[7.728764938963282,8.575403565134204],[7.728860532437864,8.575576194946171],[7.728706666326286,8.575575688188694],[7.728687114790673,8.575671354333782],[7.728821238480942,8.5758249649592],[7.728743796145379,8.575977878764716],[7.728878301840596,8.576016613988285],[7.728898553459043,8.575710342928584],[7.729013953091106,8.575710722950996],[7.729187497956283,8.575577271602283],[7.729264812774334,8.575462649473552],[7.729265130894201,8.575366919956886],[7.729457972379157,8.575214385861482],[7.729804170917769,8.575215525258209],[7.729899955640295,8.575330717151491],[7.7299576554209,8.57533090700899],[7.729958482061115,8.575082010195787],[7.730112793098889,8.574948495055066],[7.73009387774969,8.574852702230606],[7.729901481795153,8.574871215350255],[7.729786336750482,8.574794251998851],[7.729786463936594,8.574755960183143],[7.729921350895309,8.574679819545025],[7.729941156378416,8.574507569643309],[7.729787036266803,8.57458364701149],[7.729729336602762,8.574583457144902],[7.729691378927243,8.574430163303116],[7.729691824090143,8.57429614195023],[7.729788180891429,8.574239020663466],[7.729749778074011,8.574219748183738],[7.72975009602571,8.574124018642845],[7.729789071122032,8.573970977943988],[7.729655201902851,8.573740784047265],[7.72980951241853,8.573607268955389],[7.729905678283583,8.573607585339204],[7.72996286919638,8.573760942440007],[7.730174434201984,8.573761638381145],[7.730442681920924,8.574068858574462],[7.730653865867862,8.574184429767266],[7.730615081714774,8.574280032855558],[7.730749777746935,8.574261329624237],[7.730730925783368,8.574146390893896],[7.73100019069088,8.57414727612092],[7.731038212425426,8.574281423990792],[7.731095848549438,8.574300759573232],[7.730960707782913,8.574453484344701],[7.731075344804853,8.574683614707519],[7.731344991210239,8.574569624231668],[7.731422495722357,8.57439756377985],[7.731422813262117,8.574301834177504],[7.731596166239381,8.574225819286225],[7.731654373850282,8.574072841486846],[7.731654881799756,8.573919674106472],[7.731616415395723,8.573919547725515],[7.731617875742287,8.57347919150661],[7.731752888910837,8.573364758257092],[7.732021962962883,8.573423080469043],[7.732021772549247,8.573480518246502],[7.731925289253893,8.57357593201948],[7.731828425012635,8.57378622130552],[7.731827917140674,8.573939388697285],[7.731827282287489,8.574130847935242],[7.7317497780173,8.574302908505022],[7.731826774394351,8.574284015324215],[7.731884981930363,8.574131037478368],[7.732078012282939,8.57392106404421],[7.732231941394984,8.573902423434276],[7.732231751002073,8.573959861215002],[7.732135267612901,8.574055275028206],[7.732134823318807,8.574189296510193],[7.732268948137959,8.57434290607466],[7.732267107575473,8.574898137943023],[7.732285198368531,8.575242827779999],[7.732265330363347,8.575434223869399],[7.731900088490972,8.57537558569412],[7.731726925501563,8.575394162885493],[7.731669860698918,8.575202514077347],[7.73149688832484,8.575163653414771],[7.731497205874776,8.57506792381344],[7.731535989929148,8.574972320619827],[7.731536307462104,8.574876591016096],[7.731517899793772,8.574627630843084],[7.73151815381369,8.574551047159314],[7.731286719859949,8.574741747870634],[7.73128627523242,8.574875769303642],[7.73107375656269,8.575162262640255],[7.73130417457434,8.575277896814361],[7.731303793446529,8.575392772326023],[7.731091973315211,8.575468660540212],[7.731091782715795,8.575526098290823],[7.731129677484677,8.575698538000907],[7.731090575555408,8.5758898707073],[7.731167191081279,8.57598585321279],[7.731166936947935,8.576062436880425],[7.730973904907944,8.576272409606174],[7.730973396544252,8.576425576927349],[7.730935501824201,8.576253137208003],[7.730994027823722,8.5760044300293],[7.730994154907127,8.57596613819798],[7.730879390574946,8.575774299607149],[7.730880026026173,8.575582840456047],[7.730745965023941,8.575410084521945],[7.730457211727776,8.575485719377433],[7.730457084597836,8.575524011201699],[7.730360918230307,8.575523694885087],[7.730245455018354,8.575542461184071],[7.730245073560599,8.57565733664683],[7.73012935597492,8.575752686542254],[7.729994722998089,8.57575224356628],[7.729821178272939,8.575885695306358],[7.729628718188405,8.575923354117009],[7.729512873153358,8.576056995601329],[7.729512236982007,8.576248454645825],[7.729511537176504,8.576459059592525],[7.72968450978487,8.57649792119852],[7.729857800451172,8.576441053198554],[7.729914800798976,8.576651848064428],[7.730222470456956,8.576672006590307],[7.730300039586692,8.576480800607728],[7.730511733263473,8.576443204759904],[7.730761702885698,8.576463173036545],[7.730761512214241,8.576520610776823],[7.730761130867354,8.576635486256853],[7.730626179719804,8.576730773017141],[7.730625989021953,8.576788210753595],[7.730741134814155,8.576865173958707],[7.730702668127545,8.576865047443611],[7.730625099081127,8.577056253521395],[7.730624781238126,8.577151983080403],[7.730701333273976,8.57726711160429],[7.73070114257531,8.57732454934083],[7.730758461290771,8.577439614597484],[7.73081616140886,8.577439804372961],[7.730950985686663,8.577382809407098],[7.730951367010238,8.577267933923018],[7.730951938985668,8.577095620695586],[7.730894810905966,8.576923117722828],[7.730818004631931,8.576884572890869],[7.730818195303117,8.576827135150408],[7.730914362015535,8.576827451400789],[7.731164459024479,8.576809127623601],[7.731164967334714,8.576655960294076],[7.73137685167691,8.576560926219999],[7.731665478711626,8.576523582612326],[7.731760946789944,8.57673450376861],[7.731991048454451,8.576945867302086],[7.732029515168472,8.576945993689963],[7.732047859565589,8.577214099796437],[7.732143772446679,8.57729099944646],[7.732181667763474,8.577463439132305],[7.732296623655404,8.57759783971696],[7.732296179231555,8.57773186118282],[7.732410563865701,8.578038575067463],[7.732447697493487,8.578440765838884],[7.732312999954578,8.578459469456996],[7.731986158594828,8.57842010324876],[7.731813565869185,8.578266367001289],[7.731813883456446,8.578170637403522],[7.731583145989839,8.578150732864504],[7.731468063175462,8.578054623917598],[7.731314068827626,8.578092409886375],[7.731295597917488,8.577862595657711],[7.731238215441045,8.577766676366302],[7.731277698862733,8.577460468182705],[7.731219998731162,8.577460278475773],[7.731219681021907,8.577556008054943],[7.731084856705499,8.577613003111159],[7.731064987810963,8.577804399010592],[7.730872272515718,8.577918641966843],[7.73087214539074,8.577956933792484],[7.730775914828306,8.577975763402339],[7.730736812326867,8.578167095991258],[7.731044483332581,8.578187254043785],[7.731063271857845,8.578321338691966],[7.730928065858806,8.578493209125122],[7.730927938730773,8.578531500950454],[7.73100461820421,8.578608337633401],[7.731042322352421,8.578838215103648],[7.731195427269723,8.579068472091796],[7.731213135392888,8.579528037277816],[7.73134700714489,8.579758230998209],[7.731346180951265,8.580007127885775],[7.731461645538636,8.579988361449864],[7.731460692296272,8.580275550175383],[7.731421716830884,8.580428590998318],[7.731555970244814,8.58054390920833],[7.731555588955132,8.580658784699978],[7.731747987905516,8.58064027117285],[7.731786899743158,8.580506376219821],[7.73195981097664,8.580564383015943],[7.731998595681637,8.580468779866568],[7.732170935287149,8.580699099848683],[7.732208767211408,8.58089068547296],[7.73220781442869,8.581177874268516],[7.732207687388495,8.581216166107593],[7.732169093197498,8.581254331513481],[7.732168712060065,8.581369207028299],[7.732149351430486,8.581407435647277],[7.732110884265746,8.581407309206128],[7.732110820739142,8.581426455124726],[7.732014652825052,8.581426139004362],[7.732014335165752,8.581521868593493],[7.731802702171827,8.58154031895267],[7.731763917272586,8.581635922054256],[7.731878429249697,8.581904344311342],[7.732031980425526,8.582000579762134],[7.732147382097113,8.582000959123704],[7.7321664251243,8.582058460102498],[7.732204892355412,8.582058586547625],[7.732262339106707,8.582135359884353],[7.732261957957586,8.582250235398098],[7.732107834822915,8.582326313276994],[7.732050133938221,8.582326123587473],[7.732107390084196,8.582460334700256],[7.732106564121747,8.582709231626644],[7.732182990447674,8.582862651886296],[7.732182482172152,8.583015819227315],[7.732355203990738,8.58313126376864],[7.732354949880596,8.583207847443372],[7.73227687158899,8.58355222106774],[7.732353425170353,8.58366734948521],[7.732449593661136,8.58366766560301],[7.732565694574406,8.583457439794296],[7.73268128724934,8.58340038129751],[7.73310436490272,8.583420917557964],[7.733335042244326,8.583459967580845],[7.733412865684478,8.583192177305646],[7.733720604611872,8.583193187897406],[7.733739203705466,8.583384710339853],[7.73391198969919,8.583481008344114],[7.733931667552002,8.58334704997936],[7.734085917754697,8.583232679519393],[7.734085156448739,8.583462430695892],[7.73414298443065,8.583424328242469],[7.734143428506076,8.583290306719913],[7.734219855791443,8.583443726706854],[7.734354491698372,8.583444168602101],[7.734372964248005,8.583673982925811],[7.734507536820527,8.583693570713553],[7.734641221560972,8.583981201546472],[7.734583520369601,8.583981012199686],[7.734506458597906,8.584019051591603],[7.734447932814464,8.584267759356507],[7.734312915983896,8.584382193044405],[7.734466405388321,8.58449757368011],[7.734466024795458,8.584612449278158],[7.734562130175195,8.584631910837322],[7.73456111530979,8.584938245773147],[7.734733838787895,8.585053689467872],[7.734983878009996,8.585054509912522],[7.735060115684361,8.58526536762948],[7.735058847500906,8.585648286359913],[7.735366651998425,8.585630149986311],[7.735365954643713,8.585840755310073],[7.735519952063728,8.585802968132787],[7.735539692989854,8.585649863697375],[7.735655095920838,8.585650242169187],[7.735750884775673,8.585765433184438],[7.736000987926491,8.58574710709385],[7.7360006077389,8.585861982752844],[7.736078493483371,8.58557504582809],[7.736174916008904,8.58549877730768],[7.73615637908158,8.585288108866509],[7.736215410824119,8.584886233151824],[7.736215664210802,8.584809649369001],[7.736255081929619,8.584522586257794],[7.736370484552065,8.584522964466233],[7.736371307913814,8.584274067151286],[7.736255842026094,8.584292834900536],[7.736275835848383,8.584063146574199],[7.736334107098019,8.583891022142575],[7.736623626282975,8.58358563227359],[7.73673902863889,8.583586010330805],[7.736912765198507,8.583395117829728],[7.736989700072122,8.583395369808482],[7.737335717192733,8.583453941389326],[7.737567154572017,8.583263237459605],[7.737913361489944,8.583264370638547],[7.73800959333152,8.583245539394767],[7.738182380623823,8.583341835632476],[7.738240081799126,8.583342024426878],[7.738316890241098,8.583380568064843],[7.738355357697053,8.583380693915883],[7.738490309904265,8.583285404544007],[7.738663350216785,8.58330511672483],[7.73866297093938,8.583419992516744],[7.738566549405457,8.583496261815254],[7.738412742752406,8.583476612502263],[7.738200729032207,8.583609942029891],[7.738180799657171,8.583820484670868],[7.738295696271186,8.583974029968969],[7.738218065596175,8.584184383808354],[7.738179598061346,8.584184257931929],[7.737929559099224,8.584183439641668],[7.737890901794947,8.584240751612752],[7.737545136920273,8.584105596592142],[7.737601636010019,8.584469558672877],[7.737755316432678,8.584527500275183],[7.737774044080323,8.584680730897574],[7.738024209862146,8.584643257417094],[7.738216484516722,8.584663032832497],[7.738274185892319,8.584663221650628],[7.738483923838528,8.585219146820553],[7.738483607657891,8.585314876631072],[7.738636719518233,8.585545131615191],[7.738790906348724,8.585449905173927],[7.738868473867198,8.58525869718916],[7.738868979596793,8.585105529468848],[7.73917703671513,8.585010806092729],[7.73929218683965,8.585087767321307],[7.739465291234854,8.585088333294742],[7.73946699719276,8.58457139210987],[7.739562850290251,8.584667436340464],[7.739831870873429,8.584744900368824],[7.739890140747464,8.584572775189015],[7.740005543547383,8.584573152311878],[7.739966444373485,8.584764486344826],[7.740235591435099,8.584803658161787],[7.740236286019813,8.584593052429804],[7.740083110251173,8.584381943960734],[7.740256403800881,8.584325071604612],[7.740332581313941,8.584555074662727],[7.740428687192082,8.584574534800394],[7.740427866444488,8.584823432502134],[7.740177447956647,8.584937491459309],[7.740292093153021,8.585167620220515],[7.740426729983985,8.58516806008374],[7.74040692789388,8.585340311036173],[7.740406422766905,8.585493478845663],[7.740309748345164,8.58564633244812],[7.740156003806105,8.585607537720747],[7.73986743284882,8.585625740820735],[7.739847946313642,8.585702261842028],[7.740039779586331,8.585856058248966],[7.740039653260959,8.585894350195002],[7.740174037709417,8.585971374079131],[7.740173658766758,8.586086249922282],[7.740038768966989,8.58616239381508],[7.740038579471697,8.586219831733175],[7.740037695142949,8.58648787534863],[7.739999227349099,8.586487749620238],[7.739883129036426,8.586697978094714],[7.73988249726233,8.58688943780419],[7.739919827899397,8.587234191027349],[7.739862062916908,8.587253148369767],[7.739765071807766,8.587501731573509],[7.739764250343622,8.58775062917375],[7.739745016385062,8.587750566287218],[7.739744890001843,8.58778885822514],[7.739629043855639,8.587922502660243],[7.739571341957446,8.58792231397379],[7.739340091883109,8.588055580901893],[7.739301623941724,8.588055455081118],[7.739244301341284,8.587940390552584],[7.7389941333561,8.58797786452413],[7.739012735014782,8.58816938708221],[7.738877907484597,8.58822638445894],[7.738838554152684,8.588494302052947],[7.738703410233435,8.588647029149628],[7.738703157230728,8.588723612991002],[7.738683796726894,8.588761841964741],[7.73862609472296,8.588761653118494],[7.738588069516802,8.588627505499842],[7.738261154911391,8.58860728923522],[7.738279756181775,8.588798811773932],[7.738375356768141,8.588971440220117],[7.738375040420023,8.58906717000803],[7.738067359490277,8.589047016490982],[7.737971379305164,8.588989263714494],[7.737991182905143,8.588817013104865],[7.737895329370291,8.588720968410142],[7.737741204228305,8.588797048301178],[7.737529693588259,8.588777209350994],[7.737394739049233,8.588872498044985],[7.737241373672335,8.588718826319582],[7.737144823754114,8.58883338690498],[7.736952040444106,8.588966778240883],[7.736875231138027,8.588928234199278],[7.736875864572227,8.58873677473274],[7.736664164019312,8.588774373154289],[7.736471887518528,8.588754596680825],[7.7364725845035,8.588543991298534],[7.736550027257229,8.588391075958297],[7.736550787523914,8.58816132462077],[7.736531553568585,8.58816126157092],[7.73653225047178,8.587950656177298],[7.736666951435159,8.58793195154913],[7.736667521553454,8.587759638034349],[7.736379012529314,8.58775869231714],[7.736398626616459,8.587643879706249],[7.736610073139655,8.587682865125029],[7.736648921077978,8.587568115531955],[7.736533707575711,8.58751029943757],[7.736302963878569,8.587490396879023],[7.736226535123461,8.587336977098007],[7.736228119196681,8.586858328508884],[7.73617067098999,8.586781555562963],[7.736152387555971,8.58649430335229],[7.735998516612823,8.586493798864781],[7.735998073020101,8.586627820461558],[7.736074438208125,8.586800386202297],[7.736074057995286,8.586915261858294],[7.735862802121516,8.58681883838998],[7.735996298577383,8.58716390683916],[7.736130745782788,8.587221786132302],[7.736206730914607,8.58750922752581],[7.73616794622822,8.587604831113675],[7.735995221181089,8.587489387846698],[7.735879881062416,8.587469863455663],[7.73585950620939,8.587814427302785],[7.73570588832847,8.587737338865336],[7.735417506245047,8.587698100557017],[7.735398779588713,8.587544869958839],[7.735071929889968,8.587505505211078],[7.735071549343891,8.587620380818239],[7.734975126040484,8.587696648944956],[7.734879210179934,8.587619749577968],[7.734744509332649,8.58763845358474],[7.734685792460388,8.587944599076383],[7.73474273291824,8.588174539673712],[7.734761142070489,8.588423499922325],[7.734587465377719,8.588595244988245],[7.73431806297544,8.588632652643096],[7.734260170668832,8.588689900928381],[7.734200754858962,8.58920665144215],[7.73437386077966,8.589207219971557],[7.734450987150999,8.589150034841408],[7.734604287929183,8.589322853466108],[7.734739052836703,8.58928500366668],[7.734853441641063,8.589591717433985],[7.734603145607794,8.58966748019055],[7.734545443558217,8.589667290713633],[7.734545570490948,8.589628998856531],[7.734487868448475,8.589628809371836],[7.734333805910544,8.589685741818023],[7.734122485697511,8.589608463176162],[7.73412229523501,8.589665900952422],[7.734236683586334,8.589972614841717],[7.734505896541205,8.589992645168277],[7.734505642656289,8.590069228879784],[7.734466984163054,8.590126540329779],[7.734178410108306,8.590144738632032],[7.734139942033362,8.590144612265693],[7.734120517521276,8.590201986855705],[7.73362030549498,8.590238635550168],[7.733620051425039,8.590315219234375],[7.733657439718724,8.590640826314365],[7.733657312681734,8.590679118156265],[7.733772462995674,8.590756081098691],[7.733829593591584,8.590928584013623],[7.73382895846551,8.591120043232278],[7.734020346742301,8.591407864097766],[7.734096648115994,8.591599576121153],[7.734133401740587,8.592116642442308],[7.734248425561824,8.592231897161163],[7.734305239009489,8.592500129675747],[7.734304667505285,8.592672442990422],[7.734112135320421,8.592729248765835],[7.733919349004691,8.592862638119536],[7.733707582516496,8.592919380454077],[7.733803372216571,8.59303457209032],[7.733668351740064,8.593149005024394],[7.733186734416858,8.593377174963036],[7.733070884279375,8.59351081681073],[7.733551548663005,8.593569835814359],[7.733551167386511,8.593684711317671],[7.733550849652061,8.593780440903235],[7.733666318492908,8.593761674408457],[7.733665810157619,8.593914841751362],[7.733665683072329,8.593953133586894],[7.733664920548245,8.594182884598448],[7.733587856503218,8.594220923475351],[7.733587221008805,8.594412382643403],[7.733490668436717,8.594526941912664],[7.733508885792654,8.594833339814526],[7.733412460200502,8.594909607213074],[7.733335523113616,8.594909354184495],[7.733393861557624,8.594718084808672],[7.733201773228839,8.594640868558816],[7.733047199801071,8.594850967453835],[7.733046881896416,8.594946697014876],[7.73310426681668,8.59504261639451],[7.733045991743841,8.595214739783206],[7.733103376694335,8.595310659167483],[7.73331514460347,8.595253917377402],[7.733488888814496,8.59506302754957],[7.733892745193789,8.595083501559325],[7.73402694045246,8.595217965598108],[7.734180751267833,8.595237617302038],[7.734200684335159,8.595027075394752],[7.734182402909473,8.594739823367634],[7.734202399429845,8.594510135529896],[7.734068204312964,8.594375671574557],[7.733952227025668,8.594547605520134],[7.733798289427302,8.594566245602502],[7.733781215502865,8.593915221145965],[7.733781787327319,8.59374290787739],[7.733763569674297,8.593436509947358],[7.733918904347909,8.59299665956405],[7.739131372343873,8.593013755850647],[7.739053866074054,8.593185817646546],[7.739226974124598,8.59318638425668],[7.73934206323506,8.593282491756405],[7.739438424151722,8.593225368597214],[7.739458354089446,8.593014825961932],[7.740131551933918,8.593017028258837],[7.740093778818689,8.592806296814093],[7.739959645054932,8.592652688721223],[7.739824752711777,8.592728832173055],[7.73967094226969,8.592709182825272],[7.739709853293893,8.592575286929717],[7.739652719774155,8.592402784481552],[7.739536935201372,8.59251728268844],[7.739536808726074,8.592555574613838],[7.739363764187308,8.592535862222759],[7.739306567586865,8.592382505707478],[7.739152947104825,8.592305418296208],[7.739115617342302,8.591960665115417],[7.739019573032936,8.591922058439438],[7.738943205740993,8.591749492986692],[7.739154844694447,8.5917310394849],[7.739173762598166,8.591826832233618],[7.739385211882279,8.591865816496597],[7.739347502451891,8.591635939080078],[7.739463097065335,8.59157887878406],[7.739464298488669,8.591215105481632],[7.73940665933079,8.591195770735693],[7.739350348122756,8.590774370761897],[7.739408682749199,8.590583099907725],[7.739639871248619,8.590468979138429],[7.739774952383117,8.590335397732957],[7.739756666431308,8.59004814532852],[7.739583622985125,8.59002843319606],[7.739391598401401,8.589932074211186],[7.739218491815628,8.589931507887863],[7.739179707504818,8.590027111840634],[7.738813943943557,8.59012164576294],[7.738621729771604,8.590082724291277],[7.738487344388606,8.590005699718102],[7.738025853514014,8.589965896345923],[7.738026169983284,8.589870166575391],[7.738122340247451,8.589870481504335],[7.738334357784352,8.589737152568071],[7.73844976207535,8.589737530381841],[7.738565672490694,8.589584740494226],[7.738911758778063,8.589624165526143],[7.738893093959388,8.589451788935342],[7.738662475290525,8.589393595685747],[7.738663171119863,8.589182990131835],[7.738874302653,8.589317704266572],[7.739067275334356,8.589126874012019],[7.738952313887352,8.588992474677074],[7.738952819806559,8.588839306981383],[7.739164077751783,8.588935729020069],[7.739241519608424,8.588782812997598],[7.739415068181576,8.588649357476385],[7.739435123949421,8.588400522828984],[7.739435313584328,8.588343084930763],[7.739550843914095,8.588305170420158],[7.739609177886863,8.588113899442844],[7.739763176084009,8.588076110646025],[7.739839922417201,8.588133800100225],[7.740089964149961,8.588134617524943],[7.740013407312286,8.588019490203065],[7.7400907854391,8.587885719898328],[7.740091038138484,8.58780913601256],[7.739975760717447,8.587770466832964],[7.739995436928704,8.58763650791198],[7.740341584974439,8.58765678545648],[7.740495330338101,8.587695580227518],[7.740340890196196,8.587867391163647],[7.740417510277696,8.587963372457455],[7.740340005907409,8.588135434787555],[7.740339374255032,8.588326894516584],[7.740185123279558,8.588441267423217],[7.74006908749222,8.588632349891554],[7.740068708398786,8.58874722571423],[7.740241940852231,8.588709499634898],[7.740261617068423,8.588575540700186],[7.74041599441153,8.588422875821708],[7.740455030848813,8.588250687773778],[7.740647560194855,8.588193878352433],[7.741051347706107,8.58823348984646],[7.741282344980148,8.588176805741782],[7.741321444112317,8.5879854715636],[7.741533017923443,8.587986162416264],[7.741571990699556,8.587833120154745],[7.741572116900236,8.587794828189892],[7.741687773125053,8.587718621016327],[7.741726745798483,8.587565578724215],[7.741727629054433,8.587297534948913],[7.741691432321568,8.586608153947905],[7.741595515105905,8.586531256092528],[7.741345284970477,8.586587877741556],[7.741248862982514,8.58666414766076],[7.741172305992198,8.5865490205527],[7.74115414496503,8.586223476072426],[7.741192991391785,8.586108725794224],[7.74157766915218,8.586109981659506],[7.741596461433449,8.586244066332306],[7.741904077649776,8.586283362721732],[7.741921734721923,8.586762075147234],[7.742113947846959,8.586800994786588],[7.742074849307961,8.586992329131304],[7.742209360749925,8.587031060440562],[7.742229351419115,8.586801371340925],[7.742306287136804,8.58680162235797],[7.742517356004742,8.586955480498395],[7.742690650574866,8.586898607171221],[7.742787135425211,8.586803190866837],[7.742826359641294,8.586573564408056],[7.743250010013903,8.586421776151449],[7.743289422891771,8.586134711605219],[7.743482013900482,8.586058754549027],[7.743482265865377,8.585982170555816],[7.743348132565527,8.585828563738717],[7.743348321554405,8.585771125746117],[7.743444365001165,8.585809731195106],[7.743616588226367,8.58607833934294],[7.74367378607518,8.58623169538052],[7.743596598482392,8.586308028648471],[7.743653922315276,8.586423092692728],[7.743808045595518,8.58634701011964],[7.744096554381203,8.586347950123743],[7.744173678939293,8.586290762745742],[7.744155326440775,8.586022656045968],[7.744328431584409,8.586023219897276],[7.74430869407601,8.586176325285537],[7.744597202788389,8.586177264896493],[7.744731399686867,8.586311725358819],[7.744673446182657,8.586388121498096],[7.744673068574559,8.58650299753808],[7.744844978341624,8.586867335334466],[7.74474855684698,8.586943606218684],[7.744766846780894,8.587230858950559],[7.744882376460704,8.587192942714596],[7.744882565249327,8.587135504692116],[7.744998346584278,8.587021004381679],[7.745209794336452,8.587059985159657],[7.745344180466063,8.58713700744556],[7.745555691239407,8.587156842035395],[7.745709248575496,8.587253072814898],[7.74576607009277,8.587521304761097],[7.745881285397892,8.587579118296928],[7.74597795839368,8.587426263061227],[7.745959793302468,8.587100718226504],[7.745998261246432,8.587100843369075],[7.746152195893456,8.587082197884063],[7.746171807049135,8.586967384343337],[7.74636490095851,8.58673825767781],[7.746481184534266,8.586470588679582],[7.746558245991756,8.586432546797544],[7.746558434511398,8.58637510873578],[7.746328130050351,8.586221190069141],[7.745963628410701,8.585932811245371],[7.745810260097475,8.585779142580837],[7.744793506051646,8.584971692654841],[7.744716633550277,8.584952296178626],[7.744485072101253,8.585181296764745],[7.744484883296471,8.585238734784244],[7.744657925180277,8.585258444444278],[7.744676781493225,8.585373383114524],[7.744369102447934,8.58535323500627],[7.744484128064233,8.585468486860501],[7.744483750440252,8.585583362897575],[7.744329942314267,8.585563715782701],[7.744175819446587,8.585639798627923],[7.744194549705807,8.585793029308986],[7.744194234934876,8.585888759327656],[7.743886870406876,8.585772880771247],[7.743848780451417,8.585657879429393],[7.743849095300333,8.585562149422318],[7.743407849952751,8.585216079870658],[7.74308188245381,8.584908678130995],[7.743043414773802,8.584908552729209],[7.742391103233508,8.584408624530509],[7.742084055828148,8.58419701482905],[7.742085568931118,8.583737511068497],[7.742124666894514,8.583546176642479],[7.742125990719589,8.583144110832775],[7.742569438119615,8.582820071572273],[7.742665984824697,8.582705509139036],[7.742570131255149,8.582609465628988],[7.742416009416844,8.582685547903072],[7.742358308247601,8.582685359747664],[7.742146485170601,8.58276125373755],[7.742147871880587,8.58234004191605],[7.742224932750772,8.582302000834588],[7.742225058803525,8.582263708849135],[7.742167483760179,8.58222522868966],[7.741458170308734,8.581514505632247],[7.741323282447134,8.581590650261854],[7.741360992983505,8.581820527630104],[7.741418441745487,8.581897299864627],[7.741418315617374,8.58193559183889],[7.741418252553097,8.581954737825992],[7.741417306571443,8.582241927630186],[7.741339425726079,8.582528866359377],[7.741337785789648,8.583026661987278],[7.741298309053482,8.58333287219877],[7.741163862085417,8.583274994781439],[7.74110616085504,8.583274806425893],[7.740971398462491,8.583312658860994],[7.740971903232762,8.583159491000815],[7.740952669496395,8.583159428207857],[7.740952984977885,8.583063698295323],[7.740914517515224,8.583063572707953],[7.740914833002696,8.582967842796352],[7.741050036898416,8.58279596847934],[7.741050163076268,8.582757676512227],[7.740954183774255,8.58269992462326],[7.740761594237474,8.58277588060093],[7.740646255055778,8.58275635780201],[7.740627589325949,8.582583981170899],[7.74062828351234,8.58237337538285],[7.740609743997408,8.58216270678963],[7.740667886769843,8.582028873325383],[7.740860602104433,8.581914625374047],[7.740842062445177,8.58170395677185],[7.741053758899577,8.581666355416793],[7.74103521912456,8.581455686807622],[7.740958284521111,8.581455435692131],[7.740959230759701,8.58116824592714],[7.740901782188282,8.58109147365049],[7.740902349936413,8.580919159792538],[7.740748922583376,8.580784635641738],[7.740403916529212,8.580419731694379],[7.740365449340837,8.580419606090647],[7.740115412630639,8.580418789572953],[7.740038352018935,8.580456830260943],[7.740038099528578,8.580533414174282],[7.740076061751222,8.580686707640323],[7.740075746138773,8.580782437532205],[7.740056196907782,8.580878104602508],[7.740055691906717,8.581031272426594],[7.739804834016874,8.581279353337852],[7.739804707736307,8.581317645289477],[7.739650144022141,8.581527748280429],[7.739592443089325,8.581527559736516],[7.73947767280442,8.581335722890232],[7.739477799118021,8.581297430943483],[7.739439331855075,8.58129730523466],[7.739362586817578,8.581239615887807],[7.73911261284228,8.581219652671974],[7.73901625518095,8.581276776214606],[7.738728066758691,8.581180103122538],[7.738554900981282,8.581198683040597],[7.738497579350181,8.581083618542303],[7.738383568254653,8.580662029874867],[7.738287716354801,8.580565985519673],[7.738152828385321,8.580642129001033],[7.737883305229019,8.58071783194952],[7.737902032965128,8.580871062575575],[7.738017308104863,8.580909732057751],[7.738054890143394,8.5811779013863],[7.737766196209434,8.58123439530808],[7.737709064560368,8.581061892844815],[7.737401263614397,8.581080031641674],[7.73739980861744,8.581520388675827],[7.737226642705796,8.581538967965436],[7.737226073258746,8.58171128157298],[7.737322241439038,8.581711596404622],[7.737379436225496,8.581864952951056],[7.737379183160244,8.581941536780063],[7.737378677022713,8.582094704437148],[7.737474528988535,8.58219074903331],[7.737492940222416,8.582439709442621],[7.737627449430313,8.582478442061266],[7.737858822782061,8.58230688380093],[7.737935757464751,8.582307135559308],[7.738051096257424,8.582326659129935],[7.738052234478534,8.581982031814185],[7.738167762868512,8.58194411744789],[7.738187439102503,8.581810158628025],[7.738091587013103,8.581714114195137],[7.737899313836405,8.581694338929978],[7.737745950688815,8.581540667737015],[7.737842498285393,8.58142610666626],[7.737977196903213,8.581407401232028],[7.737995987903878,8.581541485896352],[7.738514916802049,8.581658060428593],[7.738648541071637,8.581964836201664],[7.738648414664972,8.582003128134813],[7.73870605244787,8.582022462797271],[7.738763753435634,8.582022651484557],[7.738839740161684,8.582310092571396],[7.738704978014235,8.582347944232843],[7.738704029949453,8.582635133730156],[7.738453865514168,8.582672607855287],[7.738357064812139,8.582863752907226],[7.738125880978232,8.582977873560264],[7.738125754504046,8.583016165483667],[7.737895076515083,8.582977118294327],[7.737915132425218,8.58272828375479],[7.737876981277491,8.582632428068484],[7.737800046531061,8.58263217628892],[7.737684011843829,8.58282325817778],[7.73768375881094,8.582899842012019],[7.737721340602485,8.583168011340605],[7.737528940214461,8.583186527703454],[7.737510275920829,8.583014151125296],[7.737433657466215,8.582918169478466],[7.737241320493712,8.582917539758945],[7.737222529766136,8.58278345509567],[7.737222846168077,8.582687725319335],[7.737126867599696,8.582629972563486],[7.737126741030606,8.58266826447277],[7.736818812218496,8.582724694516703],[7.736722897022267,8.582647795716237],[7.736723150240185,8.582571211909489],[7.736608824439708,8.582245352724264],[7.736531446626103,8.582379122356974],[7.736358533617274,8.582321117396443],[7.736318799818245,8.582703910337473],[7.736336387011296,8.583201768018794],[7.736297539619508,8.58331651765633],[7.736297286293964,8.583393101447498],[7.736143289912206,8.58343088909174],[7.736008843955159,8.583373009984772],[7.735912168594608,8.583525862323922],[7.735700470988461,8.58356346063026],[7.73564308666339,8.583467541737203],[7.735450686173064,8.58348605702617],[7.735354264096319,8.583562325425797],[7.734969780025175,8.58350362590992],[7.73491264950987,8.5833311231857],[7.734720375927579,8.583311346242855],[7.734528038959437,8.583310715141693],[7.734432060753798,8.583252961753114],[7.734258894094792,8.58327153957357],[7.73424073875734,8.582945995588112],[7.733798681523683,8.582848813774886],[7.733684041014324,8.582618683722226],[7.733780907253956,8.582408394240696],[7.733781097604435,8.582350956450489],[7.733820072468529,8.582197915295172],[7.733993111749288,8.582217629466992],[7.734262826652864,8.58208449170643],[7.7343005328448,8.58231436915224],[7.734223154272994,8.582448138202121],[7.734222773699227,8.582563013801504],[7.734203540043133,8.582562950676348],[7.734203096026984,8.582696972207076],[7.734337731669915,8.582697414070035],[7.734375564763214,8.582888999648782],[7.734375881882335,8.582793269978618],[7.73447312832436,8.582468104665914],[7.734550570232219,8.582315189618049],[7.734550823875524,8.582238605874483],[7.734744364896365,8.581875464072764],[7.734822313688746,8.581569381424444],[7.734823327940574,8.581263046404198],[7.734824215380112,8.580995003257412],[7.734786001773498,8.580918293333209],[7.734959547635488,8.580784839473404],[7.734902163828018,8.580688920544047],[7.734845604019767,8.580344104391559],[7.734788347060532,8.580209893577488],[7.734672692253406,8.580286098839586],[7.734653078361407,8.580400911384878],[7.734460616060247,8.580438572336588],[7.73446042585493,8.580496010147627],[7.734248856770732,8.580495316014426],[7.734172493304686,8.580322750159247],[7.734114792676202,8.580322560822426],[7.734096193316001,8.580131038362817],[7.734019576290767,8.580035056231608],[7.733846664837026,8.579977050346837],[7.733847045407438,8.579862174748868],[7.73365464680268,8.579880689395583],[7.733597517212211,8.579708186609635],[7.733329326793057,8.57938182182381],[7.733291430878498,8.57920938216457],[7.733138134160992,8.579036563604284],[7.733099667220069,8.579036437296356],[7.73306304059048,8.578481079063637],[7.733005594102655,8.578404305888451],[7.733006355602014,8.578174554748182],[7.732949036082974,8.578059489715429],[7.732949353378159,8.577963760074388],[7.732968777165922,8.577906385443196],[7.733007243991189,8.577906511747665],[7.733296189282131,8.577773437392333],[7.733315993634697,8.577601187146461],[7.733450690867171,8.577582483126253],[7.733566915780228,8.577333964736372],[7.733567042625971,8.577295672869388],[7.733586276012281,8.577295735987828],[7.733586402855512,8.57725744412048],[7.733702247071152,8.577123801266952],[7.733759947207615,8.577123990595423],[7.733760517907665,8.576951677178597],[7.73370364215825,8.576702590699151],[7.73345417933371,8.576529456816946],[7.733416029761212,8.576433600911164],[7.733377563078011,8.576433474668951],[7.733339667238439,8.576261035028091],[7.733397367236595,8.576261224391864],[7.733589320087687,8.576376731150047],[7.733665746157982,8.576530151067429],[7.734010932119999,8.576837621862381],[7.734010678530576,8.576914205611283],[7.734029468120606,8.577048290265664],[7.733932920818407,8.57716285040187],[7.734048004124773,8.577258958668784],[7.734066857125759,8.577373897386236],[7.734258747347916,8.577508549853736],[7.734393444549147,8.577489845492833],[7.734393888225162,8.577355823916127],[7.734528965618461,8.577222243855081],[7.734721299523037,8.577222874511667],[7.734701305737206,8.577452562753143],[7.734643542160011,8.577471519499555],[7.734643415419435,8.577509811382196],[7.73448916791233,8.577624182457384],[7.734258430397648,8.577604279545701],[7.734257923269586,8.577757447051845],[7.73418048244401,8.57791036219306],[7.734430453554811,8.577930328258276],[7.734584320956362,8.577930832871807],[7.735065156646724,8.577932409393892],[7.735353278074032,8.578048230696307],[7.73550714557811,8.578048734948796],[7.735584965902514,8.577780943781638],[7.735239777727147,8.577473474102518],[7.735413005065046,8.577435749501321],[7.735566745678632,8.577474545590697],[7.735682146142214,8.577474923696897],[7.735797483298612,8.577494447718497],[7.735758256689109,8.57772407309192],[7.735758066739801,8.577781510939925],[7.735738833312849,8.57778144792617],[7.735738390085927,8.577915469569838],[7.735680183208781,8.578068448108008],[7.735794824042976,8.578298577596469],[7.735794254168836,8.578470891137293],[7.73579336767435,8.578738934419892],[7.735734654030696,8.5790450805287],[7.735580216091135,8.579216889828706],[7.735810828101655,8.579275083995684],[7.735887508826475,8.579351919869154],[7.735887382182304,8.579390211766542],[7.735848471892066,8.579524107365762],[7.735579202691294,8.579523224971277],[7.735540925686064,8.579465661061592],[7.735541305724318,8.579350785385074],[7.735483415184778,8.579408034111271],[7.735501888581482,8.579637848497825],[7.735809371583205,8.57971544079961],[7.735982473311459,8.579716007984121],[7.736059407416716,8.57971626004121],[7.736078197734141,8.579850344701008],[7.736174175468864,8.579908097601967],[7.73615380227931,8.58025266169296],[7.735999553908647,8.580367033261412],[7.736326461123596,8.580387250415269],[7.736346137829647,8.58025329176063],[7.736347087398936,8.579966102490088],[7.736423958265656,8.579985500433844],[7.736423768365551,8.580042938289955],[7.73638479485219,8.580195979908053],[7.736557770246994,8.580234838771583],[7.736557200586245,8.580407152346105],[7.736383971896222,8.580444877276786],[7.736363472176884,8.580827733294386],[7.736690443139681,8.580828804245932],[7.736863418862718,8.580867663017091],[7.73686373528292,8.580771933244588],[7.737191022596027,8.58067727398015],[7.737287190514833,8.5806775887829],[7.737364630911065,8.580524672940403],[7.737595750069774,8.580429698508228],[7.737461368059276,8.58035267406055],[7.737288265943533,8.580352107497784],[7.737077329398331,8.58015995536035],[7.736846590010541,8.580140053758152],[7.736789522169404,8.579948405278053],[7.737097322153557,8.579930266840739],[7.737251000744543,8.579988208382176],[7.737251380292371,8.579873332632646],[7.737232146749052,8.579873269678082],[7.737232589554928,8.579739247970412],[7.737482499051667,8.579778358212302],[7.737559433214174,8.579778609972124],[7.737751831862378,8.579760093342482],[7.737925313076168,8.579645783877652],[7.737963780150382,8.579645909713406],[7.738098414914735,8.579646350108364],[7.738117142748834,8.579799580737133],[7.738290497488526,8.579723563027363],[7.738175412278497,8.579627455776144],[7.738137450889004,8.579474162240183],[7.738176550024193,8.579282828395726],[7.738195783544834,8.579282891298917],[7.738195151479373,8.579474350956911],[7.738637522715944,8.579475797498636],[7.738618857851245,8.579303420895757],[7.738657324901326,8.579303546657393],[7.738772915585656,8.579246486008769],[7.739118108458894,8.579553953141644],[7.739117918973298,8.579611391058931],[7.738829479004667,8.579591302093764],[7.73886687209997,8.579916909335452],[7.738943490464288,8.580012890677077],[7.739174293230896,8.58001364505711],[7.739328161753661,8.580014147900465],[7.739443752597577,8.579957087069417],[7.739482219725706,8.579957212758321],[7.739635709409128,8.5800725913306],[7.739673860861557,8.580168446882102],[7.740058658654058,8.580131411442288],[7.74005891112829,8.580054827526753],[7.73860196209873,8.578594957152136],[7.738582854971969,8.578556602335265],[7.738197806055974,8.5786702203803],[7.738120872097523,8.578669968780005],[7.737774289976952,8.578783712168935],[7.737678122516467,8.578783397556506],[7.737293009976711,8.578916160584706],[7.737235309490741,8.578915971745271],[7.737100485254205,8.578972968960725],[7.737023551267507,8.578972717132853],[7.73665779845838,8.5790672505149],[7.73648444381785,8.579143267489426],[7.736311279016052,8.57916184651971],[7.736234914737207,8.57898928096493],[7.736236054146279,8.578644653832086],[7.736216820672343,8.578644590835863],[7.736217833455947,8.578338255603668],[7.736180126125508,8.578108378188926],[7.736180759097877,8.577916918666801],[7.736161525660962,8.577916855673124],[7.736163234639139,8.577399914957548],[7.736182468050061,8.577399977947374],[7.73618316425921,8.57718937246503],[7.736222010791738,8.577074622718325],[7.736222580378975,8.576902309136498],[7.736261869842931,8.576653537699567],[7.736416559406235,8.576405144087964],[7.736417002316278,8.576271122398603],[7.736514687476652,8.575811934274537],[7.736515003794929,8.575716204489947],[7.736534490171923,8.575639683621388],[7.736400679377745,8.575390345452943],[7.736323935943329,8.575332655722248],[7.735864298606724,8.57473761969573],[7.735806978529092,8.5746225550176],[7.73555783227915,8.574353692779978],[7.735480835962858,8.57437258672987],[7.735461349484421,8.574449107528912],[7.735249783663932,8.574448414429488],[7.735134637423394,8.574371452534361],[7.735115657464524,8.57429480572261],[7.735250670089343,8.574180371143951],[7.735251113291268,8.574046349499755],[7.735231880055946,8.574046286487969],[7.735232196629162,8.573950556742242],[7.735021390990985,8.573720112184368],[7.734619203676248,8.573201848027198],[7.734561504112247,8.57320165891301],[7.734465148133398,8.573258781536184],[7.73448298766448,8.573680055350827],[7.73436758839964,8.5736796770522],[7.734271992586677,8.5735070482953],[7.734368792128032,8.573315904130954],[7.734368982185567,8.573258466300643],[7.734407828663821,8.573143716734874],[7.73433127604748,8.573028588880165],[7.734216003702115,8.572989918679566],[7.734274210062125,8.572836940295932],[7.734274336769576,8.572798648409538],[7.733889736864158,8.572778241260465],[7.73373618847704,8.572682006974468],[7.733620789546718,8.572681628496362],[7.733448325094466,8.57248960134171],[7.733525638000181,8.572374978064948],[7.733506785192107,8.572260039351494],[7.733275924212298,8.572278428196997],[7.733064993866609,8.572086274726056],[7.733065120683821,8.572047982856153],[7.732949658560509,8.572066750139397],[7.732892529954523,8.571894247396855],[7.732661859504685,8.571855198106725],[7.732584356196945,8.572027258985461],[7.732583848733353,8.572180426436155],[7.73258365843208,8.572237864229844],[7.732506725935033,8.57223761169831],[7.732488380939763,8.571969505534334],[7.732624091004539,8.571644466604452],[7.732489459342935,8.571644024708656],[7.73233534082675,8.571720103347063],[7.732354002943568,8.571892479855425],[7.732200011203019,8.571930266563069],[7.732181158805183,8.571815327843368],[7.731988827809468,8.571814696316233],[7.731988637427112,8.571872134097726],[7.731950171223962,8.57187200777995],[7.731835026491665,8.571795045099542],[7.731700394818377,8.571794602920974],[7.731624224170617,8.571564599131142],[7.731489529105717,8.571583302814599],[7.731413104669563,8.57142988269858],[7.731355405444662,8.571429693144198],[7.731356040330968,8.571238233914665],[7.731452777000258,8.571066236512],[7.731452903963487,8.571027944664078],[7.731395712668422,8.57087458773544],[7.731415390087539,8.570740629447707],[7.731588614403305,8.570702906162182],[7.731665229220549,8.570798888460908],[7.731780627495342,8.57079926744081],[7.731800558619049,8.570588725404916],[7.732243045358503,8.570551885923111],[7.732358062986572,8.570667140306346],[7.732531223812515,8.570648562511742],[7.732530399279451,8.570897459631073],[7.732742089744632,8.570859862067818],[7.732799281607485,8.571013218875297],[7.732972632815082,8.57093720309672],[7.733010718519957,8.571052204912649],[7.732952258426504,8.57128176682528],[7.733067403293147,8.57135872918465],[7.733221331365083,8.571340088020847],[7.733375639753153,8.571206571165147],[7.733896200113116,8.57082535524082],[7.733494207085715,8.570249652679172],[7.733224881273135,8.570267915527827],[7.733166167924201,8.570574061266923],[7.733031726807401,8.570516181806193],[7.733089806303979,8.570401495469783],[7.732936068825222,8.57036269882904],[7.732897095521447,8.570515740110185],[7.732897792971541,8.570305134821421],[7.732994275115014,8.570209720634427],[7.733110433970361,8.56998034794461],[7.733168133016092,8.569980537205042],[7.733168259791364,8.569942245329441],[7.733225958832647,8.569942434580403],[7.733226212369892,8.569865850827256],[7.733034642988934,8.569635468718781],[7.732766649120896,8.56925166666554],[7.732766775925396,8.569213374794472],[7.732690097653544,8.569136538647715],[7.732365166613079,8.568522795904226],[7.731942676426288,8.568329947847209],[7.731943120479509,8.568195926334676],[7.732001072959982,8.56811953200675],[7.731751869868988,8.567869814157818],[7.731675065167856,8.567831269730775],[7.731099919063031,8.567274143161518],[7.731041839626288,8.567388829198993],[7.730830278072489,8.567388134245975],[7.730676986565933,8.567215315455943],[7.730580822278331,8.567214999498109],[7.73058101276693,8.567157561734263],[7.730793145535454,8.566985943498434],[7.730390525831889,8.566601698066512],[7.730198451632646,8.566524482353064],[7.729065622478171,8.565946374092077],[7.729065686040742,8.565927228180863],[7.729027220478812,8.565927101659073],[7.728816104920082,8.565792384354815],[7.728816232067711,8.565754092535778],[7.728566969086415,8.565523519037393],[7.728528503572521,8.565523392471885],[7.727953174878962,8.565023700037397],[7.727396634964741,8.564658091586614],[7.727184947926125,8.564695686654995],[7.726838377267396,8.564809421673592],[7.726780679143287,8.564809231581549],[7.72666509187612,8.564866289054768],[7.726549695619899,8.564865908807834],[7.72649212485985,8.564827426885307],[7.726378002366673,8.564444128739968],[7.726301390067913,8.56434814574064],[7.726128232246836,8.564366721119525],[7.725878207410337,8.56436589690806],[7.725223786470597,8.564516907585746],[7.725012226983737,8.564516209679393],[7.725012163229136,8.564535355561715],[7.724685207677374,8.564534276749072],[7.724685271448315,8.564515130869198],[7.724608340740305,8.56451487699133],[7.724493072243385,8.56447620438891],[7.724416141548979,8.564475950473934],[7.724204773534687,8.564417814499786],[7.724127842860686,8.564417560529149],[7.724051039792439,8.56437901479271],[7.72397410913086,8.564378760792614],[7.72358996645062,8.56422432358748],[7.723493803180212,8.564224005975953],[7.723455146381954,8.564281316537432],[7.723569840240306,8.56449230227069],[7.723531183419273,8.5645496128367],[7.723492718078877,8.56454948578432],[7.723492845740078,8.564511194042451],[7.723396682401289,8.56451087639621],[7.723300327545345,8.564567996334505],[7.7232995614486,8.564797746766574],[7.723203525739011,8.564759137324653],[7.72320435573481,8.564510241031982],[7.722954267233079,8.564528560782398],[7.722954458804946,8.564471123181608],[7.722704434210656,8.564470296907214],[7.722705136766856,8.56425969239011],[7.722551275575075,8.564259183845897],[7.722512171495788,8.564450515337873],[7.722242850410023,8.564468771052868],[7.722280868484928,8.564602919261356],[7.722260677414203,8.564890043595346],[7.722164130625636,8.565004600791973],[7.722163491612043,8.565196059396046],[7.722027648473603,8.56555938550948],[7.721931484926767,8.565559067460097],[7.721911485198244,8.565788754142755],[7.721969119443679,8.565808090841575],[7.721968991610476,8.56584638255803],[7.721911165600443,8.565884483431685],[7.721719094072945,8.565807263801744],[7.721334247860143,8.565863428677448],[7.72100741957489,8.565824054885265],[7.720892279166057,8.565747089506058],[7.7208924710749,8.565689651955298],[7.720604044459498,8.565669551025493],[7.720526665726358,8.565803317233708],[7.720488200305313,8.56580318986384],[7.720449350927848,8.565917937570864],[7.720237407036732,8.566032112008081],[7.720064312562913,8.56603153866877],[7.719872305497062,8.565935172322572],[7.719718443802967,8.565934662551822],[7.719545797675075,8.565800068106627],[7.719540988744984,8.566010658744316],[7.719536,8.5658318],[7.719449519242866,8.565834104925054],[7.719180440398651,8.565779711174024],[7.719179992005238,8.565913732034852],[7.719160118715007,8.566105126652076],[7.719197431091854,8.566449879224038],[7.719197110790404,8.56654560840777],[7.719139412577309,8.566545417136584],[7.719156851504291,8.567081564306433],[7.719155057577286,8.567617647703049],[7.71905863731782,8.567693912201152],[7.719061776878315,8.566755766286315],[7.718985102179969,8.566678927883276],[7.71898356440258,8.567138427917001],[7.718887656895393,8.567061525716595],[7.718771875811459,8.567176018047952],[7.718348690879152,8.567193760454272],[7.718386515339275,8.567385346356318],[7.718232460805704,8.567442273394065],[7.718232268457899,8.567499710879643],[7.718193738782917,8.567518729084535],[7.718211817427322,8.567863417803656],[7.718480371415117,8.568074915240423],[7.718480179090097,8.568132352729721],[7.718173287712317,8.567882436000625],[7.718133860242141,8.56816949577439],[7.717979869487121,8.568207276831252],[7.718017950315751,8.568322279443088],[7.718017565514325,8.568437154399165],[7.718036349403407,8.568571239009216],[7.717958520135162,8.568839025241575],[7.717843187220839,8.568819496394774],[7.717785488695709,8.568819304871013],[7.71763226752335,8.568627335871188],[7.717632459986885,8.568569898402504],[7.717479559782242,8.568282200255492],[7.717479688101444,8.568243908611342],[7.717441928247351,8.568033176861057],[7.717442184885119,8.567956593572822],[7.717499883272417,8.567956785128716],[7.717807223179329,8.568072681563454],[7.717903862256933,8.5679311885962],[7.71789902742314,8.567881525878576],[7.717880502771206,8.567824026283144],[7.717750387321664,8.5678150318625],[7.717828059457267,8.56759409977109],[7.717660166769967,8.5674020821459],[7.717655655661767,8.56738721139398],[7.717636911217221,8.567325420805846],[7.717636632773579,8.56732450292329],[7.717631097330167,8.56730625547078],[7.717598283206111,8.567289763757612],[7.71755977901109,8.567301177272164],[7.71754362690359,8.56730596512086],[7.717521274814292,8.567312590782532],[7.717456396451464,8.567363113655178],[7.717424427732759,8.567516175808882],[7.717501230521094,8.567554722851257],[7.717597394401944,8.567555042076748],[7.71763553922143,8.56765089887977],[7.71746218756823,8.56772690755743],[7.717289028351739,8.56774547868348],[7.7172902474637,8.56738170807806],[7.717213380568994,8.567362306822599],[7.717213701397491,8.567266577717547],[7.717137027037595,8.56718973898913],[7.717156773128551,8.567036636285325],[7.716926108528913,8.5669975782485],[7.717023042311652,8.566768147756523],[7.71698566776606,8.566442541083804],[7.716986181125035,8.566289374521933],[7.716870528176335,8.566365574599718],[7.716774749701758,8.56625038032512],[7.716775391489852,8.566058922136575],[7.716698653255449,8.566001229183497],[7.716680511643569,8.565675686393412],[7.71673872308116,8.565522711459407],[7.716892648597594,8.56550407657172],[7.716892776933265,8.565465784930916],[7.71712376140686,8.56540911374337],[7.717046189144471,8.565600316549489],[7.71704574001356,8.565734337299126],[7.717161136101669,8.565734720422101],[7.717160751161118,8.565849595354821],[7.717103053099093,8.565849403795033],[7.71710292477862,8.565887695438247],[7.717121130897905,8.566194092438],[7.717236398815629,8.566232767203406],[7.717275569920225,8.56602229085415],[7.717218320915542,8.565888078550953],[7.717429880513803,8.565888780834799],[7.717429623936434,8.565965364130838],[7.717525466714335,8.56606141243863],[7.717505656733579,8.566233661022206],[7.717370514569358,8.566386380721749],[7.717389169931018,8.56655875697514],[7.717773696194876,8.566598325349783],[7.717774337509878,8.566406867089452],[7.717889669708682,8.566426395851689],[7.717966151745387,8.566560671915727],[7.718100780854653,8.566561118611306],[7.718332086458129,8.566408717624089],[7.718338786751983,8.566159841289169],[7.718365682358368,8.566083346327876],[7.718448508342624,8.566102767091278],[7.718411004356019,8.565815452039729],[7.718681031065781,8.56558659499319],[7.718662272284585,8.565444937040802],[7.718666374800282,8.56543337802407],[7.71867316210909,8.565414254483771],[7.718620888995236,8.5654140811486],[7.718489281007901,8.565413644711436],[7.718411709385736,8.565604847891981],[7.718276695996458,8.565719276338084],[7.718026542819951,8.56575673857535],[7.717987692747903,8.56587148592727],[7.717756708036249,8.565928157607855],[7.717718499163015,8.565851446655557],[7.717684076506716,8.565851332421728],[7.717680075536882,8.565838852712046],[7.717677931787632,8.565832165990965],[7.717662357085151,8.565832114304156],[7.7176416325298,8.565832045525873],[7.717642081457334,8.565698024745503],[7.717776710246119,8.565698471509341],[7.717815554723551,8.56558540504005],[7.717820335410449,8.565583740028785],[7.717911723750679,8.565584043258786],[7.717969597531717,8.565531755177155],[7.717983698978896,8.565526843936352],[7.718065841633275,8.56550797041142],[7.718142772343462,8.565508225620809],[7.718239144272433,8.565446257520176],[7.718239181565568,8.56543511857911],[7.71823809901584,8.56543195766291],[7.718105027621041,8.565292876537095],[7.718105099684325,8.565271354084212],[7.718105185431358,8.565245744763947],[7.718086612869159,8.56504853430503],[7.718433057020087,8.564973099217179],[7.718472035002,8.564820060116364],[7.718953043371343,8.564764216781791],[7.718953299607532,8.564687633435144],[7.71899182895009,8.56466861510431],[7.718992981946256,8.564323990035016],[7.718858673878165,8.564227814583951],[7.718859314470642,8.564036356218557],[7.718974838234512,8.563998447049725],[7.718975030391169,8.56394100953701],[7.718994775400194,8.563787906581389],[7.718994903499591,8.56374961490555],[7.718841234907701,8.563691667404166],[7.718899252951727,8.563596129470024],[7.718899509163204,8.56351954612038],[7.718886335225992,8.563519502453984],[7.7188478,8.5633222],[7.718737650100895,8.563384987249803],[7.718669422865807,8.563308176880414],[7.718534666731417,8.56334602222095],[7.718496201587281,8.563345894689117],[7.718458761598109,8.563039433802206],[7.718304644837108,8.563115506973492],[7.718189249486366,8.56311512430808],[7.718170529611411,8.562961893867651],[7.718027390919826,8.562942273111272],[7.718036010123212,8.562929077497031],[7.718014649133999,8.562827354587359],[7.718018269090654,8.562808220549277],[7.718055647032624,8.562808344515211],[7.718132897625898,8.562712870484676],[7.718061708531588,8.56257861208406],[7.718056550925306,8.562538314327474],[7.717998910775337,8.562520965683728],[7.717999038955053,8.562482674020366],[7.717997315486458,8.562406084127318],[7.718032044428825,8.562387053259885],[7.718153604051608,8.562272580108985],[7.718153347728864,8.56234916344111],[7.718210917130873,8.56238764643331],[7.718210788973781,8.562425938100048],[7.718268102087605,8.562541004420913],[7.718518893747154,8.562312083351696],[7.718519214057449,8.562216354172557],[7.718327337406536,8.562081695709432],[7.718192838013681,8.562042957657333],[7.718193478773084,8.561851499320444],[7.718078340130838,8.561774533346064],[7.718019937737183,8.561984946170622],[7.717923582969386,8.562042064750909],[7.717980895950237,8.562157131095434],[7.717980639596473,8.562233714422819],[7.717884412943826,8.562252541320426],[7.717827228175142,8.562099183302783],[7.717634903139944,8.562098545345577],[7.717653045852778,8.562424088243999],[7.717652597103222,8.562558109047595],[7.717787032485464,8.562615993135298],[7.717786512429007,8.562771322523819],[7.717786460904246,8.562786711673652],[7.717786327361953,8.562826597263815],[7.717824792443204,8.562826724858603],[7.717824664240839,8.56286501651866],[7.717786199155745,8.562864888923292],[7.717785686324966,8.563018055560429],[7.717631441253586,8.563132420101539],[7.717669265244779,8.563324006001084],[7.717515084129761,8.563419224643567],[7.717514635278997,8.56355324543301],[7.717533867853983,8.563553309249768],[7.717533547246638,8.563649038385227],[7.717436743075287,8.56384017755046],[7.717435588744809,8.564184802417573],[7.717359107260815,8.5640505263297],[7.717166524707102,8.564126471290724],[7.716955030258712,8.564106623183859],[7.716762511789259,8.564163422106567],[7.716647950391002,8.563914143274511],[7.716705648151102,8.563914334859295],[7.716743728342628,8.564029337502362],[7.716955222720762,8.56404918571707],[7.717225184608246,8.563839475437003],[7.717283395452005,8.56368650033361],[7.71743789735758,8.563495552677066],[7.717458604753134,8.563055262479848],[7.717266151004099,8.56309291591978],[7.716977662772095,8.563091958419227],[7.716785208992379,8.563129611609858],[7.71680527553442,8.56288077977129],[7.71692079904474,8.562842871193007],[7.71697907393477,8.562670750299572],[7.716979651207839,8.562498437884283],[7.717056132318401,8.56263271399249],[7.717287115010417,8.56257604244389],[7.717326028923891,8.56244214929841],[7.71705677369077,8.562441255746998],[7.7169606752558,8.562421790752143],[7.717057479183197,8.562230651674724],[7.717288269254402,8.562231417568295],[7.717365955186854,8.562005959782544],[7.717381301263986,8.56200197378097],[7.717385444095663,8.561929456186208],[7.717418343214423,8.561906366479564],[7.717462451749931,8.561906512821016],[7.717558870639149,8.561830248531399],[7.717579321111177,8.561466541575392],[7.717618234756406,8.561332648361365],[7.717734142293446,8.561179864470844],[7.717734398664463,8.561103281146723],[7.717792865090016,8.560873722527562],[7.717658237996298,8.560873276019008],[7.717620221785131,8.560739127623014],[7.71777408126523,8.560739637921872],[7.717794851740109,8.56028020173441],[7.717795364400812,8.560127035075084],[7.71775760450514,8.559916303361867],[7.717584577054628,8.559896583487626],[7.717700419999876,8.55976294536628],[7.717892615718511,8.559801874785384],[7.717931464931449,8.559687127321522],[7.71793210564252,8.559495668981036],[7.71797127513542,8.559285192332124],[7.718125838694285,8.559075098210307],[7.718126415205671,8.558902785685346],[7.718184432509051,8.558807247754972],[7.718184752769831,8.558711518571107],[7.71808865514363,8.558692053982444],[7.718088847312275,8.558634616474007],[7.718108656133943,8.558462367698182],[7.718320595961217,8.558348193862189],[7.718359060600927,8.558348321337641],[7.718474518558105,8.55832955790169],[7.718474710660659,8.558272120383466],[7.718455478343679,8.558272056652532],[7.718455862550533,8.55815718161643],[7.718456502883404,8.557965723221372],[7.718379573678432,8.55796546829733],[7.718168146470613,8.557926475502466],[7.717957039605165,8.557791753418405],[7.717823182329616,8.557561557105034],[7.717515914456797,8.557426516030187],[7.717380775926825,8.557579236259347],[7.717248190563669,8.557636234675881],[7.7172071,8.5575554],[7.716920631396241,8.557730878342857],[7.716898879276478,8.557903120545282],[7.71695631970781,8.55797989527256],[7.716917214023684,8.558171225942154],[7.717051776024459,8.558190818397618],[7.717090881646852,8.557999487704993],[7.717264100473513,8.557961770180286],[7.717263537063662,8.558130072394995],[7.717256238261021,8.558134058490989],[7.717244269322656,8.558140595088275],[7.717195630672936,8.558191295589546],[7.717147488836336,8.558325158194934],[7.71651179656104,8.558629385570105],[7.716377234465116,8.55860979290848],[7.71626235373085,8.558456243287651],[7.71626248202233,8.558417951642419],[7.716204785100082,8.558417760113523],[7.716128176632207,8.558321775619925],[7.716071185417434,8.558110980037844],[7.716071377875201,8.55805354257327],[7.716033490682239,8.557881102482513],[7.716033618987835,8.557842810839597],[7.71630357640328,8.557633100567363],[7.716592316939945,8.557557474661332],[7.716727712191722,8.557328171444073],[7.716689440026349,8.557270606340621],[7.716631743267135,8.557270414900874],[7.716053428624122,8.557670562292383],[7.715937650076157,8.557785054122027],[7.71553280969289,8.558070900262642],[7.715494345123792,8.558070772510241],[7.714935260513347,8.558470981739177],[7.714915899786351,8.5585092094556],[7.714414639425237,8.558871317854527],[7.714318349352509,8.55890928977373],[7.713701436851702,8.559347596605635],[7.713392883652069,8.559595468270293],[7.712621852835971,8.56010984421875],[7.71267890654905,8.560301494258047],[7.712677877106072,8.560607826955245],[7.712830835547508,8.56087638033506],[7.712830449530112,8.56099125510057],[7.713098030841268,8.561489942140113],[7.713308815857391,8.561720395887072],[7.713328498526437,8.561586439318377],[7.713674682550586,8.561587591360054],[7.713751483749608,8.561626138928329],[7.713904571887154,8.561856400437962],[7.713788084072987,8.562181495122228],[7.713901807296748,8.56267966988249],[7.713978608728041,8.562718217439235],[7.714150608443507,8.563044271922399],[7.714130218723994,8.563388832373787],[7.714187659198104,8.56346560753085],[7.714322351299862,8.563446909579195],[7.71434216235812,8.563274661324584],[7.714380627432213,8.563274789268695],[7.714515062385924,8.563332674456857],[7.714610710964447,8.563486160711108],[7.714571731711778,8.563639199225193],[7.714475183278439,8.563753754215437],[7.714629043778921,8.563754265944393],[7.714897978403916,8.563850890357921],[7.714897592870445,8.563965765199455],[7.714897271588455,8.564061494233528],[7.714897014560182,8.564138077460436],[7.714896821787412,8.564195514880417],[7.714838802720702,8.564291052050129],[7.714704431653912,8.564214021115365],[7.714512234347267,8.564175089840587],[7.714377477699567,8.564212933624013],[7.714378184813561,8.564002329793203],[7.714282279093973,8.563925426689295],[7.714205348818675,8.563925170758381],[7.714185730499834,8.56403998158212],[7.714069949267303,8.564154472449028],[7.714069627771244,8.56425020145094],[7.714107192757292,8.564518370643473],[7.714376577710216,8.564480974859833],[7.714376384851553,8.564538412267016],[7.714357087963527,8.564557494088069],[7.71431862276096,8.564557366122601],[7.714279707515544,8.564691258764167],[7.714010579635749,8.564652071258816],[7.714009936572301,8.564843529252753],[7.713952238733474,8.564843337244936],[7.713952367353124,8.564805045647171],[7.713952688899635,8.564709316652428],[7.713837421895465,8.564670641020765],[7.713838193657504,8.564440891441386],[7.713703308241127,8.5645170265602],[7.713798858266888,8.56469981154439],[7.71377927252921,8.564804866306686],[7.71368356107484,8.564670128922364],[7.7136065663421,8.564689018646618],[7.713605086802806,8.565129371958774],[7.713680473442864,8.565589127156194],[7.713930497880972,8.565589959375593],[7.714122631466883,8.565648036832496],[7.714141542586399,8.565743829830792],[7.71396825570925,8.565800691174573],[7.713909978846937,8.565972811316863],[7.713909850205251,8.566011102911677],[7.713813944153856,8.565934199638875],[7.713795161766956,8.565800115042752],[7.713622325170626,8.565722955651593],[7.71350692924693,8.565722571472486],[7.713509631350866,8.564918448080912],[7.713490398737807,8.564918384053811],[7.713491428056899,8.564612051326531],[7.71347316042575,8.564324800366638],[7.713473353414998,8.564267362979281],[7.713339047036937,8.564171185816424],[7.71333827500011,8.564400935353765],[7.713242047730583,8.564419760979185],[7.712742000543503,8.564418095713695],[7.712742644208431,8.564226637811322],[7.712800470652236,8.564188538404405],[7.712781881709013,8.563997016439826],[7.712897277079708,8.5639974007586],[7.712955360884689,8.563882718151733],[7.71282137657466,8.563690811889057],[7.712686813118889,8.563671217712852],[7.712514492691311,8.563440891678086],[7.712187604066878,8.563420656645004],[7.712111060301,8.56330552559373],[7.711957264531549,8.563285867103884],[7.711900082175063,8.563132508544602],[7.711977720564551,8.562922161267686],[7.711939835119878,8.562749721018987],[7.71205529446518,8.56273095974696],[7.712132675125646,8.562597195559448],[7.711901949698296,8.562577280770121],[7.711554927647097,8.56282502218619],[7.711324459867789,8.56272852391205],[7.711190154623277,8.562632346154395],[7.711113224701603,8.562632089646527],[7.711170084512093,8.56288117716754],[7.710689207774126,8.562898719447263],[7.710343474298456,8.562763544142195],[7.709881894800691,8.562762003831175],[7.709843494345849,8.562742729677202],[7.709785796918464,8.562742537094296],[7.709651363119314,8.562684650395388],[7.709555200762979,8.562684329373463],[7.709420637990349,8.562664734135875],[7.709362617968671,8.56276027032287],[7.709151060772077,8.56275956387888],[7.709035407784615,8.562835761551787],[7.708939503593589,8.562758857319178],[7.708804876307616,8.562758407630028],[7.708496317443942,8.563006274466963],[7.70797587783778,8.563349162643597],[7.707821565665722,8.563482668567774],[7.70708898545375,8.563997159712644],[7.7069348666958,8.56407322795419],[7.706607137800036,8.564301882835549],[7.706375700601486,8.564492567800086],[7.706337235526846,8.56449243904131],[7.706047971046184,8.56472122209938],[7.706009505953577,8.564721093304577],[7.705913019668014,8.564816499991084],[7.705681776009935,8.564949747229033],[7.705295894783343,8.565312227637428],[7.705141645697936,8.565426586490162],[7.705141386676908,8.565503169416155],[7.705082717547654,8.565790162032801],[7.704985842156084,8.566000442787384],[7.70498512970834,8.56621104581385],[7.705139249661757,8.566134978543742],[7.705159000343962,8.56598187714714],[7.705312796421925,8.566001538449518],[7.705312019401394,8.56623128723536],[7.705426638131259,8.566461422677717],[7.705406563744642,8.566710252758197],[7.705405851468423,8.566920855812123],[7.705386489307815,8.566959082830639],[7.705309558693766,8.566958825038741],[7.705059339901568,8.567015424297459],[7.705059080815311,8.567092007214669],[7.704866495115798,8.567167945444394],[7.704731866497132,8.56716749410644],[7.704693401178864,8.56716736514413],[7.704654352721232,8.567339547712248],[7.70465409354401,8.567416130615857],[7.70455715258621,8.56764555687446],[7.7044595634094,8.568066440327192],[7.704304405424835,8.568448838740393],[7.704090511510582,8.569137374989099],[7.704090317001874,8.569194812148638],[7.704032424215107,8.56925205572055],[7.704032294535214,8.569290347159152],[7.703955233805826,8.569328380465336],[7.70393522289069,8.569558064550595],[7.703935093196373,8.569596355987112],[7.703876811213505,8.569768473828214],[7.703780323014531,8.56986387968952],[7.703702418934532,8.570150807232022],[7.70362522826103,8.570227131870626],[7.70358578959159,8.570514188474712],[7.703449992025874,8.570858359358027],[7.70369930532738,8.571069801573836],[7.703719316597654,8.570840117551098],[7.703911580107989,8.570859908800474],[7.704046209981578,8.570860360617328],[7.704065183418077,8.570937008030532],[7.704391363753332,8.571167853741725],[7.704237500896517,8.571167337494895],[7.704217360192486,8.571435313021597],[7.704371158316135,8.571454975012191],[7.704429310787223,8.571321148556834],[7.704543800348601,8.571589575791771],[7.704428403070916,8.571589188639036],[7.704351795762477,8.571493201920644],[7.704235944591391,8.57162683474498],[7.704139974752644,8.571569074888595],[7.704121325549219,8.57139669888548],[7.704044653503314,8.571319857839775],[7.703775588045247,8.571261516963961],[7.703449343205627,8.571049816490053],[7.703410488205883,8.571164561618563],[7.703140384619476,8.57141255169971],[7.70310211360706,8.571354985385108],[7.703102632822207,8.571201819703202],[7.703198926864543,8.571163851226368],[7.703199251343573,8.57106812267069],[7.703238236174268,8.570915086147624],[7.703181056823095,8.570761726705484],[7.703065919455396,8.570684756340675],[7.703162083573719,8.570685079275787],[7.703258637030321,8.570570527914551],[7.703470587314285,8.570456363942482],[7.703471041450679,8.570322343945028],[7.703297946183213,8.570321762807458],[7.703240637086576,8.570206694803954],[7.702913874206716,8.570148159724567],[7.702914912629669,8.569841828363352],[7.70301153079468,8.569708131327332],[7.703184625764886,8.569708712551959],[7.703453625141422,8.569786199382778],[7.703473312022155,8.569652243943477],[7.703569475896602,8.56965256673858],[7.703665380328712,8.569729472374126],[7.703800009791436,8.569729924217667],[7.7038580972454,8.569615243545082],[7.703858486350533,8.569500369238927],[7.703781749834508,8.569442673915281],[7.703763295314561,8.569212860763976],[7.703878691845172,8.569213248008898],[7.704013710177761,8.569098825435473],[7.704071408430941,8.569099019022284],[7.704149182251309,8.568850382758406],[7.704188620147703,8.568563325984378],[7.704304664703729,8.568372255851504],[7.704304923980218,8.568295672962304],[7.704169711558917,8.568467532860776],[7.704035017686747,8.568486226932201],[7.703958605503331,8.568332803068888],[7.703804549279717,8.568389723974526],[7.70368869904472,8.568523356766832],[7.703593119149148,8.568350722592575],[7.703458230735112,8.568426853612307],[7.703150377593754,8.568464112068558],[7.703150572226671,8.568406674928314],[7.703189362021456,8.56831107549381],[7.703190399998026,8.568004744069976],[7.703190594614348,8.567947306927454],[7.703267655098047,8.567909273741153],[7.703306898847989,8.567679654273643],[7.703441397855681,8.567718397567585],[7.703768288546767,8.567738640473443],[7.703864192604208,8.567815546001613],[7.703863544224903,8.568007003195243],[7.704133320564161,8.567854740746009],[7.704132413013162,8.568122780844675],[7.704247809232057,8.568123167930484],[7.704401994927098,8.568027955374841],[7.70447957380142,8.567836756139126],[7.704519076038704,8.567530553539623],[7.704576968464455,8.56747330984025],[7.704596849109894,8.567281917075324],[7.704674233311573,8.567148154935264],[7.704674751639104,8.566994989124389],[7.704732838312358,8.566880308203743],[7.704733162243259,8.566784579568537],[7.704752654021562,8.566708061136238],[7.704810351931324,8.566708254559137],[7.70481106451718,8.566497651552691],[7.704888513225422,8.566344743601041],[7.704947182643293,8.566057751056173],[7.70494770079468,8.565904585220073],[7.705044705697038,8.565656013012443],[7.70506445636288,8.56550291161893],[7.704775255185568,8.56571254775736],[7.704505480672666,8.565864810933908],[7.70400426663192,8.56620775708659],[7.703792124518698,8.5663793589108],[7.703059598777707,8.566874694996365],[7.703001836009857,8.566893647022143],[7.703001706263108,8.566931938449722],[7.702943035198051,8.567218930449515],[7.702577614909505,8.56721770345405],[7.702519916974172,8.56721750968635],[7.702269243472718,8.567408127004972],[7.701768025634407,8.567751069629956],[7.701671732413642,8.567789037863184],[7.701305467209375,8.568036703682798],[7.701208978967331,8.568132108879446],[7.700842713167686,8.568379774162315],[7.700804247787109,8.568379644794696],[7.700437981522122,8.568627309616227],[7.700225836599291,8.56879890902259],[7.700013886607395,8.568913071215531],[7.69926205389852,8.569427479533818],[7.69852945203502,8.56994195088333],[7.698471493287772,8.57001833915465],[7.698875381167497,8.57001970002052],[7.698875185855754,8.570077137058176],[7.698855692673565,8.57015365498018],[7.69885556246185,8.570191946338072],[7.699047890132048,8.570192594243874],[7.699028071482065,8.570364840579039],[7.698835353074139,8.57047906672172],[7.698335365965237,8.570458235961855],[7.698104572668227,8.570457458013761],[7.698008604251517,8.570399696811386],[7.697893207633001,8.570399307759585],[7.697758056946883,8.57055201918435],[7.697430187242361,8.570818955895568],[7.697276064191898,8.570895019561368],[7.697293732390075,8.5713545804259],[7.697178009520202,8.571449919442042],[7.696985942197493,8.571372687857071],[7.696909923913987,8.57110438897792],[7.696505121963371,8.571371065124833],[7.696581727048302,8.571467053103836],[7.696619344701633,8.571716076524076],[7.696503556334894,8.571830560954172],[7.69656086342385,8.571945629682459],[7.696521419189397,8.572232684723065],[7.696636424898224,8.57234794822666],[7.696616865865605,8.572443611602287],[7.696616670158728,8.57250104858095],[7.696539151535978,8.572673099806174],[7.696366708173027,8.572481058827947],[7.696078345781873,8.572441793362012],[7.695770620072947,8.572440754030575],[7.695443530961168,8.572477940773554],[7.695443661549626,8.572439649472377],[7.69534821556499,8.572228722399915],[7.695194091615422,8.57230478508222],[7.694654330689515,8.572666732133015],[7.694750168328736,8.572762785462006],[7.694691816388371,8.572954046844693],[7.694614884897176,8.572953786743177],[7.694383371567157,8.573163608407322],[7.694171744519036,8.573182038545093],[7.694037245098941,8.573143291885826],[7.693940165452123,8.573411005522052],[7.693824571964625,8.5734680520304],[7.693613075552444,8.57344819056109],[7.69345895083423,8.573524252420585],[7.693420485049986,8.573524122240345],[7.692919252168213,8.573867050888994],[7.692803396674496,8.574000679562214],[7.692956736519112,8.57415436557421],[7.692995136929621,8.574173641440275],[7.693014108133534,8.574250289077876],[7.693473997763014,8.574749638075499],[7.693608563040873,8.57476923936978],[7.693742801350775,8.574884568795198],[7.693800500240031,8.574884764046695],[7.693800304053656,8.574942200953394],[7.693780351715239,8.575152737858188],[7.693895422613167,8.575248856533513],[7.694240112632525,8.575690377508735],[7.694336212295748,8.575709848468454],[7.695219754892557,8.576057461922149],[7.695258090296323,8.576095883252437],[7.695699862359843,8.576269689273406],[7.695757561503265,8.576269884263654],[7.696583473154625,8.57659815431817],[7.696621808761948,8.576636575540496],[7.697063582268998,8.576810380181234],[7.697121281525453,8.576810574979822],[7.697332062667126,8.577041037095048],[7.697619059052825,8.577482361064328],[7.69773406648263,8.577597624495619],[7.698021063698778,8.578038948285107],[7.698078632751567,8.578077434298647],[7.698078502339839,8.578115725628987],[7.698231780823443,8.578288555742672],[7.698576348276636,8.578768365270562],[7.698729366512244,8.579017777930435],[7.698844374719175,8.57913304114064],[7.69884424436786,8.579171332480595],[7.699054962611065,8.579420939647507],[7.699246252397185,8.579727918908208],[7.699361260964764,8.579843182015258],[7.699552551180219,8.580150161185678],[7.699724999238079,8.580342201420914],[7.699724868956337,8.580380492771921],[7.69997385960249,8.580687666296603],[7.700012000561266,8.580783524318003],[7.700528890984342,8.581493664224473],[7.700643965552287,8.581589781394236],[7.700818107247907,8.581284033556244],[7.700838447133709,8.580958621721347],[7.700896602707098,8.58082479626143],[7.70089738372527,8.580595048052208],[7.70095553920487,8.580461222569642],[7.700917853579866,8.580231344816896],[7.700840920433345,8.580231085737765],[7.700841050600983,8.580192794369433],[7.701014410465517,8.580116794531094],[7.701015061201989,8.57992533767428],[7.700899661571027,8.579924949092659],[7.700862106142168,8.579656779971398],[7.700996738949017,8.579657233312316],[7.701016622908059,8.579465841209991],[7.701132217595626,8.579408792674544],[7.701133193524432,8.579121607364605],[7.701095572861825,8.578872583930039],[7.701229880133036,8.57896876559046],[7.701230270458959,8.578853891459927],[7.701288555572419,8.578681774480488],[7.701289336157073,8.578452026209952],[7.701404930486762,8.57839497753816],[7.701405190651918,8.578318394776941],[7.701425529505076,8.577992982764574],[7.701425724616791,8.577935545692021],[7.701407271886414,8.577705732675986],[7.701465881829116,8.577437887163784],[7.70160090403085,8.577323466021204],[7.701640540687417,8.576978972964202],[7.70160317976223,8.576653366760587],[7.701526442380358,8.5765956708464],[7.701546585764134,8.576327695850662],[7.701739046742994,8.57629005148608],[7.701739761829192,8.576079448841048],[7.701816824173869,8.57604141622525],[7.701759904983516,8.575811473800904],[7.701760099994653,8.575754036714232],[7.7019145495007,8.575582242950961],[7.701934432488651,8.575390850662107],[7.702088816772585,8.575238202491034],[7.702089401614053,8.575065891202827],[7.702166723623981,8.574951275681917],[7.702109804279242,8.574721333289402],[7.702110454052085,8.574529876295701],[7.702130791624374,8.574204464064739],[7.702188555574312,8.574185512346974],[7.702266267128428,8.57395602256322],[7.702401092875504,8.573899038008857],[7.70243955883537,8.57389916730007],[7.702440078472227,8.573746001678659],[7.702556320623564,8.573497495373413],[7.702344758064062,8.573496784321387],[7.702441052765376,8.573458816135163],[7.702595500924203,8.57328702189602],[7.702711937601458,8.57298107838578],[7.7027123921394,8.572847058446232],[7.702673926281149,8.57284692919794],[7.702713495986572,8.572521581446232],[7.702521946140377,8.572291186734963],[7.702733443119874,8.572311043297143],[7.702810504579623,8.572273010347988],[7.702907383190905,8.572062730619487],[7.70300504060568,8.571622702340122],[7.702909200826941,8.571526650788492],[7.703005819507768,8.571392953828843],[7.70311985368935,8.571795401309172],[7.702984574411582,8.571986406207872],[7.702944875220644,8.572350045454675],[7.702848061456457,8.572541179474737],[7.702827724789991,8.57286659187472],[7.702730456259323,8.573191745771341],[7.702730196517275,8.573268328593242],[7.702690886413104,8.573517093505645],[7.702555216515121,8.573822972336657],[7.70255495671858,8.57389955515072],[7.702477829935307,8.573956733696038],[7.702418571983897,8.574416036614068],[7.702340730449555,8.574683817825045],[7.702340340649711,8.574798692031113],[7.702282251754145,8.57491337226058],[7.702281991869414,8.57498995506201],[7.702339041277777,8.575181606046286],[7.702261524332132,8.57535365870065],[7.7022604197302,8.575679135594502],[7.702106100286651,8.575812638116393],[7.702007660127629,8.576482414124792],[7.701872703365495,8.576577689781285],[7.701872508352263,8.576635126868087],[7.701775757696363,8.57680711464204],[7.701775497651943,8.576883697420538],[7.701678291749618,8.577189705007427],[7.701677901635143,8.577304579168334],[7.70161909679642,8.577629861817758],[7.701618316485844,8.577859610128225],[7.701579655053391,8.577916917772214],[7.701579069784838,8.578089229000064],[7.701597652666067,8.578280750637912],[7.701712661678362,8.578396013092958],[7.701712531625686,8.578434304478144],[7.701789334391732,8.57847285471597],[7.70167393516365,8.578472466431139],[7.701481473051904,8.578510110594616],[7.701385307030542,8.578509786948208],[7.701327412279821,8.578567029817467],[7.701326566658749,8.578815923779386],[7.701403044217334,8.578950202547697],[7.701363992328216,8.579122384281494],[7.70136386222944,8.579160675659923],[7.701228579007473,8.579351679353838],[7.701228383833442,8.579409116417676],[7.701286213688332,8.579371019275307],[7.701284392087988,8.579907098542739],[7.701148522896454,8.580270413335246],[7.701070548552252,8.58057648527234],[7.701127792959976,8.58071069935805],[7.701069832716744,8.580787087812297],[7.70104981845695,8.581016771268327],[7.700933767634015,8.581207839487927],[7.700933377110272,8.581322713590911],[7.700836950030873,8.58139897243461],[7.70083642928077,8.58155213789768],[7.700835843425377,8.581724449042143],[7.700777752747363,8.581839128781215],[7.700988473622195,8.582088735265325],[7.701026614937732,8.582184593238312],[7.701466965690355,8.58277959914512],[7.701640131534351,8.582761036254688],[7.701679053800851,8.582627145937677],[7.701813752751459,8.582608453459954],[7.701774700419699,8.582780635175522],[7.701562807450217,8.582875651366397],[7.701562677313594,8.582913942740426],[7.701830644174938,8.583297763004753],[7.701945654551162,8.583413025596242],[7.702136948393033,8.583720004004373],[7.702194518722949,8.583758489581637],[7.703151707599849,8.585082778050072],[7.703361716718069,8.58554298637255],[7.703495116861764,8.585907207429052],[7.70366711441591,8.586233266424877],[7.703801294814085,8.586367739035923],[7.703839242198142,8.586521033980684],[7.704108318068844,8.586579376364336],[7.704107863281722,8.586713396283116],[7.703934695570259,8.586731960030114],[7.703972708002288,8.58686610927082],[7.703972318131206,8.586980983479082],[7.704201302796752,8.587517839080855],[7.704277847704157,8.587632971925991],[7.7047738967794,8.588821686433084],[7.704888195152635,8.5891475512617],[7.705250844549721,8.589972044647721],[7.705365598087471,8.590163889466474],[7.705422650237244,8.590355540414004],[7.705575417153893,8.590681534404322],[7.705921107173165,8.590835862994105],[7.705920587881662,8.590989028692006],[7.705709145200472,8.5909500266267],[7.706205721024315,8.591985574685019],[7.706763958883288,8.591853427424237],[7.706801129198496,8.592236470904602],[7.706858571509037,8.592313247464585],[7.707012507906963,8.592294618209072],[7.70718593767278,8.592199470553341],[7.707262873423919,8.59219972872408],[7.707416420700111,8.592295973630845],[7.707589850393009,8.59220082577842],[7.707647552215581,8.592201019347456],[7.707647811553219,8.592124436451021],[7.707743981241216,8.592124759043973],[7.707743851582339,8.592163050493689],[7.707646579678074,8.592488205206312],[7.707721181412714,8.593177709358063],[7.707528906359651,8.593157918336138],[7.707508829322249,8.593406748186364],[7.707797080003956,8.593484299036481],[7.70800884856744,8.593427571562062],[7.708009302345619,8.59329355148242],[7.708106768714155,8.592910959495585],[7.708318342507147,8.592911668980827],[7.708395084027755,8.592969364133687],[7.708471112766937,8.593237662297874],[7.70858612799123,8.59335292359031],[7.708720830828498,8.593334229218792],[7.708759622777744,8.593238629512605],[7.708971067254262,8.593277630132285],[7.709162694870807,8.593488877797759],[7.709239630942103,8.593489135612174],[7.709277516107601,8.593661576129236],[7.709412089543538,8.593681172999245],[7.709508518700584,8.59360491226277],[7.709413319909437,8.593317404012094],[7.709509554715043,8.593298580471684],[7.709471734203058,8.593106994227137],[7.70951065543842,8.592973102938192],[7.709703060125142,8.59295460149446],[7.71012737291151,8.59261139524168],[7.710224189895501,8.592420259801024],[7.710397877927412,8.592248527610394],[7.710437057494571,8.592038053179829],[7.710533550708723,8.591942646342671],[7.710572018609093,8.591942775091933],[7.710553560892186,8.591712961760264],[7.710669029205913,8.591694202232842],[7.710612038885805,8.59148340590904],[7.710612685683612,8.5912919484356],[7.710747646471773,8.591196670237176],[7.71082458212927,8.59119692766694],[7.71094011494349,8.591159022282735],[7.711094503483681,8.591006371037476],[7.710998786548813,8.590872029067333],[7.710941990066889,8.590603795523062],[7.711038159497169,8.59060411723734],[7.711115482932889,8.590489500079592],[7.711346548061837,8.59041368902417],[7.711346935872261,8.590298814500622],[7.711539597736727,8.590203728903015],[7.711962742914399,8.590205143544905],[7.712058201693747,8.590416068342543],[7.712270097378909,8.590321046649711],[7.712289783369584,8.590187090598018],[7.712443718952501,8.590168459004087],[7.712445139646133,8.58974725222646],[7.712599139617484,8.589709474778749],[7.712503938918709,8.589421967035385],[7.71263896316474,8.589307542233534],[7.71277469742356,8.588982513946046],[7.712832398878026,8.588982706667002],[7.712967874661172,8.588734261336059],[7.713083406576155,8.58869635516309],[7.71314175331123,8.588505090139156],[7.713218753026109,8.588486201241164],[7.713219398287956,8.5882947435409],[7.713103866507914,8.588332649775307],[7.71306488266046,8.588485687483125],[7.712930439721846,8.588427800591147],[7.712679561241469,8.588675860477089],[7.712679432130346,8.588714152008382],[7.712505423987148,8.588981614467436],[7.712390021094784,8.588981228919046],[7.711987467423427,8.588577818260852],[7.711987854956924,8.588462943697309],[7.711814880084888,8.588424073645283],[7.711565487011095,8.58823178027681],[7.711431561370064,8.588020726853175],[7.711437569731145,8.586240171379247],[7.711360764259266,8.586201622702887],[7.711110532752927,8.586258224099037],[7.710379524168803,8.58629407133482],[7.710225784179101,8.586255265074863],[7.709976393313193,8.586062970984065],[7.709668913682616,8.585985358124406],[7.709573068918736,8.585889307515856],[7.709476900731525,8.58588898561134],[7.709361628312424,8.585850307807599],[7.709285534916152,8.585601155587149],[7.709267854124697,8.585141593361179],[7.709075453444576,8.58516009517345],[7.708922037685699,8.585025559774131],[7.708768945647795,8.584795295629501],[7.708346130711622,8.584698149683293],[7.708115781173309,8.584563356298366],[7.708039235471587,8.584448224117425],[7.708000768364726,8.584448095226943],[7.707789782195677,8.584275074664516],[7.707366514710316,8.584311947872507],[7.707328565945025,8.584158653080642],[7.707117191483059,8.584100506585267],[7.706944608186237,8.58394676034268],[7.706848505399611,8.58392729212882],[7.706887555715506,8.583755109587234],[7.706887814946734,8.583678526680403],[7.706965656208618,8.583410744472072],[7.706811982695164,8.583352791341268],[7.706812565968389,8.583180479802033],[7.706658633314653,8.583199109528774],[7.706543426898916,8.583141285314667],[7.70621645782203,8.583140188520808],[7.706140431685413,8.582871890307127],[7.705949004958364,8.582603204899312],[7.705852902587453,8.582583736493545],[7.70577655250376,8.582411166852957],[7.706008066971952,8.582201338351473],[7.706238868082645,8.582202112628329],[7.706488967459713,8.582183805547315],[7.706507811994431,8.582298744403268],[7.70664231641529,8.582337487364665],[7.70683523398263,8.582165820749054],[7.706662262737215,8.582126948871295],[7.706547380679252,8.581973396073959],[7.706835881960627,8.581974363469621],[7.706778505699474,8.58187844136949],[7.706643742188662,8.581916281383315],[7.706548093596634,8.581762793088428],[7.706529508290261,8.581571271329162],[7.70674133486285,8.581495397839527],[7.706722943843221,8.58124643889095],[7.706665567694947,8.581150516790885],[7.70653028599117,8.581341522614407],[7.706376418910343,8.581341006612746],[7.706298966816208,8.581493914385051],[7.706145099688147,8.581493398282042],[7.706049451395458,8.581339909905566],[7.705472385143826,8.581357119582593],[7.705299349613388,8.581337392883706],[7.705299803693701,8.581203372864236],[7.705184662974515,8.581126402641669],[7.705166597321811,8.58078171518477],[7.705166921677574,8.580685986601827],[7.705128649610687,8.580628420331886],[7.705129233454879,8.58045610888347],[7.704975496572958,8.58041730094504],[7.704975626329267,8.580379009514106],[7.704995508417639,8.580187616923018],[7.70470720336496,8.58012921121009],[7.70463078926529,8.579975787184093],[7.70445768954907,8.579975205917416],[7.704458403449292,8.579764603084813],[7.704574062767673,8.579688407742593],[7.704574452121866,8.579573533463542],[7.704574646796934,8.579516096323758],[7.704748070725413,8.57942094893383],[7.70490200180815,8.579402319754367],[7.704902585669826,8.579230008310535],[7.705210317961543,8.579231041176024],[7.705345210252855,8.57915491009967],[7.705422662085772,8.579002002487192],[7.705634487286329,8.57892612941713],[7.705634616953743,8.578887837973229],[7.705884519644317,8.578926968135315],[7.706154238940337,8.578793851107589],[7.706231171960112,8.5787941090844],[7.706346636291382,8.578775350293395],[7.706346377102037,8.578851933203207],[7.706250016400729,8.578909047936314],[7.705999984018201,8.578908209456682],[7.705922337961513,8.579118554394773],[7.706056970849654,8.579119005942],[7.706268925650412,8.579004841061655],[7.706307392182979,8.579004970043693],[7.706422921373949,8.578967065511087],[7.706422791784278,8.579005356966812],[7.706730524080804,8.579006388593166],[7.70715449789775,8.578758912143204],[7.707308493483869,8.578721136210941],[7.707308881971878,8.5786062618015],[7.707116549439245,8.578605617381855],[7.707097704732955,8.578490678534116],[7.707174961485586,8.578395207643258],[7.707176709752256,8.57787827281394],[7.707311407012389,8.577859578123105],[7.707388339879464,8.577859835841378],[7.70746520801486,8.577879239281208],[7.707465466950277,8.57780265633357],[7.707811858988609,8.577746378580454],[7.707830445047622,8.577937900382478],[7.708177031301694,8.57782418508531],[7.70817729009285,8.577747602115856],[7.708466758600139,8.577461381649552],[7.708428939009752,8.577269795458887],[7.708467664116715,8.57719334121932],[7.708429197733479,8.5771932124796],[7.708468181541579,8.577040175257473],[7.708411322822548,8.576791087464992],[7.708527174556931,8.57665745343758],[7.70847005712636,8.57648494863537],[7.708277919619985,8.576426867719059],[7.708259462657141,8.576197054412612],[7.708029700056755,8.5758899499939],[7.707914366018548,8.575870417948291],[7.707876482054607,8.575697977494587],[7.707780575301687,8.575621072580663],[7.707780963505411,8.575506198131329],[7.7077620539076,8.575410405032715],[7.707973553290716,8.575430259016533],[7.708050744432438,8.575353933555354],[7.708243204752188,8.575316285776676],[7.708243398778246,8.575258848540663],[7.708570620010796,8.575183359627177],[7.708704928395668,8.575279538789838],[7.708857500259414,8.575662968498186],[7.708915199613387,8.575663161508132],[7.708991744240301,8.575778293344825],[7.709318772005139,8.575760241101765],[7.709337617383681,8.57587517993577],[7.709164196030385,8.575970329813735],[7.709317608728544,8.57610486465301],[7.709316768554177,8.576353759436103],[7.709086099975235,8.576314696021631],[7.70904731045437,8.576410296108474],[7.709123725959215,8.576563719444184],[7.709066026464604,8.5765635264453],[7.70883458193736,8.576754211848213],[7.708872725005486,8.576850069284056],[7.708872466381091,8.576926652278154],[7.708737640124625,8.576983639069775],[7.708583839334417,8.576963978461764],[7.708584292028691,8.576829958237465],[7.708526139791744,8.576963785373236],[7.708602749162874,8.57705977155448],[7.708640439496595,8.57728964923272],[7.708851875362149,8.577328648641775],[7.708870655943261,8.577462733228124],[7.70910177769801,8.577367776620367],[7.709063634536777,8.57727191919353],[7.709236991907185,8.577195915209066],[7.709255643345763,8.57736829129853],[7.709409702901091,8.577311368658942],[7.70946850119718,8.576986083825915],[7.709391697703945,8.576947535043537],[7.709391826964765,8.576909243538699],[7.709507096825276,8.576947920952465],[7.709583641847518,8.577063052728713],[7.709699041012475,8.577063438585407],[7.709853358828969,8.576929932716432],[7.709930743806993,8.576796169604387],[7.709854457131628,8.576604454863082],[7.709681358583337,8.576603876165532],[7.709488639136209,8.57671810759777],[7.70947018144884,8.576488294242818],[7.709509164741778,8.576335256837762],[7.709413257458992,8.576258352259869],[7.709569577998661,8.575531328066214],[7.709569965660913,8.575416453534976],[7.709781723686039,8.575359723514657],[7.709744032666259,8.575129845852166],[7.709628763292011,8.575091168583194],[7.709629280123187,8.574938002534312],[7.709745260020653,8.574766076468181],[7.709707504432186,8.574555344564326],[7.709823161207646,8.57447914723979],[7.709823548745463,8.574364272690781],[7.709977671553521,8.574288203864786],[7.710074095144322,8.57421194217214],[7.71036284921505,8.57413632301466],[7.710440104207209,8.574040851198111],[7.710613330741531,8.574003137854849],[7.710765710686492,8.574444004336975],[7.711035425395486,8.574310883146799],[7.711054529407291,8.574349238901013],[7.71088091550385,8.574501827021844],[7.710880399200563,8.574654993149993],[7.711014127322043,8.574923483470728],[7.711032650548125,8.575134151129376],[7.711108937665751,8.575325865695895],[7.711108485936738,8.575459886064468],[7.711242988759849,8.575498627147736],[7.711281132389192,8.57559448442231],[7.711473334691964,8.575633418081647],[7.711478043983721,8.574235776859357],[7.711554782743346,8.574293470953682],[7.711592926380275,8.574389328197043],[7.711765959564839,8.574409051662228],[7.711822884912249,8.574638993487964],[7.711899494830085,8.574734979079361],[7.711899301365091,8.574792416399989],[7.712091632343791,8.574793058152832],[7.712110478571969,8.574907996973174],[7.712282738393566,8.575157469558386],[7.712417176829066,8.575215356011803],[7.712455643074014,8.575215484324714],[7.712648038761948,8.575196980053038],[7.712821587991233,8.575063536865187],[7.712956348694357,8.575025694232187],[7.712955768751508,8.575198006262852],[7.713205670543342,8.57523713144373],[7.713359857675774,8.575141915438634],[7.713361081592934,8.574778145535214],[7.713400707224384,8.57443364961687],[7.713554571953015,8.574434162407153],[7.713669906108484,8.574453692746884],[7.713746258936314,8.574626261186136],[7.713746065751132,8.57468369854895],[7.713687271644313,8.575008984661421],[7.713783308462022,8.57504759668752],[7.713840492684235,8.575200955250374],[7.714129118446881,8.575163624858641],[7.714205922226797,8.575202172719052],[7.714224125338957,8.575508569435167],[7.714377926179963,8.575528227752555],[7.714474285041672,8.575471110674028],[7.714743677869818,8.575433715787014],[7.714647962604352,8.575299375003468],[7.714359851681891,8.575183539442303],[7.714264072242825,8.575068344382077],[7.714226571581613,8.574781029387113],[7.714323187721032,8.574647329152087],[7.714208883374997,8.574321466333899],[7.713862494600956,8.574377750437671],[7.713862945307175,8.574243729915894],[7.713555215975233,8.574242704542417],[7.713498031959867,8.574089345967897],[7.713325079321908,8.574045662835823],[7.713324954202244,8.573935601140594],[7.713317073029615,8.573916428873254],[7.713306368424058,8.573890388131531],[7.713293429515754,8.573858912070861],[7.713287291277311,8.573843979776592],[7.713269786007933,8.573801395267902],[7.713229881826089,8.573757672079834],[7.7132299284151,8.573743824421266],[7.713114530090778,8.573743439767993],[7.713191526722199,8.57372455042301],[7.713269296278188,8.573475911640895],[7.713423869029255,8.573265820775898],[7.713674606717108,8.57305605022747],[7.713732305787669,8.573056242459428],[7.713731661944528,8.573247700349272],[7.713789103515404,8.57332447573411],[7.713962072111863,8.573363343951792],[7.71396168586272,8.573478218694518],[7.713768647159982,8.57368818164798],[7.713556761567689,8.573783205659122],[7.713536520261882,8.573878868216003],[7.713498940528186,8.573878742984492],[7.713536884512765,8.573974599436573],[7.71392193219522,8.573861006355662],[7.714037330591762,8.573861390772864],[7.71415182781774,8.574129816234112],[7.714882813667728,8.574093958341267],[7.71507553046453,8.573979723766584],[7.715190993266888,8.573960962045096],[7.715441473454215,8.573827773485254],[7.715595852427791,8.57367511900673],[7.715749845558774,8.573637339269853],[7.715942754739294,8.573465666771556],[7.716077514708862,8.573427822917049],[7.716326773415083,8.573658404037973],[7.716326323603298,8.573792424693904],[7.715979292570713,8.574040168867858],[7.715901974513549,8.574154787801735],[7.715728619491586,8.574230795191484],[7.715996275852457,8.574710336008955],[7.71605384666511,8.574748819540625],[7.716246370748206,8.574692021801365],[7.716477168259429,8.574692789285665],[7.71655429353165,8.574635607656791],[7.716420561304155,8.574367118693242],[7.716305483968705,8.574271005929651],[7.716305548232662,8.57425186012235],[7.717805730747096,8.574256845821441],[7.717805473990584,8.574333429095706],[7.717824514543407,8.574390930433609],[7.717824386165292,8.574429222070798],[7.717785663152343,8.574505677577434],[7.717823230735489,8.574773846802003],[7.717938693770726,8.574755084274592],[7.717938051903687,8.574946542464756],[7.717861055110946,8.57496543275391],[7.71787951796553,8.575195246457971],[7.71812948491341,8.57521522270387],[7.718263796208535,8.575311398895483],[7.718303481792673,8.574947756019078],[7.718207316027213,8.574947436696199],[7.718150258330909,8.5747557868849],[7.718304315979245,8.574698860335756],[7.718342397266932,8.574813862987352],[7.71838086356128,8.574813990703944],[7.718554026048736,8.574795419557512],[7.718497032339198,8.574584623950336],[7.718400866657723,8.574584304689084],[7.718363491143402,8.574258697993066],[7.719171282283714,8.574261379020724],[7.719171218163125,8.574280524849586],[7.719113198164782,8.574376062545065],[7.719324313813358,8.574510785289897],[7.719478371252221,8.574453858231164],[7.719555175597621,8.574492405086627],[7.719554983287797,8.574549842581137],[7.7196319799602,8.574530951929],[7.71988201082578,8.574531781156074],[7.719689743485031,8.574511997470946],[7.719517286256647,8.574319965009806],[7.719536775797311,8.574243445480008],[7.719594795674208,8.574147907701716],[7.719479717458162,8.57405179577603],[7.719365023949905,8.573840808839927],[7.719249945882765,8.573744696866294],[7.71925052289065,8.573572384395717],[7.719077489193396,8.573552664284446],[7.719096145206816,8.573725040557633],[7.719019020443286,8.573782222780011],[7.718922854943816,8.573781903678398],[7.718730431379345,8.573808900007462],[7.718711459714216,8.57373079767459],[7.718705095331774,8.573704596853009],[7.718700440858701,8.573685435366418],[7.718673722633453,8.573513032341861],[7.718500496585286,8.573550749453924],[7.718385222968259,8.573513095407483],[7.718385503216043,8.57342945935898],[7.718342462844723,8.573397056555256],[7.718335964105333,8.573397034981088],[7.718282453017045,8.573167104899849],[7.718285394508002,8.573167114665022],[7.718367242208552,8.573139292494185],[7.718383441587711,8.573110002038241],[7.718386600037094,8.573102120247142],[7.718398765883569,8.573071760832978],[7.718405995483056,8.573053719635292],[7.718406190708753,8.572995453219296],[7.7184254672941,8.572982525230564],[7.71846396542335,8.572973096499325],[7.718598586260294,8.572976693885797],[7.718791301609764,8.57286245720308],[7.719156857851285,8.572825377997013],[7.719387654500375,8.572826143576048],[7.719387718599094,8.572806997744118],[7.719483883871049,8.572807316693968],[7.719579408249052,8.572999093952767],[7.719502091420928,8.573113713803501],[7.719501642750556,8.573247734630499],[7.719617041215455,8.573248117352922],[7.719712758003387,8.573382457099122],[7.719809179758811,8.57330619265096],[7.720020615531269,8.573345185791021],[7.720135757786764,8.573422151710634],[7.720193008614665,8.5735563638465],[7.720308343145652,8.573575892214077],[7.720404124321417,8.5736910859956],[7.72049939314404,8.573959446475007],[7.720691532227938,8.574017521403796],[7.720691980522305,8.57388350051954],[7.720749679876934,8.57388369172126],[7.720922009578305,8.574114015382214],[7.720959771503984,8.574324747097396],[7.72103612781931,8.574497314575432],[7.72092066487849,8.574516078063617],[7.721689991057875,8.574518626442138],[7.721786156846973,8.57451894488172],[7.72182462316365,8.57451907225085],[7.721997785576952,8.574500499514668],[7.722363215621994,8.574501709163842],[7.72218998923019,8.5745394279178],[7.722343278852619,8.57471224988264],[7.7223234699795,8.574884498891139],[7.722323342044296,8.574922790594963],[7.722284044061208,8.575171559338784],[7.722033948557666,8.575189877455486],[7.722148963849532,8.57530513460856],[7.722148452009794,8.575458301409586],[7.721955672000712,8.575591685557544],[7.721935542882287,8.575859663746776],[7.721858161986138,8.575993429919162],[7.721742826596362,8.575973901898639],[7.721570303637985,8.575801015966658],[7.721378035456695,8.575781233017596],[7.721262380037243,8.575857434081593],[7.721224745970172,8.575608410679743],[7.72116704634461,8.575608219510874],[7.721263660566419,8.575474517217584],[7.72091791124144,8.575339349241673],[7.720918423566772,8.575186182513592],[7.720803152549645,8.57514750841386],[7.720668264066252,8.575223645573356],[7.720532863047437,8.575452949381578],[7.720397718131321,8.575605669768917],[7.720397333712729,8.57572054478914],[7.720281806314292,8.575758453861997],[7.720219413032096,8.575662516746915],[7.720185964776404,8.575661180081907],[7.720205642429668,8.57552844875256],[7.720090243250142,8.575528066105097],[7.720014079511756,8.575298060978822],[7.719899064959549,8.575182803284042],[7.719842006360412,8.574991153595477],[7.71974622510699,8.574875959659042],[7.719708271567619,8.57472266541855],[7.719516004154148,8.57470288163428],[7.719419838404448,8.574702562622464],[7.719420158959697,8.574606833470689],[7.719073962378115,8.574605684842927],[7.71909255424248,8.574797206942213],[7.719265844974115,8.574740343812023],[7.719342392880447,8.574855474032981],[7.719226993943082,8.574855091157275],[7.719168845596935,8.574988920503925],[7.719226160341519,8.575103986928811],[7.719283859847062,8.57510417837661],[7.719534147487068,8.57502842456092],[7.71961069552692,8.575143554747312],[7.71961050321061,8.57520099224114],[7.719495168268205,8.575181463599884],[7.719398681816629,8.575276873713355],[7.71939804064082,8.57546833200818],[7.719397848285181,8.575525769496249],[7.719339828103315,8.57562130720037],[7.719205195740793,8.575620860468225],[7.719185513632421,8.575754817438519],[7.719069922019405,8.575811871955903],[7.719031455614282,8.575811744293226],[7.718896694908691,8.575849589094206],[7.718895860994038,8.576098484820662],[7.719049855006066,8.576060703867041],[7.719049149454325,8.57627130795386],[7.7192219919572,8.576348465737256],[7.719298091179656,8.57659761679601],[7.719490551870846,8.576559963338285],[7.719567100134654,8.576675093567529],[7.719566971896324,8.576713385226412],[7.719855406585153,8.576733488134279],[7.719855150163866,8.576810071460413],[7.720008631649185,8.576925456814296],[7.719719812110693,8.5770202289807],[7.719719363309131,8.57715424979211],[7.719892398684878,8.577173969856108],[7.719969331795781,8.577174225046258],[7.719950675444458,8.577001848762746],[7.720239238587102,8.576983659749969],[7.720238854058206,8.57709853475487],[7.720353869218788,8.57721379243682],[7.720411569068202,8.577213983762764],[7.72058460455222,8.577233703525431],[7.720585117125933,8.577080536832367],[7.72071975007527,8.577080983158615],[7.720777449912924,8.577081174426924],[7.720873488198319,8.577119784865996],[7.720911057977537,8.577387954110275],[7.720910929862978,8.57742624578794],[7.720853037788617,8.577483492047014],[7.720929970990794,8.577483747054814],[7.721083196902756,8.577675715424022],[7.721160706566128,8.577503657826872],[7.721295723924785,8.577389228924082],[7.721296300259696,8.577216916347629],[7.721526715599919,8.577332556097934],[7.721603328680028,8.577428540187299],[7.721526011306227,8.5775431603756],[7.7215256911668,8.577638889591942],[7.721737321637873,8.577620444625571],[7.721776364400122,8.57744825943845],[7.721910997541822,8.577448705368138],[7.721968377436894,8.577544625699913],[7.722180007869633,8.577526180479817],[7.722257581020892,8.577334976735216],[7.722392214148091,8.577335422491203],[7.722372341001042,8.577526817312457],[7.722295279768678,8.57756485428907],[7.722313745214938,8.577794668160335],[7.72217917592681,8.577775076505318],[7.722024989309057,8.577870296189161],[7.721909589340472,8.577869913982033],[7.721716935967456,8.577965006115418],[7.721831823828291,8.578118555145322],[7.721928246573817,8.578042290298983],[7.722082177273655,8.578023654056537],[7.722216618643734,8.578081537453208],[7.722216298656829,8.578177266692798],[7.722331314777529,8.578292523913861],[7.722407416317378,8.57854167468872],[7.722484029842058,8.57863765866521],[7.722656938245332,8.578695669308276],[7.72269540499528,8.578695796652154],[7.722753488967419,8.578581112552149],[7.72294569474386,8.578620040882512],[7.722927037054592,8.578447664548479],[7.722716045822501,8.578274651593896],[7.722697580150926,8.578044837708639],[7.722505758587886,8.577891034197963],[7.722448378506962,8.577795113920434],[7.722621862309286,8.577680811863512],[7.722891448652094,8.577585973842709],[7.722929915293927,8.577586101146872]],[[7.746846189710626,8.586605798956372],[7.746557743266313,8.586585714961387],[7.746403306021751,8.586757528793825],[7.746364838106374,8.586757403696634],[7.746345289881234,8.586853071239716],[7.746210149259482,8.58700580149772],[7.746152007296961,8.587139635934756],[7.74615137863253,8.587331096102465],[7.746035723233039,8.587407304762245],[7.745900330747889,8.58763661891972],[7.745900204983545,8.58767491094873],[7.745861674098891,8.587693931802269],[7.745861171019113,8.5878470999151],[7.745995997719322,8.587790099924376],[7.74613044715512,8.587847975976924],[7.746071613350882,8.588192416542565],[7.746341581248202,8.587982686301801],[7.746495264840531,8.588040624803254],[7.746610668981944,8.58804100009991],[7.746743924579588,8.588462650345164],[7.746743610348426,8.588558380444493],[7.746589486526308,8.588634464139016],[7.746589046538525,8.588768486268787],[7.746723684965497,8.588768924115588],[7.746993590190174,8.588578339452782],[7.747128102915815,8.588617069193878],[7.747204096769535,8.588904509630938],[7.747049910028346,8.588999739523103],[7.747088126848205,8.589076448671838],[7.747492230991819,8.58902032352044],[7.747683001680899,8.589499599219879],[7.747913748161154,8.589519495221378],[7.748048700861185,8.589424202500881],[7.748144494685307,8.5895393910881],[7.748394726450775,8.589482765165037],[7.748414274407358,8.589387097476362],[7.748568900377788,8.589157844785653],[7.748723086897471,8.589062614241191],[7.74864640155298,8.588985780305997],[7.748589828900803,8.588640964349857],[7.748840938402925,8.588316293546418],[7.748975514053907,8.588335876620283],[7.748975639519699,8.588297584547357],[7.748591836975015,8.58802829127405],[7.748534385872066,8.587951519792679],[7.748189052049809,8.587682351101938],[7.748150584014897,8.58768222616957],[7.74803486603515,8.587777581500111],[7.747900541802114,8.587681414015654],[7.747977917309,8.587547641717643],[7.747978042863129,8.587509349657816],[7.747594367466079,8.587201763539706],[7.747268143386552,8.58697094874531],[7.747114774116539,8.586817280472799],[7.747018353007176,8.586893551992036],[7.746807156338184,8.586777988104776],[7.746846001229116,8.5866632370238],[7.746846189710626,8.586605798956372]],[[7.748752643236261,8.59178147578995],[7.748849567548266,8.59155203572474],[7.74885019517304,8.591360575400456],[7.748715681258899,8.591321846102462],[7.748639246612645,8.591168427985266],[7.748504607240457,8.591167990686383],[7.748504544462727,8.591187136716554],[7.748331436700256,8.591186574404771],[7.748312139717635,8.591205657949624],[7.748312014142166,8.591243950007037],[7.748119672170179,8.591243325111176],[7.748042484178771,8.59131965923265],[7.74792764424671,8.591146969989808],[7.747639508332832,8.59103115618938],[7.747542771993926,8.59120315780174],[7.747369915626288,8.59112601096952],[7.747331949941344,8.590972717732294],[7.747120248311361,8.591010321865372],[7.747099820017101,8.591374033699104],[7.747369224440696,8.591336617209016],[7.747445407229973,8.59156661959676],[7.747406184776225,8.591796246793267],[7.747675463857354,8.59179712217506],[7.747752714841357,8.591701642129225],[7.74763787496297,8.591528952805644],[7.747715314348303,8.5913760346872],[7.747926953367108,8.591357576274177],[7.748138215595806,8.59145399390548],[7.748118604591327,8.591568807572033],[7.748272164335699,8.591665037655744],[7.748676020190678,8.591685495761206],[7.748714174780028,8.591781350854685],[7.748752643236261,8.59178147578995]],[[7.746067698940229,8.595238211458438],[7.746183419858578,8.59514285714964],[7.746183545705507,8.595104565131264],[7.746106482344969,8.595142606665112],[7.745952859064313,8.59506552161995],[7.745798480541024,8.595218188598603],[7.745836949300601,8.595218313874637],[7.745952292646984,8.595237835687085],[7.746067698940229,8.595238211458438]],[[7.746358204997678,8.600485219489205],[7.746589209628867,8.600428533188463],[7.746762762002002,8.600295074826027],[7.746341677300341,8.599661878606064],[7.74634180319854,8.599623586594323],[7.745805879156077,8.598817700096633],[7.745767410033991,8.598817574765452],[7.745632579174951,8.598874574080373],[7.745574875487282,8.598874386054952],[7.745459027198562,8.599008031978657],[7.745573993726603,8.599142430066854],[7.745744711751059,8.59987054219652],[7.745860371335429,8.599794334222477],[7.745995013614926,8.599794772881726],[7.746168188086482,8.599776190798586],[7.746359212251584,8.600178883404233],[7.746359086346883,8.600217175415127],[7.746262598380949,8.600312592190937],[7.746050828443494,8.600369340963125],[7.745993124520371,8.600369152967971],[7.745916563810791,8.600254026281869],[7.745819697853594,8.600464318936941],[7.745684929370136,8.600502172182894],[7.745702652273611,8.600961738867419],[7.745798888604351,8.600942906281286],[7.745799392487836,8.600789738275996],[7.745991487199198,8.600866949028548],[7.746068866663927,8.600733177682573],[7.746165039964474,8.600733490997257],[7.746185030195877,8.60050380161237],[7.746358079088322,8.600523511499475],[7.746358204997678,8.600485219489205]],[[7.747183973849721,8.60088997874364],[7.746916009890747,8.600487035908847],[7.746800350241323,8.60056324419765],[7.746741953969549,8.600773662396444],[7.746491777413691,8.600811140110958],[7.746375802805233,8.600983078268946],[7.746375047306588,8.601212830325032],[7.74629798263673,8.601250871711269],[7.746297290032235,8.601461477753565],[7.746373976980998,8.601538312399692],[7.746411879743929,8.60171075174939],[7.74641080938689,8.602036233820256],[7.746447704760669,8.602515009234745],[7.746678521800394,8.602515761076972],[7.746736603764794,8.60240107298003],[7.746948374827442,8.602344323983273],[7.747006582552508,8.602191343812798],[7.747007274824839,8.601980737721057],[7.74714229549086,8.60186630003276],[7.747142735965229,8.60173227796541],[7.747066174661014,8.601617151427046],[7.747066866853524,8.601406545324217],[7.746990053909336,8.601368002817377],[7.747048638962027,8.601100146551893],[7.747183722184253,8.6009665627868],[7.747183973849721,8.60088997874364]],[[7.738643383131344,8.606797390851716],[7.738682423431373,8.606625203529939],[7.738587770255479,8.606165385525603],[7.738510830743201,8.606165133203332],[7.738490327996705,8.606547988945263],[7.738182696484663,8.606508687563835],[7.738335941600058,8.606700651742765],[7.738335117338269,8.60694954895794],[7.738200853401559,8.60683423162414],[7.738142070607061,8.607159523257744],[7.738334293051746,8.607198446169823],[7.738584537320708,8.607141828550017],[7.738585171259483,8.606950369137458],[7.738643129573864,8.606873974619306],[7.738643383131344,8.606797390851716]],[[7.737930232726823,8.60723541275484],[7.738064877222791,8.60723585456643],[7.738122708845732,8.607197752024506],[7.737989142563995,8.60687182930864],[7.737835326722304,8.606852178432264],[7.73779660317848,8.606928635930107],[7.737796476312973,8.606966927801134],[7.737661451285414,8.607081361515926],[7.737660943756403,8.607234528990347],[7.737930232726823,8.60723541275484]],[[7.736294248236119,8.607536378924022],[7.736640730988565,8.607460932722175],[7.736641619899617,8.607192889750163],[7.73668066114165,8.607020702771374],[7.736468823168638,8.607096591432963],[7.736468632666233,8.607154029209445],[7.736372331093622,8.60719200508789],[7.736161064633949,8.60709558024796],[7.736200169582474,8.606904247423316],[7.736123420540988,8.606846556832469],[7.735777255999023,8.606826273033288],[7.735777573663724,8.60673054342975],[7.735546627954145,8.606768076519348],[7.735335107770578,8.606748234957745],[7.735334726438306,8.606863110462125],[7.734930666641824,8.606900073904832],[7.73498760841451,8.607130014676413],[7.734833729217343,8.60712950852019],[7.734737554723881,8.60712919214131],[7.734717874700529,8.607263150249645],[7.734717493159004,8.607378025723452],[7.734640171947232,8.607492648061452],[7.734313114785402,8.607510717974744],[7.73421668574661,8.607586985085206],[7.734196496536708,8.607874110397542],[7.734292671198011,8.607874426938874],[7.734292734813704,8.607855281030272],[7.734446614271692,8.607855787445263],[7.734985573931005,8.607742683930288],[7.735062513656771,8.607742937003602],[7.735312758471654,8.607686321636645],[7.735389698195799,8.607686574642868],[7.735793822402218,8.607630464913303],[7.735967127380508,8.607573596171607],[7.736063302032,8.607573912259262],[7.736159603726271,8.607535936477333],[7.736294248236119,8.607536378924022]],[[7.734258081739449,8.606706399882182],[7.7345081351061,8.606707222688867],[7.734777868449869,8.606574087212737],[7.734739843790305,8.60643993927368],[7.734604754620372,8.606573517724767],[7.734412469534784,8.606553738958244],[7.734258208956637,8.606668108063147],[7.734258081739449,8.606706399882182]],[[7.731317060458059,8.606122327235614],[7.731471257758433,8.606027105292736],[7.731472022671772,8.605797354618053],[7.731644562333218,8.60597023848257],[7.731624881364525,8.60610419629175],[7.731912702779722,8.606315752396606],[7.731950598950901,8.606488192255405],[7.732123903705567,8.60643132525055],[7.732124222273272,8.606335595780816],[7.73193231994942,8.606200940453764],[7.731932574835455,8.606124356882805],[7.731664498210271,8.605759697105047],[7.731626538464378,8.605606403131976],[7.731414955692919,8.60560570542512],[7.731396039615994,8.605509912544736],[7.731261714827983,8.605413739044996],[7.731224392760068,8.60506898617341],[7.731109621693411,8.604877146645498],[7.730994276909718,8.604857620082448],[7.730841164056967,8.60462736182953],[7.73093797536568,8.604436220221581],[7.731130577707222,8.604360271104198],[7.731054403796617,8.604130266686136],[7.73078594665667,8.603880481903724],[7.730690474560004,8.60366955988725],[7.730575257714057,8.603611741483132],[7.730537170966959,8.60349673925046],[7.730691431020746,8.603382371595607],[7.730672515159553,8.603286578711234],[7.730769007321302,8.603191166531008],[7.730865818193164,8.603000024879684],[7.73063532108451,8.602903534080284],[7.730519913160777,8.602903153348656],[7.730346482400051,8.602998311606928],[7.73024986263774,8.603132015440293],[7.730018855306727,8.603188691335587],[7.730017962158534,8.603456733673765],[7.729825615389022,8.603456098752782],[7.729804466408003,8.604030411634183],[7.729881405229329,8.604030665635156],[7.729880958566151,8.604164686791702],[7.729861213365067,8.604317790325627],[7.729745358321964,8.604451430447206],[7.729705931547359,8.604738491594519],[7.729628737281165,8.604814821045533],[7.729550904661116,8.605082609237895],[7.729357918671838,8.605273432709728],[7.729164166215222,8.605694006527102],[7.728894048920803,8.605942013099598],[7.728778001364944,8.60613309040576],[7.728623739614274,8.606247457032248],[7.728565587948089,8.606381287368073],[7.728430624753659,8.606476571607134],[7.728449284476308,8.606648947992822],[7.728372153456541,8.6067061312258],[7.728199039998385,8.606705558846512],[7.728063884841616,8.606858280515048],[7.727794341430293,8.606933973326825],[7.727659441809138,8.607010111376017],[7.727755232378513,8.607125304684356],[7.72773554995183,8.607259262079543],[7.727831212724934,8.607412747101796],[7.727946430099103,8.607470566423352],[7.727830637286029,8.607585059849258],[7.727926555901012,8.6076619614174],[7.728135774258029,8.608371058124744],[7.72840506303527,8.608371948674097],[7.728501557156505,8.608276537356689],[7.728483089165751,8.608046723377335],[7.728425767941655,8.607931657391356],[7.728407427803548,8.60766355168352],[7.728869064916696,8.607665077773687],[7.728889002532853,8.60745453679344],[7.729100586122817,8.607455236038431],[7.729216314698026,8.60735988803945],[7.729274530212763,8.60720691172845],[7.72938955623841,8.607322168258854],[7.729543371337364,8.607341822477975],[7.729524774973728,8.607150300200825],[7.729160142927566,8.606900196460572],[7.729160589988422,8.606766175360674],[7.728872131310388,8.60674607606733],[7.728814043507692,8.606860760570171],[7.728640738272376,8.606917625981982],[7.728602268588594,8.606917498817072],[7.728506222180116,8.606878889155041],[7.728487754130681,8.606649075169093],[7.728757297265521,8.606573381820835],[7.728757808333858,8.606420214870898],[7.728950475883918,8.606325121191261],[7.729008691280479,8.606172144905047],[7.729124291713513,8.606115088618056],[7.729143973544047,8.605981131064524],[7.729471986622783,8.605675877270913],[7.729510903067369,8.605541983203958],[7.729703633836364,8.605427743174168],[7.729703952974311,8.605332013789615],[7.729915854534057,8.605236983022463],[7.729916301241468,8.60510296187155],[7.730108648848858,8.605103596867764],[7.73010903167723,8.604988721586192],[7.730205907242599,8.604778434351369],[7.730282910020851,8.604759542412143],[7.730436150120519,8.604951509079008],[7.730473917982343,8.605162240744473],[7.730531558500077,8.605181577054392],[7.730607413283263,8.605507310966342],[7.730722247997255,8.605680004744686],[7.730874850914722,8.606063430163912],[7.731047836730895,8.606102293069243],[7.731144202108653,8.606045172672204],[7.731259355992901,8.606122136905723],[7.731317060458059,8.606122327235614]],[[7.730097092807151,8.597023906817206],[7.73028975502721,8.596928811683618],[7.730290009964256,8.596852228124803],[7.730501587785724,8.59685292574565],[7.730502033845591,8.596718904505945],[7.730291220883047,8.596488456216186],[7.730233517898915,8.596488265943961],[7.730215175847126,8.596220160062511],[7.730061428819564,8.596181360858662],[7.729849660153133,8.596238100711371],[7.729848895125195,8.596467851354788],[7.729771702801259,8.596544181113698],[7.729751512078193,8.596831305952643],[7.729674128356865,8.596965073332306],[7.729673618226341,8.597118240411994],[7.729480764462645,8.597270772850036],[7.729403380542514,8.59740454014555],[7.729441466591599,8.597519542387875],[7.729672789244126,8.597367136913824],[7.729672916781472,8.597328845144524],[7.729827238036266,8.597195331589962],[7.730000538538709,8.597138464948108],[7.730020155393099,8.597023653064527],[7.730097092807151,8.597023906817206]],[[7.729550072128208,8.593786412092266],[7.729627200107228,8.593729228180433],[7.729608858334234,8.5934611223139],[7.729551729526904,8.593288619016795],[7.729591217707344,8.592982411675733],[7.729822027473469,8.592983172789667],[7.729765153523387,8.592734085956925],[7.729688344450271,8.592695540484854],[7.729572557222951,8.592810035248508],[7.729552749415051,8.59298228480997],[7.729475430355454,8.593096906391635],[7.729474537889002,8.593364948813216],[7.729550900840006,8.593537515556175],[7.729550072128208,8.593786412092266]],[[7.7259422294164,8.59132379816217],[7.725941909862413,8.59141952747572],[7.726076228623186,8.591515701988675],[7.726056355508653,8.59170709702487],[7.725922036693627,8.591610922496823],[7.725729632281185,8.591629432259507],[7.725633653821344,8.59157167659318],[7.725596016804309,8.591322653172437],[7.725480484743483,8.591360563158682],[7.725230506263976,8.591340590092308],[7.725384953956212,8.591168786434112],[7.725250699457559,8.59105346586377],[7.725154529376826,8.591053147679604],[7.725019251716214,8.591244160741764],[7.725134208209226,8.59137856360591],[7.725095100605119,8.591569894881456],[7.72496046231917,8.591569449335974],[7.724883782019369,8.591492611298916],[7.724729909737028,8.591492102020407],[7.724634059450145,8.591396054425907],[7.724615593141026,8.591166240523247],[7.7247118911716,8.591128267138615],[7.72471240293213,8.590975100308023],[7.724827870949529,8.59095633640033],[7.724867234414808,8.59068842173514],[7.724752086306152,8.590611456394443],[7.724559362559644,8.590725694904124],[7.724136278706164,8.590705148158426],[7.723943554769233,8.590819386325643],[7.723944066819351,8.59066621953864],[7.723655621048398,8.590646118132376],[7.723559707228325,8.59056921618261],[7.723539640909163,8.59081804845705],[7.72328979114674,8.590759782510348],[7.723250938923709,8.59087453010681],[7.723327618740915,8.590951368405207],[7.723250106365065,8.591123426064856],[7.72338455229139,8.591181309716296],[7.723614720141057,8.59137353284323],[7.723863802176188,8.591661548807076],[7.723843543829553,8.591967818643523],[7.724093138458309,8.59210266774805],[7.724208158802728,8.592217925024046],[7.724207838780075,8.59231365426827],[7.724380113472222,8.592563123540735],[7.724417877677264,8.592773855267012],[7.724398003584918,8.592965250074599],[7.724763451633941,8.592966460031333],[7.725130051057926,8.592623044247652],[7.725303157916202,8.5926236170767],[7.725322711767136,8.592527951435164],[7.725554160256895,8.592337256478613],[7.725689438145484,8.592146243256586],[7.725862928346538,8.592031940634357],[7.726036610179992,8.591860200329455],[7.726190802197601,8.591764979787149],[7.72619061049306,8.591822417379607],[7.726286461320116,8.591918464657416],[7.726477524216613,8.592302017820069],[7.726477076976248,8.59243603888014],[7.726688524271481,8.592475029973626],[7.726688907558936,8.592360154770088],[7.726535482034323,8.592225625097802],[7.726535801469876,8.592129895766053],[7.726382184407949,8.592052803648633],[7.726382631661386,8.591918782590868],[7.726345058036593,8.591650613306005],[7.726191185602691,8.591650104601715],[7.726191377303243,8.591592667008737],[7.72599993152307,8.591323988963566],[7.7259422294164,8.59132379816217]],[[7.724317866768141,8.593922287728342],[7.724355310903809,8.594228748701127],[7.724413077422881,8.594209793955782],[7.724395443455053,8.593731084042023],[7.724299656795329,8.593615890457167],[7.724261956652823,8.593386012877495],[7.724050829411643,8.593251291182762],[7.723859064496228,8.593078341421865],[7.7237246178474,8.593020457833495],[7.723552407505814,8.592751842462544],[7.723418153168591,8.592636521262163],[7.723418345308788,8.592579083734394],[7.723399687650533,8.592406707413742],[7.723227093453357,8.592252967012426],[7.723188369106748,8.592329422886703],[7.722938134063718,8.592386031615467],[7.722976025585655,8.592558471687578],[7.723148876028132,8.592635628842439],[7.723283002160358,8.592789241807601],[7.72334012795459,8.5929617456152],[7.723494000745726,8.59296225553518],[7.723531380180951,8.59328786233536],[7.72353035542277,8.593594195817074],[7.723376354261791,8.593631977556973],[7.723338142230246,8.593555266697091],[7.723338910914615,8.593325516603095],[7.723262486924566,8.593172094882842],[7.723108614062776,8.593171584858046],[7.72318433327497,8.593535610840043],[7.723184141077843,8.593593048359702],[7.723181001669444,8.594531194489374],[7.723431045972586,8.594532023331572],[7.723449703607639,8.594704399649451],[7.723161126744392,8.594722589112195],[7.723024564909918,8.595296517846487],[7.723024244473923,8.595392247031105],[7.723332696772206,8.595182663115999],[7.723601335151876,8.595375014082794],[7.723735077970117,8.5956435020884],[7.723791948005824,8.595892589264997],[7.724080525802195,8.595874399455308],[7.724349997399719,8.595817854018295],[7.724313385597622,8.595262497042471],[7.724506175903062,8.595129113178949],[7.724621645208974,8.595110349521914],[7.724680179876906,8.594861644558712],[7.724584200873246,8.594803888544838],[7.72446969180721,8.594535464478056],[7.724316714536395,8.594266912989651],[7.724317866768141,8.593922287728342]],[[7.724621645208974,8.595110349521914],[7.724467579444135,8.595167277469775],[7.724466683241429,8.595435319338643],[7.724582088632819,8.595435701556063],[7.724678707827074,8.59530199909914],[7.724621645208974,8.595110349521914]],[[7.721905008577574,8.5907360456199],[7.722135047118907,8.59096656115634],[7.722076191301358,8.591310994795881],[7.722248656394774,8.59150302726011],[7.722345082847156,8.591426762843318],[7.722518253057125,8.59140819100729],[7.722633657142737,8.591408573630575],[7.722748804947594,8.591485539574203],[7.722960186986298,8.59154367842423],[7.722980317845524,8.591275700409248],[7.723076487900522,8.59127601914419],[7.723173362489004,8.591065733591218],[7.722827278615024,8.59102629446864],[7.722808300878484,8.590949647354483],[7.722404771567604,8.590833433255737],[7.722386114343567,8.590661056950168],[7.7222130085729,8.590660482940638],[7.722232755273919,8.590507380037675],[7.722059457285756,8.590564243472814],[7.721905200902293,8.590678608120525],[7.721905008577574,8.5907360456199]],[[7.726679190209295,8.589507356772899],[7.726526340479789,8.589200514422684],[7.726257320948946,8.58912304105935],[7.726006832675211,8.58925623562556],[7.726121405740005,8.589505513367628],[7.72621757546723,8.589505831253682],[7.726333106898697,8.589467920950288],[7.726351382689153,8.589755172531365],[7.726428318527852,8.589755426803556],[7.726582062479049,8.589794227040041],[7.726640722310874,8.589507229667403],[7.726679190209295,8.589507356772899]],[[7.727964356189958,8.590564635943206],[7.728117717923517,8.590718310913324],[7.728233185844031,8.590699545948857],[7.728233951323262,8.590469795381482],[7.727927100438159,8.590200737258556],[7.727639547786408,8.589912596581152],[7.727639803043863,8.589836013073619],[7.727428995233855,8.58960556394118],[7.727294485176932,8.589566827562852],[7.727082528616746,8.589681004005914],[7.727024507513482,8.589776542764957],[7.727100677278659,8.590006547377511],[7.727216017310658,8.590026074440328],[7.727273080903889,8.590217723761443],[7.727330782873362,8.590217914339215],[7.727561590764537,8.59021867656396],[7.727791441520747,8.590506626813585],[7.727964611401923,8.590488052428551],[7.727964356189958,8.590564635943206]],[[7.728887652705628,8.590548536731967],[7.728810652872491,8.5905674288124],[7.728809951494055,8.590778033545556],[7.728943888381159,8.590989082447287],[7.728943505834347,8.59110395776003],[7.729193484709202,8.5911239284226],[7.729347739537433,8.591009560566489],[7.729463143810427,8.591009941126964],[7.729636887450464,8.590819052995348],[7.729694589564003,8.590819243232426],[7.729771716860511,8.590762059192768],[7.72977235399447,8.590570600272637],[7.729926226208163,8.590571107483676],[7.729907629232676,8.590379585153546],[7.73013856483887,8.590342054059183],[7.730234480175276,8.590418954556508],[7.73023384328449,8.590610413512596],[7.730368226775751,8.590687440752333],[7.730386951346056,8.590840671300208],[7.730463887524563,8.590840924798615],[7.73038663292487,8.59093640078209],[7.730386123443315,8.591089567952084],[7.731020401818697,8.5912256802221],[7.731039253960406,8.591340618974433],[7.730616040682903,8.591358370992177],[7.730634892700598,8.591473309746796],[7.731115681046032,8.591494039567523],[7.731136379069116,8.591053747175765],[7.731175547287397,8.590843268931094],[7.7310602702878,8.590804597087821],[7.731022947900779,8.590459844176003],[7.731158604372653,8.590153953103252],[7.731331901411536,8.590097085348742],[7.731370687582674,8.590001482471978],[7.731370942094389,8.589924898853479],[7.731274962965128,8.58986714452599],[7.730889137208744,8.590210504049903],[7.730427520858883,8.590208983449267],[7.730254924230898,8.590055245912422],[7.730255178968042,8.589978662327391],[7.730101752811729,8.589844134015856],[7.730063603289203,8.589748277771776],[7.729890879613865,8.589632831907771],[7.729852093144862,8.589728434588919],[7.729909221797576,8.589900937814757],[7.729774201599639,8.59001536939326],[7.729659498460276,8.589804384158494],[7.729582753663307,8.589746692855412],[7.729582881094941,8.589708401072349],[7.729717646384966,8.589670553122215],[7.729756114345999,8.58967067992301],[7.729814007399415,8.58961343243699],[7.729814708127519,8.58940282760875],[7.7293130955336,8.589860680377022],[7.72917826641685,8.589917674058007],[7.72902388454465,8.590070333683435],[7.728812183090791,8.59010792756826],[7.728811928060305,8.59018451110973],[7.728849822249683,8.590356950978203],[7.728849375944865,8.590490972175802],[7.728887843975548,8.590491099075283],[7.728887652705628,8.590548536731967]],[[7.727455596551949,8.581621732135659],[7.727456361677632,8.581391981530075],[7.727341279225773,8.581295871376463],[7.727092199847378,8.581007858113445],[7.72699622356521,8.580950103114752],[7.726996478681251,8.580873519590938],[7.7271310495321,8.580893109757632],[7.726978775834039,8.5804139549719],[7.72697896716178,8.580356517327866],[7.726710208612406,8.580202461622962],[7.726729952385106,8.580049358066521],[7.726653401227553,8.579934228863713],[7.726518766960774,8.579933784460591],[7.726461513148414,8.579799572841816],[7.726346367608732,8.579722608367339],[7.726173075092057,8.579779474487358],[7.726096141270018,8.579779220457237],[7.72611460893957,8.580009034470667],[7.726114736572002,8.579970742720116],[7.726018824531247,8.579893841660057],[7.725884190312061,8.579893397037589],[7.725883615862784,8.580065709899618],[7.725940997138333,8.580161629831005],[7.725940741832302,8.580238213326071],[7.725883360548153,8.580142293393346],[7.725844893604681,8.58014216634599],[7.72551747767466,8.580275107382864],[7.725382779492461,8.580293808435359],[7.72524776199173,8.580408238780985],[7.724959259801022,8.580407285327821],[7.724958940412962,8.580503014658662],[7.725035554973992,8.58059899827003],[7.725130700478507,8.58090564997433],[7.725265335014602,8.580906094911784],[7.725304121343163,8.580810492686393],[7.725631027037423,8.580830718879296],[7.725649494381548,8.581060532869394],[7.725494540694058,8.581385504289873],[7.725706045702443,8.581405349166298],[7.725802468743891,8.581329083372198],[7.725975506695477,8.581348801025497],[7.725937997143164,8.581061485878406],[7.72626541369372,8.580928544566774],[7.726361900319997,8.580833132720834],[7.726362091749928,8.58077569509188],[7.726554299230298,8.580814621834548],[7.726476982360162,8.580929243112713],[7.726572511930902,8.581121019372013],[7.726649637430571,8.581063835712005],[7.726919161916213,8.580988140975034],[7.727033733929987,8.581237418275022],[7.727052202111494,8.581467232319204],[7.727148369850021,8.581467549678107],[7.727109137413381,8.581697173311047],[7.727147285643709,8.58179302966147],[7.727301090393538,8.58181268328776],[7.727455405267209,8.581679169786618],[7.727455596551949,8.581621732135659]],[[7.724399571771725,8.580979817226165],[7.724495547572901,8.581037572814841],[7.724611268110001,8.580942225073315],[7.724631332270944,8.58069339244127],[7.724862581350322,8.580560134385541],[7.724863028529381,8.580426113327672],[7.724690630019543,8.58021493660068],[7.724536762291691,8.580214427908347],[7.724402383651153,8.580137399303142],[7.724306024626089,8.580194518893322],[7.724305641173298,8.58030939406219],[7.724478295087502,8.58044398748526],[7.72447733654669,8.580731175421763],[7.724458103055819,8.580731111824148],[7.724457975245937,8.580769403548395],[7.724399955226692,8.580864942057058],[7.724399571771725,8.580979817226165]],[[7.724017586625669,8.580174418900175],[7.723960014098703,8.580135936330013],[7.72396071726742,8.579925331879812],[7.723807361145886,8.579771656048306],[7.723633812638051,8.579905104396188],[7.723691001467497,8.580058462148338],[7.723844869081655,8.58005897116877],[7.723940588862392,8.580193310287473],[7.724017586625669,8.580174418900175]],[[7.72321361897739,8.57902299494893],[7.723444163962072,8.579100342075499],[7.723578797773487,8.57910078750851],[7.723809342908928,8.579178134434171],[7.723962762747334,8.579312664374948],[7.724039696411312,8.5793129188167],[7.724269666659773,8.579562578256176],[7.724114840506694,8.579849257343223],[7.724287877600529,8.57986897564464],[7.724364811386254,8.579869230037938],[7.72448002037709,8.579927049188537],[7.724729927475629,8.579966167521649],[7.724729416387728,8.58011933444052],[7.724902581430042,8.58010076075627],[7.724922198150691,8.57998594912931],[7.724787627839348,8.579966358254099],[7.724749735883963,8.579793918313579],[7.724577146006862,8.579640179172467],[7.724443087022816,8.579467421291259],[7.724386409105354,8.5791608967102],[7.724232477915791,8.579179533820556],[7.723982954915211,8.579025540084904],[7.723906021310775,8.579025285640293],[7.723964105011178,8.578910601314066],[7.72363713730939,8.578909519816996],[7.723425314223625,8.57898540330192],[7.723213874793037,8.57894641153073],[7.72321361897739,8.57902299494893]],[[7.711172468471126,8.562172783302694],[7.71138383225811,8.562230925938746],[7.71142326341345,8.561943867424693],[7.711519940925934,8.561791021687117],[7.711463338571806,8.5614653510608],[7.711097793684886,8.5615024244963],[7.71094374099814,8.561559348833852],[7.710925539534401,8.56125295223404],[7.710694106170223,8.56144364040645],[7.710597815182063,8.561481611243702],[7.710115844175221,8.561824631209879],[7.709961533315602,8.561958138200563],[7.710365414536567,8.561959485794107],[7.710538184213613,8.562055792084376],[7.710595559270419,8.562151713420645],[7.710595236982376,8.562247442301128],[7.71076839354951,8.562228873851135],[7.710768909138211,8.562075707631498],[7.710576842479208,8.56199848306049],[7.710577551497156,8.561787879521622],[7.710769682503323,8.561845958299724],[7.710885077134241,8.561846343123278],[7.711000665073864,8.561789290573788],[7.710980337217345,8.562114704692485],[7.711037841272228,8.562172334421623],[7.711172468471126,8.562172783302694]],[[7.712170045584553,8.56292280210015],[7.712054006661407,8.563113875475398],[7.712323133079715,8.56315306415735],[7.712342687481229,8.563057399287338],[7.712170045584553,8.56292280210015]],[[7.711691938085493,8.56211707690886],[7.711672190397071,8.56227017908613],[7.711767901929596,8.562404520059935],[7.71190265803632,8.562366677127253],[7.711807397236467,8.562098315683887],[7.711691938085493,8.56211707690886]],[[7.710184521160379,8.575686551305832],[7.710203237642611,8.575839781655263],[7.710453526709554,8.575764034068627],[7.710645858066979,8.575764676613936],[7.710625979326189,8.575956069991967],[7.71089537247946,8.575918677898706],[7.710972046889733,8.575995517906248],[7.710856325237404,8.57609086129971],[7.710855550618446,8.576320610470368],[7.710989601866702,8.576493372036206],[7.711008060478295,8.576723185453485],[7.711065501860008,8.576799961226664],[7.711045623194969,8.576991354639425],[7.711199230646813,8.577068451584307],[7.711468431021651,8.577088496504432],[7.711469979642358,8.576628998067257],[7.711373878241911,8.576609531212041],[7.7112975908234,8.576417816652832],[7.711355548458557,8.576341426243573],[7.711356129200933,8.576169114331977],[7.711471528176997,8.576169499618887],[7.711471979816721,8.576035479236005],[7.711664440407406,8.575997829753005],[7.712029934888712,8.575979903620587],[7.712030257342246,8.575884174753712],[7.71170329376247,8.57588308352718],[7.711472108855297,8.575997187697867],[7.711472947591475,8.575748292698055],[7.711376652839263,8.575786263181211],[7.711145984199863,8.575747201016643],[7.711030456287113,8.575785107183192],[7.710992829034104,8.575536083764492],[7.710915896524772,8.575535826833804],[7.710915831981237,8.575554972599132],[7.71080043321595,8.575554587173494],[7.710742604730481,8.575592685975728],[7.710300242812772,8.5755912081186],[7.710242220548208,8.575686744117963],[7.710184521160379,8.575686551305832]],[[7.708993001471434,8.581100875612204],[7.708993260199427,8.581024292630975],[7.708974867672943,8.580775333570038],[7.708647965002278,8.580755093393714],[7.708646994531398,8.581042279536444],[7.708993001471434,8.581100875612204]],[[7.709393992799117,8.581963785863811],[7.7094141962389,8.58167666400541],[7.709241095424059,8.58167608477078],[7.709029786516194,8.581598793731862],[7.708972733127816,8.581407143159383],[7.708665063326047,8.58138696729271],[7.70872224595051,8.581540326402111],[7.70856799041172,8.581654685712188],[7.708663898685328,8.581731590654536],[7.708990802186783,8.581751830940068],[7.709086839948729,8.581790444302511],[7.709125306804586,8.58179057304511],[7.709259940804799,8.581791023614011],[7.709239672553909,8.582097291190802],[7.709393798792013,8.582021223106079],[7.709393992799117,8.581963785863811]],[[7.708240504546057,8.581806756734265],[7.708413864217226,8.581730753465765],[7.708376238700297,8.581481730031964],[7.708396572243036,8.581156316847927],[7.708281301338531,8.581117638939297],[7.708281948511818,8.580926181539768],[7.708166677689998,8.580887503608418],[7.707973955551359,8.58100173387258],[7.707934388284078,8.581327082559024],[7.708164865413652,8.581423584298788],[7.708164282871311,8.581595895946029],[7.708105870594647,8.581806305808753],[7.708240504546057,8.581806756734265]],[[7.708315625973911,8.582343095081793],[7.708296716155902,8.582247301972464],[7.708258249266691,8.58224717314044],[7.70818086236428,8.582380935630269],[7.707969294416766,8.58238022693221],[7.707872220684542,8.582647945053623],[7.707872026433003,8.582705382259247],[7.707929856322798,8.582667284102584],[7.708256889948202,8.582649233645963],[7.708314849254261,8.582572843947224],[7.708391783100571,8.58257310160585],[7.708526223185878,8.582630989692268],[7.70858353529429,8.582746057350914],[7.708699000838785,8.58272729801903],[7.708604063025189,8.582363206937393],[7.708469493576461,8.58234361036971],[7.708315625973911,8.582343095081793]],[[7.711553079543949,8.591907765393357],[7.711514029879651,8.592079948524674],[7.711610199703554,8.59208027015102],[7.711687264827397,8.592042235925211],[7.711686036813962,8.59240600526344],[7.712052322489034,8.592158332353284],[7.711879216743064,8.59215775360199],[7.711841912009834,8.591813001371131],[7.711976549687623,8.591813451512861],[7.712303656131715,8.59177625299898],[7.712341801060397,8.591872110369033],[7.712476374195552,8.591891706100125],[7.712342576210497,8.591642361248274],[7.712343286745861,8.59143175788512],[7.712266738575139,8.591316626192361],[7.712132036454068,8.591335321936745],[7.712093568591202,8.591335193352242],[7.711977518889967,8.591526265152027],[7.711919817070551,8.591526072246442],[7.711573993975301,8.591410040104341],[7.711555535625728,8.591180226729323],[7.711613237384564,8.591180419681749],[7.71174761634088,8.5912574528949],[7.711747099361317,8.591410618942781],[7.711881866124427,8.591372777582833],[7.711920721669575,8.59125803164515],[7.7120360606213,8.591277563193705],[7.712209424373068,8.591201558777444],[7.712267836690034,8.590991148270748],[7.71226815965679,8.590895419469199],[7.712383175596343,8.59101067970635],[7.712401957400019,8.59114476431055],[7.712536594871892,8.59114521422188],[7.712633151956052,8.591030660980783],[7.712633603982325,8.590896640639427],[7.712711314475554,8.590667148517959],[7.712615596979001,8.590532806875936],[7.712442491931657,8.590532228486273],[7.712327088573478,8.590531842849986],[7.712153531371159,8.590665284649306],[7.71203838639575,8.590588315885023],[7.711942216931447,8.590587994420927],[7.711807450459942,8.590625835845218],[7.711749231840385,8.590778808987247],[7.711633828439265,8.590778423132377],[7.711556440443569,8.590912186161798],[7.71134480284834,8.590930624371437],[7.711248051518724,8.591102614494272],[7.7111134141304,8.59110216413497],[7.711036025885273,8.591235927021069],[7.710958184941625,8.591503710132121],[7.711015563431719,8.591599631932374],[7.711208032106122,8.591561983870895],[7.711361645023475,8.591639081564166],[7.711458267201947,8.591505382937251],[7.711573347650621,8.591601497649348],[7.71155320881679,8.591869473885424],[7.711553079543949,8.591907765393357]],[[7.708603029263161,8.594042234347421],[7.708737602760698,8.594061831467494],[7.70894865897047,8.594215706556682],[7.708909672566598,8.59436874346408],[7.708948140686787,8.59436887241157],[7.709159780133902,8.594350435820726],[7.709255497043394,8.594484778257586],[7.709351732154023,8.594465954802352],[7.70939065363944,8.594332063561408],[7.70916055742672,8.594120687018457],[7.709122672301143,8.593948246494957],[7.709123514351591,8.593699351957508],[7.708873536786999,8.593679368176918],[7.708815186831216,8.59387063207214],[7.708776718763278,8.593870503118792],[7.708603612464966,8.593869922781217],[7.708603029263161,8.594042234347421]],[[7.707102190617968,8.594209512858308],[7.707235790938228,8.594516296282036],[7.707350870930244,8.594612412218419],[7.707371142845071,8.594306145256617],[7.707333063952317,8.59419114183467],[7.707102385249655,8.5941520757044],[7.707102190617968,8.594209512858308]],[[7.708769526056729,8.595995679137394],[7.709173119110491,8.596092761954864],[7.709077466705552,8.595939273721946],[7.708904359448099,8.59593869338095],[7.708769526056729,8.595995679137394]],[[7.707430790767702,8.593731967287],[7.707526636588174,8.593828018601945],[7.707449311355491,8.593942634760733],[7.707525793483427,8.594076912980315],[7.707834121609397,8.593905634010108],[7.707892212705671,8.59379095323491],[7.707661793514013,8.59367530457543],[7.707584598055486,8.593751629328752],[7.707430985338955,8.593674530124192],[7.707430790767702,8.593731967287]],[[7.711379499494593,8.60343305483329],[7.711475995816238,8.60333764820496],[7.711648524130985,8.603510539573932],[7.711609472540838,8.603682722445368],[7.711474571770208,8.603758854524855],[7.711474118649481,8.603892874715573],[7.711627671509008,8.60398911873691],[7.711781612757519,8.60397048824598],[7.711781224451611,8.604085362707897],[7.711684792701424,8.604161623649803],[7.711511616800672,8.60418018967256],[7.711376456864576,8.604332904648313],[7.711664975600078,8.604333870923464],[7.711838669305769,8.604162138889981],[7.711973505468864,8.604105152439683],[7.711993322405816,8.60393290512586],[7.71220522611451,8.603837884641937],[7.712436040876015,8.603838657138128],[7.712474768729405,8.60376220287756],[7.712474898090698,8.603723911379202],[7.712667373028142,8.603686263491046],[7.713071298787903,8.60368761475984],[7.713148237035318,8.603687872096327],[7.713263773691839,8.6036499665618],[7.713301790342062,8.60378411550035],[7.713532992935233,8.603670012790895],[7.713533380694191,8.603555138247067],[7.713668474937839,8.603421568098145],[7.713745413149683,8.603421825307345],[7.713784528373525,8.603230496311337],[7.713900323267913,8.603116007513],[7.713900775494134,8.602981987188539],[7.714074338448458,8.602848545419226],[7.714075113559595,8.602618796272038],[7.714171415311115,8.602580826123507],[7.714171996584241,8.602408514254394],[7.713979393157286,8.602484454538223],[7.713845139217537,8.602369129977527],[7.713845849823322,8.602158526606512],[7.713942151466049,8.602120556500758],[7.713904328445803,8.601928970320241],[7.714019993679059,8.601852772940406],[7.714039809438249,8.60168052534831],[7.713906007865869,8.601431180507433],[7.714271527092335,8.601413255843264],[7.714444895456226,8.60133725107149],[7.714483880850007,8.601184213435],[7.714388096009758,8.601069017591207],[7.714388547955314,8.600934997226753],[7.714080603315244,8.600991406399132],[7.713522869422596,8.600970396532675],[7.713291927061435,8.601007916459814],[7.71315754456969,8.600930883271939],[7.713196401151422,8.600816137347723],[7.713216669487895,8.60050986953035],[7.713178588404785,8.600394866371454],[7.713044335391137,8.600279541662964],[7.7134482576017,8.60028089200545],[7.713717216150889,8.6003775208082],[7.713716828592676,8.600492395379277],[7.714005603003059,8.600416776416496],[7.714005861315497,8.60034019336017],[7.714082928063362,8.600302158881114],[7.71439067845738,8.60030318692431],[7.714410235642623,8.600207522332568],[7.714564046267679,8.600227182016921],[7.714602192327741,8.600323039330016],[7.714756067559901,8.600323553176029],[7.714872054792283,8.600151626583385],[7.714987461175906,8.600152011885141],[7.715121714838876,8.600267335996186],[7.715198975043264,8.60017186395519],[7.715449086764041,8.600153552746375],[7.715603155467104,8.600096628914685],[7.715661181129002,8.600001092574592],[7.715718884315302,8.600001285108169],[7.715718239415615,8.600192742881005],[7.715429723352735,8.600191780104934],[7.715256033100151,8.60036351429812],[7.715140691161245,8.600343983294808],[7.715140045945169,8.600535441020643],[7.714947637238396,8.600553944650699],[7.714889353164511,8.60072606392368],[7.714966097271161,8.600783758121795],[7.715197039477441,8.600746237145152],[7.715562493660637,8.600747456923902],[7.715504403328385,8.600862139000121],[7.715638915394342,8.60090087988295],[7.715639431390266,8.600747713675242],[7.716005079079543,8.600691495697733],[7.716004047378759,8.600997828156899],[7.716215239482773,8.601113408644254],[7.716427140811302,8.601018385436157],[7.716697067629865,8.600827825583451],[7.71679381982363,8.600655834177033],[7.716813505331749,8.600521877808784],[7.716928976348008,8.60050311675897],[7.717045284887812,8.600235460441592],[7.717046186814985,8.599967419419666],[7.717123382104844,8.59989109269925],[7.717105436051167,8.599508112830858],[7.717240141132799,8.599489415742454],[7.717202123242945,8.599355267023366],[7.717317851509849,8.599259922640705],[7.717375554621626,8.599260114909526],[7.717394724592992,8.599279324787947],[7.717394531393526,8.599336762160032],[7.717375039413544,8.599413281233694],[7.717605787576593,8.599433196028606],[7.717624184885691,8.599682155404397],[7.717816721976743,8.599625358764436],[7.717989831515924,8.599625935344973],[7.718048049649259,8.599472961158217],[7.718240393523056,8.59947360167162],[7.718162876703404,8.59964565764386],[7.718162168692398,8.599856261400257],[7.718238527060546,8.600028829773443],[7.718411701165751,8.600010260393503],[7.718488896232632,8.599933933360509],[7.71848921797898,8.599838204368714],[7.718528265912751,8.599666020251334],[7.718739779986692,8.59968587036303],[7.718740358997128,8.599513558158247],[7.718586934237724,8.599379025355958],[7.718587255938391,8.599283296357727],[7.718664643811833,8.599149531858862],[7.718607326711406,8.599034464985479],[7.718608034407922,8.598823861183277],[7.718531096976579,8.598823605082107],[7.718300349047412,8.598803690888396],[7.718493400343334,8.598593727431076],[7.718493786376075,8.598478852632686],[7.718494622761992,8.598229957233766],[7.718495073113233,8.598095936632985],[7.718496231125839,8.597751312226592],[7.718669725802066,8.597637013565667],[7.718938941689431,8.597657055436857],[7.718996323059301,8.597752976448906],[7.719169496127747,8.597734406569016],[7.719245854698429,8.597906974765369],[7.719418899267237,8.597926696396442],[7.719418642115186,8.598003279625468],[7.719590979660892,8.598233605078772],[7.719706257126786,8.598272280499222],[7.719706128574661,8.598310572117404],[7.719705807191747,8.598406301162532],[7.719955789429597,8.598426278443076],[7.720167110252516,8.598503565118728],[7.720224299296578,8.598656923445395],[7.720397601291641,8.598600061437226],[7.720436519701396,8.598466168599575],[7.72062899170971,8.598428516213712],[7.720744269382842,8.598467191346888],[7.720802614668854,8.598275924912151],[7.720918149183899,8.598238016716598],[7.721130561641392,8.597989823939079],[7.721284564715909,8.597952043395484],[7.721361887194344,8.59783742398922],[7.721939622893655,8.597628735822425],[7.722036243585699,8.597495034259914],[7.722266991258774,8.597514946127765],[7.722286866977943,8.597323551664894],[7.722152226809892,8.597323104841573],[7.72192070936836,8.597532942841678],[7.721670342386021,8.597627841854433],[7.72161263942388,8.597627650265377],[7.721342845436008,8.597779922644614],[7.721304376784034,8.597779794884579],[7.721170185894185,8.59764532694956],[7.721190062172036,8.597453932626038],[7.721056192428998,8.597223735570385],[7.721056385028946,8.597166298109416],[7.720901932816097,8.597338099339936],[7.72074780154927,8.597414171397933],[7.720670479009047,8.597528790668838],[7.720458837393053,8.597547233407546],[7.720439153446525,8.597681190192489],[7.720612005376565,8.597758348730682],[7.720630725886722,8.597911579177563],[7.720534233091711,8.598006988665796],[7.72051442065453,8.598179237082476],[7.720418248956274,8.598178917453561],[7.720360867149059,8.598082996593833],[7.720225969819937,8.598159132310585],[7.720033690717591,8.598139347074444],[7.719899307440268,8.598062316178275],[7.719880651495211,8.597889939928113],[7.719765052763168,8.597946993623113],[7.719707992522348,8.597755343646076],[7.719631119548989,8.597735941987176],[7.719554182306174,8.597735686122556],[7.719419863566263,8.597639509284821],[7.719343376371076,8.597505232731299],[7.719189823476555,8.597408991855156],[7.719229192151616,8.597141078529795],[7.719152319335985,8.59712167679636],[7.719095709549913,8.596796006142235],[7.71890336696171,8.59679536625386],[7.71874910702284,8.59690972909398],[7.718748914081332,8.596967166503694],[7.71876814834698,8.596967230505834],[7.718767698151681,8.597101251128834],[7.718863483657381,8.597216445953489],[7.718863162104515,8.59731217497236],[7.718458727522398,8.5974639971768],[7.718247150358654,8.597463292890069],[7.718112252954478,8.59753942783867],[7.718150335440753,8.59765443070254],[7.718053713481439,8.597788131083187],[7.718110837210596,8.597960635386686],[7.718168540143796,8.597960827507858],[7.718265162119832,8.597827127100068],[7.71826361780014,8.598286626263658],[7.718263167357432,8.598420646850922],[7.718243353862301,8.598592894993747],[7.718127497295958,8.59872653131516],[7.718128012160101,8.598573364940227],[7.718089993988483,8.598439216270245],[7.717840526980087,8.598266071430803],[7.717840913194523,8.59815119665994],[7.717687038651987,8.59815068417543],[7.717571310838787,8.598246028737353],[7.717456420019135,8.598092477956419],[7.717340692178347,8.59818782244341],[7.717186817651302,8.598187309756836],[7.717091225729737,8.598014677190074],[7.716956585592384,8.598014228514419],[7.716956778827636,8.597956791148292],[7.717014932590851,8.597822962917636],[7.716976463999925,8.597822834724607],[7.716726482595397,8.597802855589144],[7.716533753086608,8.597917089156889],[7.716533495355582,8.597993672299095],[7.716283513906186,8.597973692863068],[7.71611021187005,8.598030552972286],[7.716128866080777,8.598202929155175],[7.716032694542311,8.598202608430045],[7.715917675491813,8.59808734884388],[7.715783035390998,8.598086899754119],[7.715763543200692,8.598163418712918],[7.71607071194864,8.598336757195247],[7.71601281562015,8.598394002095027],[7.716262346149128,8.598548002225726],[7.716280355900381,8.59891183623846],[7.71610698895483,8.598987842062238],[7.71599216307694,8.598815145123016],[7.715915225726517,8.598814888499396],[7.715761415510801,8.59879522942716],[7.715645687082208,8.598890573307582],[7.715722108590295,8.599043996214768],[7.715702100439354,8.599273681382234],[7.715798272235377,8.599274002229581],[7.715798143275673,8.599312293786943],[7.715643945947911,8.599407509304617],[7.71564355901443,8.599522383968695],[7.715335680088681,8.599559648569484],[7.715335293055394,8.599674523218711],[7.715161925615083,8.599750528535216],[7.714872635582211,8.599979314644994],[7.714737801253335,8.600036302401637],[7.714160705052965,8.60005352096415],[7.713929892425918,8.60005274983913],[7.713891617400255,8.599995184014132],[7.71356450374138,8.600032382847216],[7.713430379909049,8.599878766752445],[7.713084225855411,8.599858463621942],[7.712872906334113,8.5997811731626],[7.712700249543547,8.59964657398676],[7.712796938380973,8.599493729551765],[7.712623893896582,8.599474004890581],[7.712528110040285,8.599358808719648],[7.712547926165339,8.599186561262758],[7.712432520184922,8.59918617527267],[7.7121625282992,8.599395877758287],[7.712008394914109,8.599471945930405],[7.711950950588617,8.59939516985449],[7.711777712200917,8.599432882070447],[7.711526824779822,8.599680939891066],[7.711391990236947,8.599737926418127],[7.711389984327221,8.600331444502649],[7.711216874918085,8.600330864907376],[7.711120897196465,8.600273105649324],[7.710678636111417,8.600233332529381],[7.710659725465578,8.600137539404045],[7.710833158424855,8.600042390535004],[7.711006267676782,8.600042970283537],[7.711102957254401,8.59989012639205],[7.710699035831857,8.599888773649749],[7.710698647386823,8.600003648086822],[7.710467835105479,8.600002874890562],[7.710179837918075,8.599848742315919],[7.71010348345965,8.599676172883456],[7.710006987909034,8.599771579271136],[7.709565051683673,8.599636076316854],[7.709564727704853,8.599731804972782],[7.709850910514997,8.600422018480026],[7.709927459303696,8.600537150762104],[7.710079909222045,8.60095887263821],[7.710518997663496,8.601936787655765],[7.710575859104605,8.60218587557757],[7.710785236542971,8.602837539544563],[7.710861656506711,8.602990963215255],[7.710994549795634,8.603508349219833],[7.711108856291115,8.603834213395318],[7.711244275080674,8.603604915539623],[7.711340447800069,8.603605237661364],[7.711378204798773,8.60381596965346],[7.711379499494593,8.60343305483329]],[[7.7177690778738,8.55648769787983],[7.71763412698544,8.556584481932827],[7.717633587371755,8.556745748687703],[7.717615262623519,8.556756733814671],[7.717614316267843,8.556757301125955],[7.717614164159504,8.556802758290706],[7.71763296845657,8.556833376703496],[7.717633292390833,8.556833904154859],[7.71766831606851,8.556890932033165],[7.717671548862111,8.556896195881551],[7.717824911925463,8.557044619546607],[7.717824767064811,8.557087916402853],[7.717824684277772,8.557112660208],[7.717824463522131,8.557178640396444],[7.717900955706023,8.55730946779515],[7.7177178,8.5572358],[7.717689266107327,8.557349020689628],[7.717788985680978,8.557389129310028],[7.717804505891407,8.557395371754868],[7.7178369829394,8.557408434473452],[7.717867843756624,8.55740853677713],[7.718131283043988,8.557447702078647],[7.718285461417453,8.557352482785223],[7.718285589490019,8.557314191107347],[7.718439959858072,8.557161534217462],[7.718402007564967,8.55700824004711],[7.718017426580163,8.556987819524048],[7.717998898850215,8.55677715157038],[7.71788344137004,8.556795914931238],[7.717864657500686,8.556661830327235],[7.717864785604798,8.556623538654325],[7.718057620243106,8.556471009388531],[7.718211157867008,8.556567248456957],[7.718326807359244,8.556491047465359],[7.718269686950545,8.556318543729484],[7.718269815008982,8.556280252049799],[7.718193270342732,8.556165122102396],[7.717788374811916,8.556468418151223],[7.717784831484322,8.556470105237848],[7.717769111691709,8.556477589911214],[7.7177690778738,8.55648769787983]],[[7.719162680962921,8.565339293162372],[7.719393416700635,8.56535691867677],[7.7193833,8.5655031],[7.719494,8.5655843],[7.7194618,8.5651056],[7.719375012371167,8.565109212732203],[7.719383902610483,8.56509112768663],[7.719380921944433,8.565014533601804],[7.719394625824832,8.564995432962968],[7.719395266207616,8.564803974564853],[7.719318527724532,8.564746282107498],[7.719318271559604,8.564822865464894],[7.719183707045302,8.56480327344501],[7.719182490104441,8.56516704436956],[7.719163257435953,8.565166980622907],[7.719162680962921,8.565339293162372]],[[7.720070585163016,8.564155245890651],[7.720050520528534,8.564404078185268],[7.720300672797659,8.564366614475748],[7.72037760334607,8.564366869206607],[7.720608267058094,8.564405925006227],[7.720627691617333,8.56434855112659],[7.720627947506006,8.564271967727956],[7.720878163644793,8.564215357771708],[7.720955733723724,8.564024153860103],[7.72095586163064,8.563985862155256],[7.721111065441758,8.563584308388585],[7.721303966875576,8.563412632026317],[7.721304286531539,8.563316902747962],[7.721439042524701,8.563279056399702],[7.721477507706553,8.563279183637727],[7.721632071487011,8.56306908811008],[7.721767082994798,8.56295465819142],[7.721806442776804,8.562686743352376],[7.721806251073295,8.562744180932622],[7.721960558863846,8.562610668655172],[7.722055955006407,8.562840736932076],[7.722229165121568,8.562806258324615],[7.722241710156966,8.562803058875676],[7.722345389596651,8.562765109441354],[7.7223158,8.5626515],[7.722168984534815,8.562726234166197],[7.722210646051384,8.562592349369421],[7.722326041426725,8.56259273081134],[7.722326233048848,8.562535293218946],[7.722154162114279,8.562228387238772],[7.721694881532589,8.561537610161592],[7.721560701327514,8.561403143961044],[7.721120782989923,8.560674138355866],[7.721024620703813,8.560673820260927],[7.72092788304923,8.560845814840878],[7.720773703641103,8.560941035061274],[7.720716006236652,8.560940844149489],[7.720696326162911,8.56107480148437],[7.720388542630165,8.56109292896242],[7.720311101025606,8.561245841133422],[7.720310205504341,8.561513883035811],[7.720309821700612,8.561628758135672],[7.720540547747791,8.56164866788616],[7.72061779751823,8.561553193227798],[7.720675495012683,8.561553384167789],[7.720462914169293,8.561859017628363],[7.720462530395656,8.56197389273306],[7.720250780787439,8.562030629974366],[7.720134425966196,8.562317435658889],[7.72007570459624,8.562623578178563],[7.71994062880725,8.562757153297099],[7.719843570034549,8.563024876664223],[7.719669708812787,8.5632540534717],[7.71966958078838,8.563292345158665],[7.719437957538902,8.563540476533461],[7.719071513654236,8.563845599070412],[7.71907074508616,8.564075349130073],[7.719320448885757,8.56417190691711],[7.719493542468411,8.56417248046604],[7.719511942727595,8.56442144012568],[7.719319616398968,8.564420802835086],[7.719376866043669,8.564555014912898],[7.719492261882102,8.564555397287583],[7.71956964062908,8.564421631294206],[7.719569896731559,8.564345047927663],[7.719608874174723,8.564192008631078],[7.719916724172131,8.564154736303916],[7.720070585163016,8.564155245890651]],[[7.720115705290335,8.562164205197803],[7.720193019254031,8.562049584809069],[7.720193467087733,8.561915563868215],[7.720289949506927,8.561820152967995],[7.720117112847332,8.56174299653862],[7.719654572765728,8.562028655748747],[7.719654124737482,8.562162676660469],[7.719903955549473,8.5622209422255],[7.719903763571275,8.562278379764265],[7.719980309750914,8.562393509592953],[7.720095896917473,8.56233645414904],[7.720115577327046,8.562202496893624],[7.720115705290335,8.562164205197803]],[[7.719665195304014,8.55885044527802],[7.719838350475815,8.55883187246997],[7.719838478415681,8.55879358077165],[7.719723724045248,8.558601740271403],[7.719685259359482,8.55860161292792],[7.719530952733059,8.558735124444686],[7.719530568822154,8.558849999525878],[7.719665195304014,8.55885044527802]],[[7.718424376964478,8.556070157574247],[7.718501241774412,8.556089558275168],[7.718519833823768,8.556281080406098],[7.718442200721298,8.556491429796065],[7.718538361860428,8.556491748378706],[7.718846653541689,8.556320455085949],[7.719212961523162,8.556053623308268],[7.718887165866397,8.55570791544678],[7.718424569023073,8.556012720050465],[7.718424376964478,8.556070157574247]],[[7.718802556304374,8.558005161874684],[7.718783580063189,8.55792851479378],[7.718591128997824,8.557966169301645],[7.718532919856375,8.558119144850947],[7.718648249693747,8.558138673033222],[7.718802556304374,8.558005161874684]],[[7.720159927900959,8.560441206132692],[7.720276090050312,8.56021183788011],[7.720160951341469,8.560134872530764],[7.719949394694352,8.560134172208995],[7.719871441337895,8.560440251085113],[7.719948115176451,8.560517089178852],[7.719870801524195,8.560631709562129],[7.719776046972111,8.560210182521807],[7.719622443547761,8.560133089666005],[7.719640908078915,8.560362903507757],[7.719755662800998,8.560554744087089],[7.719755406850682,8.560631327474198],[7.719908306696992,8.56091902463335],[7.719965172333372,8.561168111688003],[7.72004171836084,8.561283241481048],[7.72011864828214,8.561283496172441],[7.720253467553295,8.561226504295979],[7.720311164990297,8.561226695283105],[7.720350205607296,8.561054509946757],[7.720351356887757,8.560709884629407],[7.720313275741886,8.56059488221179],[7.720159672034895,8.5605177895324],[7.720159927900959,8.560441206132692]],[[7.719242595523643,8.558695877427262],[7.719473383663796,8.558696641703298],[7.719512424218207,8.558524456447113],[7.719474279471301,8.558428599850002],[7.719339845122866,8.55837071651575],[7.719185986499312,8.558370206979815],[7.719185853374626,8.558410032158513],[7.719185684684503,8.55846049670908],[7.719243107509406,8.55854271066829],[7.719242595523643,8.558695877427262]],[[7.719585514490928,8.559673461981662],[7.719604362955278,8.559788400745711],[7.719738925788351,8.559807992368091],[7.719912273321598,8.559731982044704],[7.719758734019539,8.559635743417617],[7.719585514490928,8.559673461981662]],[[7.718448946008743,8.560224932159507],[7.71846760197562,8.560397308441548],[7.718582612249469,8.560512565931969],[7.718717303304132,8.560493866260984],[7.718602485118648,8.560321171290353],[7.718583829088708,8.560148795005777],[7.718449138158306,8.560167494647477],[7.718448946008743,8.560224932159507]],[[7.718708720783338,8.563059408521994],[7.718708272369383,8.5631934293768],[7.718919830602893,8.563194130626087],[7.719035610267814,8.563079638043822],[7.719035994519717,8.562964763010028],[7.718863157713551,8.562887605985429],[7.718843476804435,8.563021563102838],[7.718708720783338,8.563059408521994]],[[7.71364391037065,8.576463936193683],[7.713586790533696,8.576291431810452],[7.713336565852407,8.576348035685513],[7.713470167393074,8.57665481704128],[7.713392912441699,8.576750289485663],[7.713507989569361,8.576846403107975],[7.713796552184822,8.576828218941863],[7.71364391037065,8.576463936193683]],[[7.711854836910502,8.57657284486357],[7.711700842400247,8.576610622809314],[7.711604353879062,8.576706030627216],[7.711700261782859,8.576782934740448],[7.711892980769345,8.57666870211096],[7.711854836910502,8.57657284486357]],[[7.71748477170069,8.578199861332395],[7.717349881560852,8.57827599706478],[7.717138379372408,8.578256147919927],[7.717061060587787,8.578370766987415],[7.717137351311176,8.57856248087142],[7.717291089432642,8.57860128403773],[7.717445341510753,8.578486920654246],[7.717426365144581,8.578410273476264],[7.717676783688488,8.578296229623051],[7.717754359172098,8.578105027144867],[7.717754551833355,8.578047589701544],[7.717774170451372,8.577932778725474],[7.718025038021842,8.577684713864928],[7.718044528121466,8.577608194492536],[7.717891111310361,8.57747366259195],[7.717891432353488,8.57737793351138],[7.717699420722757,8.577281565382954],[7.717602291047301,8.577568433032493],[7.717409958255073,8.577567793819718],[7.717352001472342,8.577644185284711],[7.717351744522001,8.577720768531908],[7.717505289659861,8.577817009006393],[7.717581837462871,8.57793213957142],[7.717485157107189,8.578084986458322],[7.71748477170069,8.578199861332395]],[[7.71700650921429,8.577432430495422],[7.716891173863939,8.577412900998565],[7.716871297994139,8.577604295130849],[7.717005673913005,8.57768132601657],[7.717043690701013,8.577815474574667],[7.717178323721828,8.577815922174256],[7.717177681241489,8.578007380276881],[7.717216147839456,8.578007508156754],[7.717235959345645,8.577835259799064],[7.717237565412934,8.57735661452362],[7.717391303083553,8.577395417582535],[7.717392587722388,8.577012501331051],[7.717296614177295,8.576954744268718],[7.717257119877049,8.577260949398969],[7.717026513496455,8.577202744723632],[7.71700683047732,8.577336701447951],[7.71700650921429,8.577432430495422]],[[7.712086094890373,8.582145098533118],[7.712123981020931,8.582317538892578],[7.71237330648633,8.582528977198312],[7.712525755019029,8.58295069782727],[7.712602624553847,8.582970100428003],[7.712755718562545,8.58320036330451],[7.712755266990121,8.583334383705694],[7.712523819368593,8.583525070923768],[7.711907313230972,8.58382934782877],[7.711810758099167,8.583943901165972],[7.711502375418009,8.584134330617815],[7.711675348358759,8.584173200527209],[7.711713815493862,8.584173329047085],[7.711828894082494,8.584269443401952],[7.711789652128991,8.584499064050444],[7.711827731898646,8.58461406714361],[7.71198172974797,8.584576289636633],[7.712135469369822,8.58461509512603],[7.712211048205893,8.585017413168305],[7.712326385347139,8.585036944360349],[7.712287014439249,8.585304856615203],[7.712479286197121,8.585324644722672],[7.712556737007683,8.585171735487343],[7.712652130760426,8.585401805822952],[7.712843821905436,8.585593905688603],[7.712881902068213,8.585708908734176],[7.713113286519161,8.585537367262873],[7.713113996117161,8.585326763769116],[7.712979618724132,8.585249731276512],[7.712979941293446,8.58515400241963],[7.713115028227469,8.58502043141035],[7.713154140500016,8.584829102069541],[7.713058488495633,8.584675614918167],[7.713405918633134,8.584313000553927],[7.713693326430334,8.584639441297806],[7.713827574872245,8.584754765090011],[7.713846486148468,8.584850558139005],[7.714191273351348,8.585272919995965],[7.714248587570156,8.585387987107373],[7.71438328755533,8.585369290293077],[7.714345271382695,8.585235141550616],[7.714115176720498,8.585023768273969],[7.713961952320953,8.584831797288446],[7.713904767180764,8.584678438598472],[7.713694164577302,8.584390546190956],[7.713637173010345,8.584179750151431],[7.713502860333087,8.584083572104257],[7.713215646539963,8.583699693970981],[7.713196864421967,8.583565609367952],[7.713081914604773,8.583431203850795],[7.713101728588022,8.583258956068352],[7.712967093866202,8.583258506764006],[7.712661034728466,8.582759689556784],[7.712259196112342,8.582145676522499],[7.712086094890373,8.582145098533118]],[[7.711897439033148,8.58105314752693],[7.711917511393832,8.580804316774628],[7.711571374774588,8.580784014825783],[7.711436482775024,8.580860148172118],[7.711359678304399,8.580821599644759],[7.711245246423208,8.580534027675977],[7.710976624883052,8.580341670398258],[7.71091944141135,8.580188311506664],[7.710785195398018,8.580072987041497],[7.710728012031526,8.579919628136727],[7.710574597422096,8.579785093584459],[7.710440803842628,8.579535748729198],[7.710363547535149,8.579631220355331],[7.710400528342435,8.580071701353479],[7.710689157807179,8.580034374137124],[7.710803847492979,8.58024536315509],[7.71093796440701,8.580398979143961],[7.710956745725467,8.580533063738498],[7.71111016075322,8.580667598197905],[7.711109773312942,8.580782472767932],[7.711339799274975,8.58101299302476],[7.71145429588173,8.58128141922651],[7.711242599126662,8.581319003937883],[7.71116495511064,8.581529350260494],[7.711260799403109,8.581625400391907],[7.711452810953458,8.581721771787056],[7.711451455080348,8.58212383281162],[7.711604935427284,8.582239221419522],[7.711739569717567,8.582239671146356],[7.711874591292458,8.582125246230158],[7.711894341112013,8.581972144335092],[7.712240995065397,8.581839280001816],[7.712299082560073,8.581724598025884],[7.712433974763573,8.581648464400784],[7.712280494327848,8.581533076117518],[7.711818891832203,8.581531534774616],[7.711723241042378,8.581378047467336],[7.711877237543344,8.58134026980498],[7.712050725569656,8.581225973224901],[7.711897116349087,8.581148876363201],[7.711897439033148,8.58105314752693]],[[7.711546137426196,8.582564506641436],[7.711450099141336,8.582525893827608],[7.711448032821838,8.58313855821643],[7.711544523240089,8.583043150714111],[7.711679222372902,8.583024454740132],[7.711967402292049,8.58312114724405],[7.712044852714034,8.58296823805891],[7.711891630148689,8.582776266505487],[7.71183463972464,8.582565470364491],[7.711546137426196,8.582564506641436]],[[7.713316276940931,8.588084461120719],[7.713431486064211,8.588142283667601],[7.713508421187785,8.588142540470937],[7.713681718727219,8.588085680900956],[7.713835395489597,8.588143631713912],[7.713988685386916,8.58831645712809],[7.713988556412548,8.58835474867987],[7.714218781681608,8.58852783072695],[7.714218394816269,8.588642705391234],[7.714352257836491,8.588872903876789],[7.714429322073284,8.588834868960609],[7.714468627777617,8.58858610214606],[7.714584030645192,8.588586487054558],[7.714546078706666,8.588433192516163],[7.714258280877693,8.588221626611528],[7.714258538767683,8.58814504349921],[7.714277772554764,8.588145107660239],[7.714278223849758,8.588011087211918],[7.714201417677105,8.587972539010435],[7.71420161109768,8.587915101676773],[7.714259441363855,8.587877002603648],[7.714260343930802,8.58760896170427],[7.714183473363712,8.587589559288725],[7.714185278513686,8.587053477494237],[7.714088658547899,8.587187177141859],[7.713934595208796,8.587244101137879],[7.713934724171645,8.587205809584711],[7.714127577319924,8.587053285018706],[7.714243559884718,8.586881357948611],[7.71424414004857,8.58670904593451],[7.714417307939049,8.58669047747917],[7.714514378777833,8.586422757238548],[7.714668570591144,8.586327541380884],[7.714956947239708,8.586366794757096],[7.714995865593852,8.586232902483594],[7.714823148906556,8.586117450743775],[7.714553683946175,8.586173990340356],[7.714495982876898,8.586173797939507],[7.714437959566257,8.58626933443693],[7.714437830668132,8.586307625999552],[7.714205801547223,8.5866706260711],[7.714012174936426,8.587052900041742],[7.713819192776423,8.587243716094665],[7.713780725300158,8.587243587739255],[7.713646282625345,8.587185701141856],[7.713646347120852,8.587166555367402],[7.713627758344344,8.586975033437941],[7.71351274300867,8.58685977367264],[7.713513259002226,8.586706607481931],[7.713321244459865,8.586610236691158],[7.712686338736697,8.586665554974832],[7.7124746389385,8.586703139930293],[7.712570355620267,8.586837481484483],[7.712589008409564,8.587009857620522],[7.712781216513205,8.587048791472538],[7.712935602519458,8.58689613910422],[7.713031319418764,8.587030480573638],[7.713242503274564,8.587146061503757],[7.71333828485447,8.587261257148352],[7.713492025735301,8.587300062270984],[7.713530493212874,8.58730019065604],[7.713587936431685,8.587376966321845],[7.713432582774578,8.587816805542893],[7.713432389240587,8.587874242859428],[7.713316535015649,8.58800787803631],[7.713316276940931,8.588084461120719]],[[7.716465340246779,8.58966493345798],[7.716485089099627,8.589511831172322],[7.715965838987296,8.589490955398713],[7.715966096573482,8.589414372239904],[7.716235499447646,8.589376977762198],[7.716216716263967,8.589242893147608],[7.716121190844633,8.589051114864235],[7.71590968293552,8.58903126418845],[7.715774273184428,8.589260565027917],[7.715485700961708,8.589278749294161],[7.71542780613488,8.58933599432119],[7.714927919275369,8.589276889739216],[7.714985105263613,8.589430248403625],[7.715504419463703,8.589431979692923],[7.715504226204437,8.589489417051563],[7.715542307422075,8.589604419986763],[7.71588851711065,8.589605573780048],[7.716022703457223,8.589740042922886],[7.71602244587248,8.589816626082113],[7.716484123518395,8.589799018073476],[7.716561509650067,8.589665253759224],[7.716465340246779,8.58966493345798]],[[7.71531072781295,8.589833400032575],[7.715290978462109,8.589986502183871],[7.715502615658399,8.5899680617001],[7.715676171560362,8.589834618168158],[7.71531072781295,8.589833400032575]],[[7.713783121037711,8.59794620166729],[7.713994762657544,8.597927762679637],[7.714052659162853,8.597870518116196],[7.714514991678722,8.597661456216914],[7.714553718334535,8.597585001569653],[7.714515249804892,8.597584873134275],[7.714477168472202,8.597469870072256],[7.71422738130128,8.597392452060319],[7.714227833107212,8.597258431678823],[7.714420627306091,8.597125053544064],[7.714496983506654,8.59729762235465],[7.714689132452976,8.59735570179777],[7.714632591092165,8.597010885273047],[7.714402361050443,8.596837802766991],[7.714171550347384,8.596837032072845],[7.714075572869636,8.596779273605025],[7.714017353802836,8.596932247038117],[7.714074798292825,8.597009022821771],[7.713978239807793,8.597123576230835],[7.713805712742004,8.596950686120522],[7.713594459111868,8.596854250497055],[7.713594781969452,8.59675852167445],[7.713460271616415,8.5967197803143],[7.713189959171487,8.597025212693659],[7.71303621456718,8.596986406897173],[7.712940560293791,8.596832919368941],[7.712729177784676,8.59677477482794],[7.712710331265833,8.596659835978052],[7.712788301839985,8.596353761038563],[7.712480490203062,8.59637187793985],[7.712537352679457,8.59662096570833],[7.712383479075711,8.5966204511953],[7.712383349813647,8.596658742706367],[7.712479391571508,8.596697355798108],[7.712479003808889,8.596812230334976],[7.71245951108344,8.59688874904348],[7.712881242417391,8.597311370461304],[7.712958437800585,8.597235044609564],[7.713092689848359,8.597350369204227],[7.713092496045119,8.597407806484709],[7.713034147261482,8.59759907121117],[7.713168141047383,8.597790978840973],[7.713186793911078,8.597963354971379],[7.713494606894374,8.597945237690809],[7.713783121037711,8.59794620166729]],[[7.711896641263309,8.592693899080611],[7.711915229010418,8.5928854209514],[7.712146230959932,8.592828755373306],[7.712165981865242,8.592675653612552],[7.71212822460754,8.59246492167753],[7.711993586691891,8.59246447155494],[7.711897029012656,8.592579024545664],[7.711896641263309,8.592693899080611]],[[7.713071400424858,8.592257467804314],[7.712782761508557,8.592294795453409],[7.712801478873684,8.592448025822282],[7.712992979406262,8.592697563369937],[7.713089795089977,8.59250642700134],[7.713071206734941,8.592314905099458],[7.713071400424858,8.592257467804314]],[[7.715283524114519,8.59791291930973],[7.715052390145123,8.598007877920042],[7.715109512468487,8.598180382472691],[7.715339808109952,8.598334318934109],[7.715340840019906,8.598027986512797],[7.715283266132603,8.597989502414254],[7.715283524114519,8.59791291930973]],[[7.711608777696899,8.592501476738889],[7.711550493961587,8.592673595535665],[7.711723599919032,8.592674174469117],[7.711608777696899,8.592501476738889]],[[7.709489734297305,8.599157175112138],[7.709508579833211,8.599272113980374],[7.709758431548941,8.599330389354897],[7.709663490916184,8.598966298080027],[7.709509551747992,8.598984928010667],[7.709489734297305,8.599157175112138]],[[7.709630075272195,8.597472801952762],[7.7095146699434,8.597472415164543],[7.709552555364699,8.597644855696615],[7.709783366135477,8.597645629231167],[7.709841392661242,8.597550093916455],[7.709841975545281,8.597377782297096],[7.709900002006918,8.597282246964083],[7.709863217353095,8.596784328930541],[7.709613237680139,8.59676434532922],[7.709554952151421,8.596936463558027],[7.709708760943004,8.596956124954977],[7.709630075272195,8.597472801952762]],[[7.709924287015926,8.595788943923623],[7.709674048936103,8.595845543400175],[7.709692764991865,8.595998773734316],[7.71005821383227,8.595999998067855],[7.710135797819401,8.595808798385564],[7.709924287015926,8.595788943923623]],[[7.711799469014242,8.598686262239404],[7.711626101584093,8.598762265929185],[7.711779264543996,8.598973384108417],[7.711894670430253,8.598973770284836],[7.712068167255187,8.598859474979294],[7.712049450258194,8.598706244621416],[7.71197283638462,8.598610258461049],[7.711799469014242,8.598686262239404]],[[7.714377963772558,8.59836940012084],[7.714300832916391,8.5984265804927],[7.714300187424738,8.598618038174182],[7.714530999217175,8.598618808949611],[7.714550685292088,8.598484852784619],[7.714474457984959,8.598273992417145],[7.714377963772558,8.59836940012084]],[[7.712989879856453,8.59361656002189],[7.712855176904374,8.59363525590267],[7.712854724809656,8.593769276236747],[7.712738932903696,8.593883765145865],[7.713027250155952,8.593942166525851],[7.712969289622032,8.594018556774085],[7.713046225915858,8.594018813844043],[7.713066816069858,8.593616817075807],[7.712989879856453,8.59361656002189]],[[7.712307498523765,8.607724857333064],[7.712422518799071,8.607840118209527],[7.712691287927901,8.607994185678756],[7.712690835008774,8.608128205904437],[7.712768032937548,8.608051880460478],[7.712998850302727,8.608052652994257],[7.713191586186004,8.607938422164423],[7.713153698733386,8.607765981687338],[7.713154216146461,8.607612815684195],[7.713096641223802,8.607574331096718],[7.71309787009096,8.607210561841793],[7.712924692756342,8.607229128304354],[7.712867247288424,8.60715235219621],[7.712906363601141,8.606961023446702],[7.71317687847596,8.606598155234698],[7.713292545378415,8.606521958321288],[7.71342789951108,8.606311805428831],[7.71337038938676,8.606254175151197],[7.713062504971323,8.606291437088325],[7.713082192347849,8.60615748118452],[7.713216899817245,8.606138785885316],[7.713275121142225,8.605985812898458],[7.713121243714299,8.60598529812449],[7.713044046326145,8.60606162371931],[7.71275552612553,8.606060658285926],[7.712678199279789,8.606175275290656],[7.71248565834944,8.606232068741543],[7.712350692023269,8.606327346757213],[7.712081276947026,8.60636473666709],[7.711946375216689,8.606440868775897],[7.711946116304349,8.606517451745763],[7.712117610533951,8.606996675013775],[7.712117351639057,8.60707325798661],[7.712174667485863,8.607188325670146],[7.712174408596585,8.607264908643947],[7.712307822119103,8.607629128613016],[7.712307498523765,8.607724857333064]],[[7.720652786006197,8.597069227145152],[7.720671570759518,8.597203311775413],[7.720844615182757,8.597223032730259],[7.720902831724964,8.597070057871719],[7.720652786006197,8.597069227145152]],[[7.711755905627553,8.605884998102022],[7.711794180758566,8.605942564161953],[7.712044360862603,8.605905110009306],[7.712006409292421,8.605751815251189],[7.711756164558803,8.605808415135401],[7.711755905627553,8.605884998102022]],[[7.718587803936124,8.610560297222692],[7.718492209052447,8.61038766456448],[7.718473811687032,8.610138705206198],[7.718031279478783,8.610175521907115],[7.718107768056948,8.610309798940166],[7.718068524784059,8.610539420088617],[7.717971705490405,8.610730557230118],[7.718087115218426,8.610730942071699],[7.718241188195783,8.610674017782676],[7.718587546233418,8.61063688037656],[7.718587803936124,8.610560297222692]],[[7.725189053721847,8.60949091794985],[7.725304591559796,8.609453008890549],[7.725343509988519,8.609319115539993],[7.725498030180796,8.609128167204538],[7.725517777635997,8.60897506422298],[7.725344663339793,8.608974490409157],[7.72526797996567,8.60889765199483],[7.724883473950009,8.608838938996449],[7.724882897080967,8.6090112515328],[7.724997345212679,8.609298821794228],[7.724996704268816,8.609490280171812],[7.725189053721847,8.60949091794985]],[[7.726825432706741,8.609075126446838],[7.726710791145202,8.608844994088868],[7.726538380959268,8.608633816471341],[7.726269156217713,8.608613778740068],[7.726267939724546,8.60897754984952],[7.726210106879713,8.609015650393864],[7.726209210437474,8.609283692252903],[7.726324620099607,8.609284074558285],[7.726401687922942,8.60924603771252],[7.726825048703621,8.609190001556998],[7.726825432706741,8.609075126446838]],[[7.731176996671086,8.607749283460223],[7.731061140811643,8.607882923870655],[7.73088809042433,8.607863206740703],[7.730714721087745,8.607939218945207],[7.730618227537557,8.608034630912572],[7.730136269692935,8.608358523257285],[7.73015512165246,8.60847346203764],[7.730385940846271,8.608474224174316],[7.730616951475652,8.608417548530513],[7.730924710415604,8.608418564305886],[7.731155529645293,8.608419325975882],[7.731405711364314,8.608381859188944],[7.731483224953367,8.608209800011561],[7.731445201422744,8.608075651902011],[7.73177238634079,8.608019292739483],[7.732022376596607,8.60803926317823],[7.732157913194328,8.607771664601309],[7.732292876154065,8.607676378991469],[7.732294405266272,8.6072168775318],[7.732140653632608,8.607178078506614],[7.732141290812037,8.606986619572831],[7.731968814224053,8.606794589948393],[7.731911938085312,8.606545503104485],[7.731719079729836,8.606698036029945],[7.731642140314981,8.6066977823184],[7.731564563455308,8.606888987485245],[7.731564053486976,8.607042154598853],[7.731736593677533,8.60721503849891],[7.73173614749911,8.607349059730085],[7.731620738179755,8.607348679133567],[7.731600610820563,8.60761665814291],[7.731466476569985,8.607463046945927],[7.731466922849261,8.607329025729598],[7.731216741837271,8.607366492659422],[7.731177187984611,8.607691845803524],[7.731176996671086,8.607749283460223]],[[7.733311116833648,8.608043510200481],[7.733734539992787,8.607968320186579],[7.733792881201902,8.607777051136845],[7.733350668975665,8.607718156584044],[7.733447161849685,8.607622743818624],[7.733428436190103,8.607469513251884],[7.733062845658401,8.60750660130164],[7.732985651324229,8.607582931432063],[7.733023102284791,8.607889392557071],[7.733234177099486,8.608043256768058],[7.733311116833648,8.608043510200481]],[[7.721384973984928,8.579457298440325],[7.72117308625456,8.579552326415023],[7.721191743120319,8.57972470271634],[7.721480116277326,8.579763950592763],[7.721480500554488,8.579649075547763],[7.721596029120361,8.579611166278314],[7.721558074622943,8.579457872078677],[7.721384973984928,8.579457298440325]],[[7.718242766082398,8.57584741800476],[7.718454267103587,8.575867266359115],[7.718532034037339,8.575618626103537],[7.718801555293076,8.575542936691054],[7.718898170234654,8.575409235108587],[7.718860217026454,8.575255940830957],[7.718725648968209,8.575236348125886],[7.718687631687562,8.575102199667047],[7.718533638061341,8.575139980529375],[7.718321431552455,8.575330736313147],[7.718186606811686,8.575387726702006],[7.718185066488324,8.575847226384886],[7.718242766082398,8.57584741800476]],[[7.717299954186867,8.575959162013097],[7.717434586567676,8.575959609427212],[7.71766551336903,8.575922084681885],[7.717646601216934,8.575826291701212],[7.717647243296717,8.575634833541692],[7.717281684394195,8.575671910896249],[7.71724302534629,8.575729220496278],[7.717031331845269,8.575766808932233],[7.717088324794003,8.575977604650458],[7.717299954186867,8.575959162013097]],[[7.719622812213614,8.577268805716598],[7.719526966440517,8.577172757493585],[7.719353289767849,8.577344495541421],[7.719449135527583,8.577440543806663],[7.719565112373791,8.577268614271523],[7.719622812213614,8.577268805716598]],[[7.718555599381927,8.591529053972183],[7.718632213948283,8.591625038891312],[7.718765630713728,8.591989257011386],[7.718976819293825,8.592104835427387],[7.719303861942063,8.592086776717183],[7.719439078287799,8.591914911945919],[7.719669693802856,8.591973116492452],[7.71978522637839,8.591935208361894],[7.719784841032495,8.592050083257481],[7.719860813805629,8.592337526152761],[7.719840873291063,8.592548066214338],[7.719705978006113,8.592624202041513],[7.719397976167724,8.592699762403798],[7.719129149241652,8.592564846495353],[7.719454843121308,8.592948849779752],[7.719453943632875,8.593216891152863],[7.719569348126664,8.593217274773945],[7.719568834166497,8.59337044127809],[7.719722835370423,8.593332661100135],[7.71951254532703,8.59294904158854],[7.720916632744665,8.592953706273438],[7.720878742170623,8.592781266132485],[7.720705635540747,8.592780691305169],[7.720706149008911,8.592627524728016],[7.720667937624235,8.592550813692474],[7.720340894468295,8.592568873511825],[7.720033470672329,8.592472122051952],[7.720053218432565,8.592319019416408],[7.720110920556622,8.592319211121639],[7.720303260979793,8.592319850076702],[7.720458609730808,8.591880007291413],[7.720420398452201,8.59180329624666],[7.720402576621892,8.591382024303952],[7.720326025789595,8.591266893857002],[7.720114195096343,8.591342774375454],[7.719902621188939,8.59134207149509],[7.719844598133581,8.591437608865185],[7.719690597727239,8.591475389209243],[7.719556280917229,8.591379212706464],[7.719248215861215,8.591473918909085],[7.718959705990915,8.591472959744205],[7.718632535343165,8.591529309852934],[7.718555599381927,8.591529053972183]],[[7.717819304539584,8.593134869609129],[7.718031007909275,8.593097282175808],[7.718108265753044,8.59300180919629],[7.718070376487767,8.592829368964669],[7.717897334352254,8.592809647071473],[7.717781672732369,8.592885846167697],[7.717724485246538,8.592732487704115],[7.717512910767457,8.592731783398708],[7.717723069878123,8.593153695292779],[7.717819304539584,8.593134869609129]],[[7.717205166102736,8.592730758747182],[7.716993398557345,8.592787491539248],[7.717012117638915,8.592940721951807],[7.717339096501496,8.592941810826122],[7.717339418270715,8.592846081842932],[7.717205166102736,8.592730758747182]],[[7.714644513006733,8.610585425762538],[7.714664329527921,8.61041317823954],[7.714548855424317,8.610431938142957],[7.714509997819279,8.610546684063827],[7.714317390078569,8.6106226238914],[7.714317066874096,8.610718352672485],[7.714182228451443,8.610775339633136],[7.714123747841453,8.61100489568416],[7.71433565538964,8.610909874560035],[7.714354243909745,8.611101396447575],[7.714431054415984,8.611139945260568],[7.714547627476168,8.610795707545266],[7.714644254510363,8.610662008797464],[7.714644513006733,8.610585425762538]],[[7.714973121834771,8.610107874831286],[7.714953434698883,8.610241830872845],[7.715396289672537,8.61010928894641],[7.715396806326793,8.609956122826466],[7.714973121834771,8.610107874831286]],[[7.716031041564377,8.61011140924638],[7.71599211987754,8.610245301158544],[7.716049308213144,8.610398660027005],[7.716261215077985,8.610303637718301],[7.716261860474346,8.610112180004903],[7.716108239383949,8.610035083100003],[7.716031041564377,8.61011140924638]],[[7.71497454307874,8.609686668068626],[7.715148109132117,8.609553226253118],[7.715225048626888,8.609553483348137],[7.715243120932643,8.609898171374097],[7.715397452131201,8.60976466517478],[7.715551266651619,8.609784325028599],[7.715571728364728,8.609420619717344],[7.715186901820771,8.609457625982879],[7.715187353932706,8.60932360563452],[7.71505277449526,8.609304009943747],[7.71486016748794,8.609379950156203],[7.714802075258517,8.609494631852098],[7.714859198414596,8.609667136577938],[7.71497454307874,8.609686668068626]],[[7.71605208380094,8.609575391918279],[7.715897688325388,8.609728044195709],[7.715993475467426,8.60984323999953],[7.716206091931544,8.609537614189389],[7.71605208380094,8.609575391918279]],[[7.716956510386312,8.609463535032116],[7.716936630496306,8.609654928617807],[7.71714782737025,8.609770509287388],[7.717109938008732,8.609598068926688],[7.717168029614991,8.609483386783031],[7.716956510386312,8.609463535032116]],[[7.716630033523275,8.60930927755615],[7.716609830905642,8.609596399976693],[7.716763516473662,8.60965435089611],[7.716840714061914,8.609578024565764],[7.716841875140984,8.60923340058867],[7.716707295563868,8.609213805469276],[7.716630033523275,8.60930927755615]],[[7.72261144385023,8.609520655374636],[7.722515782967234,8.609367169298979],[7.722400373451865,8.609366785846905],[7.722361454024614,8.609500678747665],[7.72249584162024,8.609577709401085],[7.72261144385023,8.609520655374636]],[[7.716322856347138,8.609135938282042],[7.716245142505564,8.609365430685067],[7.716533730125119,8.609347248093908],[7.716553868242259,8.609079271454892],[7.716322856347138,8.609135938282042]],[[7.717093734139922,8.608698153151726],[7.717035771647653,8.608774543745826],[7.717112324123924,8.60888967511485],[7.717246839150443,8.608928415859078],[7.717459325156494,8.608661080683161],[7.71763256769278,8.608623366459105],[7.717671681943577,8.60843203690998],[7.717460807873533,8.608220727694325],[7.717634179113189,8.608144721871987],[7.717845697709855,8.608164573149244],[7.71788474733444,8.607992389337197],[7.717750554763118,8.607857919929053],[7.718000865009444,8.607782170429312],[7.718078384096069,8.607610114813594],[7.717924441284721,8.607628747651232],[7.717847051011098,8.607762511653627],[7.717500695656006,8.607799648769966],[7.717577183677974,8.60793392582749],[7.717229925524844,8.608239103603879],[7.717209659051769,8.608545371926207],[7.717093734139922,8.608698153151726]],[[7.726751820963842,8.6080792873992],[7.726808437715518,8.608404957940035],[7.726904484251868,8.60844356805414],[7.726923015254963,8.608654236116235],[7.726999890935233,8.60867363668252],[7.726905380116133,8.608175526110651],[7.726847995398233,8.608079605809529],[7.726887297024025,8.607830837073733],[7.726675777406276,8.6078109907291],[7.726751820963842,8.6080792873992]],[[7.714960217470199,8.608231525813828],[7.71509460277637,8.60830855877514],[7.715229633910733,8.608194134042526],[7.715249385313073,8.608041032177315],[7.71488385958916,8.60805895683801],[7.714806791213513,8.608096991243988],[7.714690736400279,8.608288063149898],[7.714786458234752,8.608422404918194],[7.714959765336575,8.608365546157785],[7.714960217470199,8.608231525813828]],[[7.727178378970732,8.607065957863856],[7.727275064859429,8.606913109272911],[7.727140548977664,8.60687437198858],[7.727141060714032,8.60672120513762],[7.72704552631699,8.606529428292133],[7.726814964526365,8.606452080905042],[7.726890752137951,8.606796960959029],[7.726736617609641,8.606873034996628],[7.726563440189445,8.606891607722268],[7.726447647223269,8.607006100700167],[7.726272869393232,8.607503319520314],[7.726195545857337,8.60761793978714],[7.726195225751822,8.607713669029343],[7.726117966168994,8.607809143422012],[7.726117517982844,8.607943164355573],[7.72629050382555,8.60798202945107],[7.72648310864929,8.607906083070004],[7.726656798528873,8.607734343635181],[7.72677239971906,8.607677288179875],[7.726965644131111,8.607409882976274],[7.726927750258365,8.607237442948335],[7.727120098719042,8.607238079595213],[7.727235699698704,8.607181023967183],[7.727236083487058,8.607066148826645],[7.727178378970732,8.607065957863856]],[[7.714135189115831,8.607616096845645],[7.714059284116403,8.607309507470802],[7.713905341470284,8.607328138688418],[7.713865643817359,8.607691779406876],[7.713942388985547,8.60774947397223],[7.71394206579632,8.607845202753424],[7.714018746370947,8.607922043066017],[7.714211417327704,8.607826957427728],[7.714134995234858,8.607673534119183],[7.714135189115831,8.607616096845645]],[[7.719677575298901,8.60681130942613],[7.719697324792912,8.606658207049371],[7.719851846206069,8.606467261213012],[7.719756122787704,8.606332920502867],[7.719659241318806,8.606543204190942],[7.719447787719742,8.606504208228717],[7.719332186138345,8.606561261377053],[7.719159588284059,8.606407518564474],[7.718986668706457,8.60634950467229],[7.71889133190873,8.606100289023958],[7.718718412522375,8.606042275036618],[7.718661416605987,8.60583147908865],[7.718469262678131,8.605773400938952],[7.718295892698925,8.605849407329366],[7.718449190810654,8.606022232154084],[7.718448804420713,8.606137106905548],[7.718601651957036,8.606443952243248],[7.718599848882997,8.606980034431144],[7.718446035136189,8.606960375937186],[7.71842589866846,8.6072283529154],[7.71823348644974,8.607246857710907],[7.71809845643992,8.607361283685508],[7.718097876602843,8.607533595776726],[7.718232455742418,8.6075531903345],[7.718212834415878,8.607668000959084],[7.718385689979114,8.60774516105556],[7.718539697249285,8.607707382245957],[7.718654784083625,8.607803495742061],[7.718731980918815,8.60772716891435],[7.71882931399033,8.60738286503756],[7.718944980275095,8.607306666295866],[7.719098601088267,8.607383762000698],[7.719271778604849,8.607365192723545],[7.719272357899522,8.607192880551347],[7.719426815400768,8.607021080752144],[7.719465284956905,8.607021208836176],[7.719504140625824,8.606906462122561],[7.719619870991895,8.606811117335134],[7.719677575298901,8.60681130942613]],[[7.713560861555549,8.606810045388455],[7.71352206885119,8.606905645487082],[7.713637153984544,8.607001760267897],[7.713752756309206,8.606944708977718],[7.713695892472867,8.6066956211755],[7.713560861555549,8.606810045388455]],[[7.714753866783066,8.606680011950068],[7.714829966072151,8.606929163969882],[7.714906646695114,8.607006004108166],[7.715022184310367,8.606968098173796],[7.715100091863412,8.606681168728338],[7.715119972286002,8.606489775321391],[7.714831322358336,8.606527102925762],[7.714753866783066,8.606680011950068]],[[7.716349833428114,8.606838509593599],[7.716215254729962,8.606818914427311],[7.716214674078344,8.606991226395731],[7.716445684631627,8.606934559439138],[7.716349833428114,8.606838509593599]],[[7.723063923715201,8.606516230406378],[7.722910173835694,8.606477427866459],[7.722928766842818,8.606668949981458],[7.723043918875986,8.606745916459003],[7.723179075740009,8.606593196841288],[7.723063923715201,8.606516230406378]],[[7.723699184629778,8.60636517052922],[7.723775738939364,8.606480300808997],[7.72381350304778,8.606691032598711],[7.723987000948496,8.606576731952977],[7.724102473808352,8.606557968971918],[7.724103050863437,8.606385656466237],[7.724046180061327,8.606136569209768],[7.724104333165149,8.606002739781296],[7.723989501665749,8.60583004445142],[7.723701044531897,8.605809941420663],[7.723546974123455,8.60586686831846],[7.72343118074084,8.60598136030724],[7.723449645730305,8.606211174095222],[7.723564541194232,8.60636472373403],[7.723699184629778,8.60636517052922]],[[7.713774317980142,8.606255526081934],[7.713870039052897,8.606389867969748],[7.714004940479265,8.60631373512668],[7.713986481259646,8.60608392171947],[7.713910124134879,8.605911352659499],[7.713813627584582,8.606006759879952],[7.713774317980142,8.606255526081934]],[[7.715833012132478,8.606090090864203],[7.715659448031465,8.606223533278982],[7.71577459815284,8.606300501700744],[7.715947775109774,8.606281933871328],[7.715967655062332,8.606090540351156],[7.715833012132478,8.606090090864203]],[[7.714217426765268,8.60604640182694],[7.714217103710039,8.606142130626973],[7.714409450658735,8.606142773548545],[7.714524600450059,8.60621974230431],[7.714755416865269,8.606220513621071],[7.714794532092814,8.606029184517112],[7.714679188525959,8.606009653132704],[7.714603154023568,8.605741355349645],[7.714160756496091,8.605739876777497],[7.714064066198111,8.605892721354508],[7.714217426765268,8.60604640182694]],[[7.716335372054209,8.60542165797898],[7.716315363364039,8.605651343109418],[7.71643006200807,8.605862331770012],[7.716603367752586,8.60580547205456],[7.716566317126186,8.605384136581641],[7.716335372054209,8.60542165797898]],[[7.724090034786698,8.604528446680503],[7.724070351366894,8.604662403737658],[7.724224164825111,8.604682059891068],[7.724339829369962,8.60460585923892],[7.724321299681995,8.604395191245775],[7.724225574936479,8.604260851480044],[7.724149918173071,8.603877679607491],[7.723938336978409,8.603876977928765],[7.72384158671176,8.604048971455958],[7.7240334846109,8.604183630262021],[7.724090034786698,8.604528446680503]],[[7.716802419755137,8.603814952560212],[7.716840115394485,8.604044830242497],[7.716897625836568,8.604102460035763],[7.71710920657195,8.604103165604053],[7.717244171084864,8.604007885617264],[7.717244751066787,8.603835573552391],[7.717071381863962,8.603911579491603],[7.716898205981624,8.603930147995223],[7.716802419755137,8.603814952560212]],[[7.722344364410895,8.603124992569743],[7.722498112896691,8.60316379513665],[7.722575307998135,8.603087467269608],[7.722709950223773,8.603087914242112],[7.72269129307672,8.602915537950325],[7.72255652257668,8.602953382631954],[7.722249154155576,8.602837485862775],[7.722171252987219,8.603124417715254],[7.722344364410895,8.603124992569743]],[[7.716266043721536,8.603162199516515],[7.716131724271291,8.603066021398662],[7.715939314243265,8.603084525341895],[7.715938669219606,8.603275983100756],[7.716342595065456,8.60327733087205],[7.716266043721536,8.603162199516515]],[[7.723210563069728,8.602936407367798],[7.723036938516251,8.603088999550746],[7.723036361203619,8.60326131201398],[7.723132341856688,8.60331906866559],[7.723229220455041,8.603108783668636],[7.723325265240629,8.603147394439803],[7.723729769113207,8.602976421927208],[7.723844920337139,8.60305338804014],[7.723922115182957,8.602977059859771],[7.724133439518563,8.603054344825111],[7.724364254887673,8.603055110097426],[7.724364062652224,8.60311254761528],[7.724633091055062,8.60319002362908],[7.724748690979875,8.603132968612424],[7.724921738531145,8.603152688151484],[7.724979826690055,8.603038004303214],[7.72515313037968,8.602981140352824],[7.725326241940298,8.602981713856511],[7.725364583122399,8.60302013298492],[7.725692019772082,8.602887195084072],[7.725999709659938,8.60290736000211],[7.726115501314145,8.602792866973695],[7.726153970544271,8.602792994326721],[7.726519876032662,8.602660182998411],[7.726654902073973,8.602545753427497],[7.72665502999242,8.602507461713541],[7.7268857813103,8.60252737128405],[7.727174364369564,8.602509179870516],[7.727194430082261,8.602260347297582],[7.727079022508017,8.602259965562425],[7.726732288186096,8.602411987011406],[7.726424534599705,8.60241096858678],[7.726308871110508,8.60248717003201],[7.72592379514481,8.602600771637508],[7.725827622127747,8.602600453197274],[7.725789920950462,8.602370575607882],[7.725635276104699,8.602599816244743],[7.725346629046605,8.602637152329995],[7.725230645151575,8.602809082639347],[7.725057597717325,8.602789363259314],[7.724884037907766,8.602922810551348],[7.72419165604972,8.602901369451391],[7.724114973984542,8.602824530995461],[7.724134785372743,8.602652282231498],[7.724231342828048,8.602537726064014],[7.724212428648348,8.602441933100081],[7.724001040520349,8.602383794060183],[7.723982126402158,8.602288001093736],[7.723712906494151,8.60226796223899],[7.723712585967196,8.60236369141483],[7.723558068228158,8.602554639367485],[7.723557555303697,8.602707806037033],[7.723884351078759,8.602766328086055],[7.723615066738091,8.602765434948843],[7.723537807770723,8.602860908899014],[7.723325970674234,8.602936790292798],[7.723210563069728,8.602936407367798]],[[7.714443023055949,8.601892478290212],[7.714250419938961,8.601968418757966],[7.714230475078299,8.602178957898207],[7.714326195517625,8.602313299573355],[7.714402358640209,8.60254330579874],[7.714594703786808,8.60254394836102],[7.714710046322608,8.602563479619509],[7.71476833087749,8.602391360442827],[7.714941570557365,8.602353647040127],[7.714961385966637,8.602181399347574],[7.714884770704994,8.602085413573368],[7.7150394856632,8.60183703239685],[7.71486637532123,8.601836454342308],[7.714635884336787,8.601739954644675],[7.71459689891182,8.601892992292886],[7.714443023055949,8.601892478290212]],[[7.71574961355916,8.602298906639323],[7.715884771127888,8.602146189747614],[7.715846818106393,8.601992895167347],[7.715500532667461,8.602010885459634],[7.715289082279248,8.60197188763291],[7.715269137984005,8.6021824269112],[7.715268879869167,8.602259009998345],[7.715306703603525,8.602450596147067],[7.715480007813349,8.602393736724967],[7.715653118450206,8.602394314540655],[7.71565344100205,8.602298585667857],[7.71574961355916,8.602298906639323]],[[7.722617434450177,8.601996282857845],[7.722386299030292,8.602091245758892],[7.722366294413001,8.60232093180195],[7.722558447558498,8.60237900784715],[7.722635578308031,8.6023218257671],[7.722655454451325,8.602130431341259],[7.722617434450177,8.601996282857845]],[[7.728621047202107,8.601288613028354],[7.728697730044247,8.601365450679284],[7.728697219256451,8.601518617665773],[7.728831669722509,8.601576500038599],[7.728947460187844,8.60146200596758],[7.72915904045603,8.601462704697497],[7.729102294153406,8.601175325999565],[7.72900637669931,8.601098424902142],[7.728602131903114,8.601192820122657],[7.728621047202107,8.601288613028354]],[[7.723102530717632,8.600734253838164],[7.723217681176384,8.60081122003027],[7.723197741356192,8.601021760381764],[7.723389958175835,8.601060690104415],[7.723390406956941,8.600926669265975],[7.723313981871746,8.60077324738948],[7.723102530717632,8.600734253838164]],[[7.72285453467686,8.60012075760995],[7.722911532616536,8.600331553211598],[7.723142217988576,8.600370610641953],[7.723238646798984,8.600294346336854],[7.723278333834501,8.59993070309289],[7.723490489665407,8.599759092291508],[7.723491002438348,8.599605925602573],[7.723414385199479,8.599509941275777],[7.723260445665353,8.599528576773073],[7.723182738610285,8.599758071587022],[7.72285453467686,8.60012075760995]],[[7.728221592158792,8.599947067511547],[7.728221336713201,8.600023650996356],[7.728125036526588,8.600061624965571],[7.728105035610473,8.600291311849842],[7.728143313014554,8.600348876578181],[7.728335913522818,8.60027292862531],[7.728336488237216,8.60010061577857],[7.728394702549235,8.599947639434818],[7.728529343972284,8.599948084210236],[7.728702390546916,8.599967801870006],[7.728683858265189,8.599757133719534],[7.72852985473284,8.599794917221304],[7.728452469864817,8.599928684185642],[7.728394766401578,8.599928493562274],[7.728318147731458,8.599832510024196],[7.728221592158792,8.599947067511547]],[[7.723453687309041,8.599261172980787],[7.723357515227195,8.599260854046177],[7.723395343070227,8.59945243998018],[7.723510813722375,8.599433676859446],[7.723683539048285,8.599549125893489],[7.723818116003613,8.599568718134746],[7.723778621814944,8.599874924007496],[7.723816129473521,8.60016223912456],[7.723989239663745,8.60016281304304],[7.724047199351279,8.600086420972524],[7.724258778451356,8.60008712228475],[7.724373736849849,8.600221525665562],[7.724374697678644,8.599934338030414],[7.724029438521495,8.599646002891902],[7.724029694797498,8.599569419530987],[7.724145549856662,8.599435781173373],[7.724030527678156,8.599320523605869],[7.723857353791932,8.59933909560093],[7.723703670656345,8.599281147936527],[7.723531073613565,8.599127407252881],[7.723550948911097,8.598936012659957],[7.723493822520135,8.59876350879115],[7.723359117683819,8.598782208151672],[7.723281090391454,8.599107432200896],[7.723453943689017,8.599184589635604],[7.723453687309041,8.599261172980787]],[[7.724567298439051,8.599858392041101],[7.724451379308006,8.600011176368668],[7.724624361388005,8.600050041680026],[7.724702644028989,8.59964823385418],[7.724548640381673,8.599686015711791],[7.724567298439051,8.599858392041101]],[[7.725262043157247,8.599171435233297],[7.725089061355598,8.599132570255499],[7.725088613266436,8.599266591195452],[7.725223254275257,8.599267037092098],[7.725376745727448,8.599382421734218],[7.725434897013848,8.599248591840654],[7.725262043157247,8.599171435233297]],[[7.726801884426821,8.598851047994929],[7.726935758360167,8.599081243622429],[7.727089633835655,8.599081752465633],[7.726917290956862,8.598851429663084],[7.726801884426821,8.598851047994929]],[[7.728919522313568,8.598302809294706],[7.728842265587337,8.598398284656584],[7.728764115286538,8.598761802269323],[7.728937225175591,8.598762373870477],[7.728918692723322,8.598551705708132],[7.729034354496108,8.598475503213729],[7.729054290797028,8.59826496204401],[7.728919522313568,8.598302809294706]],[[7.721340534498702,8.59846917222019],[7.721225192537212,8.598449643077046],[7.72124346387888,8.598736894271614],[7.72141689421377,8.598641740144668],[7.721340534498702,8.59846917222019]],[[7.725938062690622,8.59833124628272],[7.72599512624295,8.59852289580027],[7.726110468680927,8.598542423552653],[7.72611104428334,8.598370110840124],[7.725938062690622,8.59833124628272]],[[7.726303580044471,8.598313309668809],[7.726360707730729,8.598485813299916],[7.726475858378357,8.598562778522666],[7.726533945201531,8.59844809424321],[7.726668585997433,8.598448539592356],[7.726900037961693,8.598257844309074],[7.726804569109194,8.598046921785375],[7.726592671285969,8.59814195134158],[7.726438860156398,8.59812229649523],[7.726303580044471,8.598313309668809]],[[7.727900034953741,8.598318588081318],[7.727707690934901,8.59831795247853],[7.727668519481931,8.598528429901334],[7.727841756929785,8.598490710240004],[7.727900034953741,8.598318588081318]],[[7.729036523924129,8.597824543324366],[7.728959139720349,8.59795831048785],[7.729035694457068,8.598073439755309],[7.729305677764135,8.597863723924304],[7.729306379456061,8.597653119227736],[7.729210271353968,8.597633655933071],[7.729036523924129,8.597824543324366]],[[7.725344292349893,8.597582584344082],[7.72565204190983,8.597583603064946],[7.725614085001553,8.597430308904904],[7.725325441932971,8.597467645553898],[7.725344292349893,8.597582584344082]],[[7.72850185459742,8.596654866649148],[7.728232127232706,8.596787998491621],[7.728154934558477,8.596864327868634],[7.728211871482317,8.597094268949949],[7.728404023429959,8.597152341837399],[7.728480003399589,8.597439784053787],[7.728653112669479,8.597440355695475],[7.728731134989032,8.597115129812773],[7.728732219808853,8.59678964988643],[7.728732538865396,8.596693920495264],[7.728732857918254,8.596598191103608],[7.728617707250972,8.596521226568486],[7.728502046063425,8.596597429019262],[7.72850185459742,8.596654866649148]],[[7.729211419622842,8.597289030073437],[7.728999905467748,8.59726918582894],[7.729037799978653,8.597441625731873],[7.729230207446877,8.597423114724771],[7.729211419622842,8.597289030073437]],[[7.722404068519297,8.596787851362949],[7.722366241255811,8.596596265417041],[7.72248222401272,8.596424335829791],[7.722482865231121,8.596232877510943],[7.722386886326443,8.596175120951463],[7.722327516180054,8.596672721098361],[7.722192876239564,8.596672274322803],[7.722211340849484,8.59690208810355],[7.722172487419936,8.59701683541682],[7.722364445566025,8.597132348670335],[7.72242259738332,8.596998519320875],[7.72240381200109,8.596864434686156],[7.722404068519297,8.596787851362949]],[[7.725365958085394,8.596855105622762],[7.725307743279865,8.597008081424153],[7.725326593688983,8.597123020213782],[7.725461169975229,8.597142611770364],[7.725538555095362,8.597008845459102],[7.725365958085394,8.596855105622762]],[[7.713596525335952,8.596241586023984],[7.713615501260208,8.59631823333889],[7.713903626870437,8.596434071647533],[7.713942547129793,8.596300179753875],[7.714288956271795,8.596243898566621],[7.714097453359594,8.595994361321528],[7.714078735502044,8.595841130940881],[7.713905886140053,8.595763969782794],[7.713772215269747,8.595476333604651],[7.713599172462272,8.595456609638722],[7.713560187653529,8.595609647263757],[7.713713415349559,8.595801618911793],[7.713712898881621,8.595954785042483],[7.713520234279517,8.596049871351882],[7.713596525335952,8.596241586023984]],[[7.717367008830206,8.596081849337175],[7.717500811485603,8.596331193098774],[7.717693475542987,8.596236104673617],[7.717636159064979,8.596121037745807],[7.71752075378065,8.596120653416861],[7.71750222763063,8.595909985616228],[7.71731001436577,8.595871053410615],[7.717367008830206,8.596081849337175]],[[7.71229008727548,8.59579686211787],[7.712174746967322,8.595777330446666],[7.712135567641658,8.59598780509903],[7.712308675142543,8.595988383991036],[7.71229008727548,8.59579686211787]],[[7.729658847260917,8.59577796497398],[7.729619932365789,8.595911859274258],[7.729850297660208,8.596046641839713],[7.729850871403982,8.595874328853558],[7.729755082453958,8.595759136320224],[7.729658847260917,8.59577796497398]],[[7.720775061713683,8.595021007909738],[7.720890210044399,8.595097974499684],[7.721081589168558,8.595385800607403],[7.721216228596403,8.595386247705086],[7.721235912038322,8.595252290807638],[7.721389785626206,8.595252801703058],[7.721390555637859,8.595023051804622],[7.720987664706079,8.594715377455708],[7.720871553591432,8.594925598227425],[7.720737363732321,8.594791130291329],[7.720565347688495,8.594465076341073],[7.720469112715767,8.594483902680453],[7.720468920088416,8.594541340136171],[7.720641513890829,8.59469508174483],[7.720641192879748,8.59479081084302],[7.72035229503927,8.594904727258296],[7.72019771516309,8.595114819945449],[7.72031267071034,8.595249224144894],[7.720466672670633,8.595211443773263],[7.72054399469332,8.59509682447011],[7.720717359166077,8.595020816244196],[7.720775061713683,8.595021007909738]],[[7.71812035991949,8.595127057154848],[7.718216273453217,8.595203960448893],[7.718466960851432,8.595013334549048],[7.718409515621143,8.5949365593274],[7.718563967676547,8.594764759098025],[7.718910182457217,8.59476591086314],[7.71896846349655,8.594593790529618],[7.718814526027827,8.594612424511904],[7.718642640410568,8.594248078341952],[7.718392532451723,8.594266392222064],[7.718411187778305,8.594438768451418],[7.718314888468821,8.594476740040232],[7.718198969064578,8.594629522399297],[7.718275198110574,8.594840382263353],[7.718236022232649,8.595050858055227],[7.71812035991949,8.595127057154848]],[[7.725948998296863,8.595057304659727],[7.726063828242379,8.595229999155316],[7.726410747534414,8.595020539753765],[7.726526600247722,8.594886900325738],[7.726565643835356,8.59471471474586],[7.726758688789041,8.594504746133019],[7.726701561245784,8.594332242586896],[7.72654787941694,8.594274296274492],[7.726413112282099,8.594312142824311],[7.726393238982004,8.594503537854264],[7.726450430303526,8.594656895564823],[7.7263534283633,8.594905473759116],[7.72612261774679,8.59490471039788],[7.725948998296863,8.595057304659727]],[[7.729719673926246,8.594840006853277],[7.729738206947035,8.595050675054647],[7.729891634778588,8.595185203761192],[7.730026465802506,8.595128210100649],[7.730046082457156,8.595013398187936],[7.729719673926246,8.594840006853277]],[[7.729835461821461,8.594725512140231],[7.72993156926717,8.594744975179848],[7.729913291068883,8.594457723414099],[7.729741075462281,8.594189110101283],[7.729663564916621,8.594361169349167],[7.729642991967923,8.594763169541357],[7.72975852487873,8.594725258402596],[7.729835461821461,8.594725512140231]],[[7.717778906336567,8.593709115548727],[7.717778327288694,8.593881427740206],[7.717701133505248,8.593957754812754],[7.717757935036838,8.594225988087047],[7.717989001810639,8.594150173199212],[7.717932200114904,8.593881939935809],[7.717952141846911,8.59367140015182],[7.717778906336567,8.593709115548727]],[[7.730507475609981,8.60663660064168],[7.730487794181159,8.606770558325206],[7.730602948101875,8.606847522765044],[7.730891853587622,8.606733599593687],[7.730873128965784,8.606580369050763],[7.730681737352204,8.606292546081457],[7.730547093575372,8.60629210173385],[7.730507603203026,8.60659830887833],[7.730507475609981,8.60663660064168]],[[7.71167024675314,8.585685715706743],[7.711613062507121,8.58553235680016],[7.711439636825323,8.585627507091244],[7.711437634330154,8.586221025620548],[7.711630100202916,8.586183376931869],[7.711650108916936,8.585953692083912],[7.711746470946672,8.585896576164808],[7.711785454884009,8.585743538609316],[7.71167024675314,8.585685715706743]],[[7.711098029590707,8.578561500042516],[7.711001798627207,8.578580324553554],[7.710962815546352,8.578733362146634],[7.711174123504872,8.578810651961142],[7.71119245301987,8.579078756903572],[7.711134236617218,8.57923173026515],[7.711230080410495,8.57932778032908],[7.711326892524477,8.579136643904757],[7.71146159025067,8.579117947801391],[7.711464688166283,8.578198951014729],[7.711772936590443,8.57804681237046],[7.711677351007889,8.577874179387523],[7.711658569422964,8.577740094792073],[7.711543621662925,8.577605689115284],[7.711408989015213,8.577605239561004],[7.711235631733323,8.577681244556368],[7.711389045880436,8.577815778769597],[7.71146539805679,8.577988347578144],[7.711311402939993,8.578026125275837],[7.711099062490818,8.578255167820469],[7.711098481489215,8.57842747969598],[7.711098029590707,8.578561500042516]],[[7.709651685256713,8.585391775632525],[7.709478129903347,8.585525216468154],[7.70959333755978,8.585583039970315],[7.709689958442508,8.585449341611188],[7.709844021397827,8.585392419293418],[7.709825305165785,8.585239188952453],[7.709651685256713,8.585391775632525]],[[7.710884704596118,8.584783229224932],[7.711019856611093,8.584630513279109],[7.711231619850714,8.584573783211683],[7.7111551377152,8.584439505752135],[7.710769884633149,8.584610531582044],[7.710750069455056,8.58478277906742],[7.710884704596118,8.584783229224932]],[[7.709424763258198,8.58424225842214],[7.709461613250059,8.584721030804458],[7.709577014721632,8.584721417039447],[7.7096921574976,8.58479838622769],[7.709903662263376,8.584818239927145],[7.71005888873164,8.584416693981897],[7.710251482990087,8.584340754360964],[7.710252387991682,8.58407271383675],[7.710156284882594,8.584053246418048],[7.710118722847856,8.583785077230573],[7.710003515590313,8.583727253948581],[7.709754190981814,8.58351581420122],[7.709754643616568,8.583381793960235],[7.709620526371355,8.583228177498448],[7.709466852366337,8.583170225376676],[7.709388301364307,8.583648611564302],[7.709445355137384,8.58384026213395],[7.709406888070319,8.583840133392767],[7.70942515136367,8.584127383949216],[7.709424763258198,8.58424225842214]],[[7.708733261476288,8.583971899984997],[7.708694341368707,8.584105791351506],[7.708982585681115,8.584183340348279],[7.709040609839771,8.584087804816647],[7.709213841121286,8.584050092814747],[7.709060684493662,8.58383897454956],[7.708849050954607,8.58385741195615],[7.708733261476288,8.583971899984997]],[[7.70673764112661,8.58258670429234],[7.70667968153801,8.582663093706918],[7.706678903805363,8.582892842419588],[7.707006067116629,8.582836501604735],[7.707006715060428,8.582645044318975],[7.707065128115004,8.582434634740277],[7.707142385819709,8.58233916399425],[7.706988842258959,8.582242919532801],[7.706737900352069,8.582510121385434],[7.70673764112661,8.58258670429234]],[[7.709353779757301,8.58248059231168],[7.70952642827784,8.582615191784765],[7.709508100144292,8.582347086958592],[7.709450917114486,8.582193727907471],[7.70923928448584,8.582212165667357],[7.709353779757301,8.58248059231168]],[[7.710203219150112,8.581545281481045],[7.71033765926567,8.581603168925948],[7.710318038116741,8.58171797914548],[7.710664175340596,8.581738282333543],[7.710837470064726,8.58168142365788],[7.710857284834715,8.581509176111508],[7.710799842932578,8.581432400227161],[7.710415174506623,8.581431114351659],[7.710357732712563,8.581354338416002],[7.710203219150112,8.581545281481045]],[[7.705300711832252,8.58093533282244],[7.705357568667583,8.581184420812404],[7.705511111334549,8.581280665804632],[7.70554990236356,8.581185066301153],[7.705416176830361,8.580916574414749],[7.705300711832252,8.58093533282244]],[[7.709880904760793,8.58016569383148],[7.709803066455791,8.580433477072308],[7.709591305508174,8.580490206674613],[7.709476616492468,8.58027921738673],[7.709207672865849,8.580182587771896],[7.709168494830619,8.580393062282901],[7.709167654132774,8.580641956996134],[7.709282989694718,8.58066148888489],[7.709262268979163,8.581101776723546],[7.709435369535336,8.581102355910218],[7.70947461221514,8.580872735619506],[7.709513078984535,8.580872864309786],[7.709609763103338,8.580720020016788],[7.710090597597357,8.580721628172903],[7.710186506027778,8.580798532750844],[7.710302423258434,8.580645752549454],[7.71030274632269,8.580550023771023],[7.710168306561071,8.580492136366411],[7.710169211209178,8.580224095797673],[7.71011170499629,8.580166465609503],[7.710112157326428,8.580032445326351],[7.71007453067977,8.579783421897995],[7.709920340879535,8.579878636170372],[7.709881357171811,8.58003167356056],[7.709880904760793,8.58016569383148]],[[7.708630284336455,8.580295531172832],[7.708553221544746,8.580333565115023],[7.708533276491758,8.580544103893375],[7.708744455324552,8.580659686595032],[7.708822359094781,8.580372757942776],[7.708823005940039,8.580181300494852],[7.708649970535327,8.58016157535154],[7.708630284336455,8.580295531172832]],[[7.707611370259567,8.580158097331058],[7.707456920815205,8.58032989344134],[7.707572061877627,8.580406863020798],[7.707649254241323,8.580330537819812],[7.707611370259567,8.580158097331058]],[[7.705092648043102,8.579900753981859],[7.705015195851989,8.580053661474526],[7.705399862068669,8.580054952528759],[7.705381471861719,8.579805993637988],[7.705496936509856,8.57978723515384],[7.705535792179221,8.579672489902197],[7.705208761339748,8.579690538412194],[7.705169775846412,8.579843575050974],[7.705035337362546,8.579785686006852],[7.705035661712967,8.57968995742397],[7.704901158430918,8.57965121405934],[7.704823576471768,8.57984241294137],[7.70499667615301,8.57984299403498],[7.705092648043102,8.579900753981859]],[[7.710672830860776,8.579172750681526],[7.710691418336965,8.579364272554258],[7.710883880671804,8.579326623725954],[7.710788359867198,8.57913484478507],[7.710672830860776,8.579172750681526]],[[7.709749502983468,8.579207955944545],[7.709922731957608,8.579170243277431],[7.710076404540283,8.57922819500162],[7.710134427512332,8.579132659129842],[7.710019738468257,8.57892167000494],[7.709885299300403,8.578863782587932],[7.709866647600954,8.578691406489114],[7.709770804336698,8.578595356157518],[7.709674444089848,8.578652471832225],[7.709808172281524,8.57892096259843],[7.70963507268766,8.57892038372505],[7.709423183311715,8.579015404860954],[7.709499340773575,8.579245411205353],[7.709749502983468,8.579207955944545]],[[7.708617325723849,8.578438329609543],[7.708502378995285,8.57830392315828],[7.708347995466747,8.57845657406868],[7.708194064734188,8.57847520470567],[7.708078859335202,8.578417381113043],[7.707809464402231,8.578454770933522],[7.707808946626854,8.5786079368442],[7.707904789327854,8.578703987590732],[7.707903947975246,8.578952882201145],[7.708018959343391,8.579068143084209],[7.708384521135164,8.579031075125163],[7.708519024743211,8.579069817296196],[7.708750082907231,8.578994006809074],[7.708731367052471,8.578840776476813],[7.708809205585212,8.578572993493877],[7.708655792235217,8.578438458349051],[7.708617325723849,8.578438329609543]],[[7.717095875877826,8.590911523834148],[7.716999320002904,8.59102607839608],[7.717267823229033,8.591256724521063],[7.717383484386623,8.591180525515492],[7.717288086680886,8.590950455786574],[7.717095875877826,8.590911523834148]],[[7.719615267423102,8.590996488156346],[7.719403501040759,8.59105322247224],[7.719421964178275,8.591283036166297],[7.71963424449594,8.59107313533414],[7.719615267423102,8.590996488156346]],[[7.717924800686905,8.590359048389278],[7.717886718674766,8.5902440455775],[7.717733554762364,8.590032929753136],[7.717772665676009,8.589841599727086],[7.717580069417299,8.589917542897743],[7.717484157206591,8.589840639638451],[7.717349198279872,8.58993592052169],[7.71748332099024,8.590089535046632],[7.717540508135013,8.590242893494143],[7.717732139855276,8.590454137402164],[7.717924221933992,8.590531360620519],[7.717924800686905,8.590359048389278]],[[7.725678705491064,8.589599780095583],[7.725409174556911,8.589675473009825],[7.725485662901613,8.589809748494138],[7.725678513758523,8.589657217682984],[7.725678705491064,8.589599780095583]],[[7.723276128093162,8.589094030337792],[7.723255677627022,8.589457737667615],[7.723390827268147,8.58930501693533],[7.723276128093162,8.589094030337792]],[[7.725352431610164,8.589388094254526],[7.725564004886301,8.58938879398481],[7.725468410483557,8.58921616318904],[7.725237859105268,8.589138816360672],[7.725237091943632,8.589368566675125],[7.725352431610164,8.589388094254526]],[[7.72416229537406,8.588675751636302],[7.724373356399701,8.588829618790777],[7.724316422373869,8.588599677562765],[7.72416229537406,8.588675751636302]],[[7.721470257679917,8.588456224105862],[7.72168144550123,8.588571800893325],[7.7217771020338,8.588725286526454],[7.721911739148986,8.588725733037508],[7.721797040983479,8.58851474613844],[7.721682022424734,8.588399488390461],[7.721470257679917,8.588456224105862]],[[7.7153742274971,8.588110471680242],[7.715277607580965,8.588244171640765],[7.715296261586646,8.588416547823586],[7.715507833489687,8.58841725299472],[7.715661897187054,8.58836032840816],[7.715547009608146,8.5882067775308],[7.7153742274971,8.588110471680242]],[[7.715797306600174,8.588131027560756],[7.716047410368614,8.588112714788249],[7.716067223593319,8.587940466732897],[7.715818343371303,8.587595009520495],[7.715818922873573,8.587422697405838],[7.715434054430399,8.58747885301091],[7.71541411215838,8.587689392573857],[7.715663571627168,8.587862537900794],[7.715663120826274,8.587996558423301],[7.715797306600174,8.588131027560756]],[[7.721551295791008,8.587231145983363],[7.721704973888263,8.58728909378505],[7.721821530226912,8.586944851420858],[7.721898657602635,8.586887669003948],[7.721956935632302,8.586715547776333],[7.722130423994989,8.586601246606376],[7.722227233443539,8.586410106984234],[7.722342571951607,8.586429635314449],[7.722495673485061,8.586659895348179],[7.722668265142132,8.586813635707903],[7.72266794493782,8.5869093649212],[7.722898110104409,8.587101588088537],[7.722897725914844,8.587216463153066],[7.723089999955084,8.587236246186839],[7.723090448109302,8.5871022252682],[7.722936705762351,8.587063423843233],[7.72278353977618,8.586852309770395],[7.722784244152288,8.586641705490345],[7.722630245868701,8.58667948734435],[7.722496185864159,8.586506728615028],[7.722400977789706,8.586219222293677],[7.722131705282242,8.586218329824796],[7.722035728739041,8.58616057352461],[7.722034703644008,8.586466906939894],[7.721822491469203,8.586657663875267],[7.721667403593959,8.587020924527776],[7.721551295791008,8.587231145983363]],[[7.716550706865545,8.587157090541563],[7.716646103490414,8.587387160292636],[7.716992246989717,8.5874074585987],[7.717242736235058,8.587274270163311],[7.717051620744519,8.586909859849477],[7.716705284660847,8.586946999055396],[7.716531794862786,8.587061297519817],[7.716550706865545,8.587157090541563]],[[7.71570860698274,8.585909795468941],[7.715747074353901,8.585909923612244],[7.715823429701632,8.586082492015827],[7.715958001198883,8.58610208626243],[7.715863248957568,8.585680558508558],[7.715651807307797,8.585641562173171],[7.715632895555791,8.585545769144167],[7.715498453063834,8.585487883234604],[7.715478704270372,8.585640985473216],[7.71570860698274,8.585909795468941]],[[7.722133050570055,8.58581626719576],[7.722324939515514,8.58595092554982],[7.722421940794862,8.585702348308384],[7.722306986791137,8.585567944985694],[7.722152988937277,8.58560572670748],[7.722133050570055,8.58581626719576]],[[7.714824373020188,8.585753680836895],[7.714997476064061,8.585754257838099],[7.71511339338456,8.585601476166334],[7.715056078863531,8.585486409141696],[7.715056916206533,8.585237513912045],[7.715211107394208,8.585142297741303],[7.715307919571328,8.584951160297],[7.715231500224236,8.584797737637757],[7.71527041824458,8.584663845288247],[7.715116549294309,8.584663332575648],[7.714865352772803,8.585007123434451],[7.714691799087009,8.585140566914776],[7.714595115429849,8.58529341258313],[7.714594599956262,8.585446578850375],[7.714709744163696,8.585523546718228],[7.714709228722047,8.585676712990571],[7.714824566296369,8.585696243482532],[7.714824373020188,8.585753680836895]],[[7.720159482831227,8.583569634072203],[7.720005614025827,8.583569123374886],[7.719756539648764,8.583281105997871],[7.719334299360453,8.583011659539146],[7.719161774944769,8.582838772285038],[7.719122986889214,8.582934373627632],[7.719257365093836,8.583011404050039],[7.719756154688191,8.583395980943603],[7.719928423012672,8.583645451304491],[7.720159290405616,8.583627071553385],[7.720159482831227,8.583569634072203]],[[7.727145818708446,8.582233384924136],[7.727088436869375,8.582137465092531],[7.726953738013154,8.582156166607442],[7.726934887178273,8.582041227846913],[7.726800698732331,8.581906762284701],[7.726762614384296,8.581791760033239],[7.726512514287389,8.581810080445754],[7.726300689846739,8.581885965347473],[7.726204202902773,8.581981377132005],[7.725954166546285,8.581980551288025],[7.725857615656248,8.582095108840553],[7.725876083087351,8.582324922833958],[7.72593365614691,8.582363405190163],[7.725931932326551,8.582880343715495],[7.726181841599971,8.58291946140558],[7.726277435193934,8.583092091896333],[7.726238138100864,8.583340861194035],[7.726064460785165,8.58351260224202],[7.72594893122812,8.583550512735174],[7.725890336322508,8.583818364276608],[7.726024141867272,8.58406770541764],[7.726080885133126,8.584355084109596],[7.726215584778594,8.58433638302106],[7.72642766598998,8.584183914882475],[7.726427857485894,8.584126477261998],[7.726370539462247,8.584011411444315],[7.72665949126449,8.583878343111056],[7.726736808812499,8.583763721892414],[7.726890805713032,8.583725938161068],[7.727122375158395,8.58349694952701],[7.727219436419224,8.58322922462022],[7.727220584530974,8.582884598771201],[7.727163075027805,8.582826970697527],[7.727183201607996,8.58255899184751],[7.727145627363305,8.582290822566332],[7.727145818708446,8.582233384924136]],[[7.718756008235846,8.583392659335127],[7.71858341975566,8.583238917654283],[7.718487316116782,8.583219452280037],[7.718467247624641,8.58346828395514],[7.718274911798217,8.583467644737517],[7.718139570057024,8.583677801159048],[7.718291447406664,8.584271832799379],[7.718522315116402,8.584253454096325],[7.718657592697241,8.58406244336087],[7.718657721138239,8.584024151730206],[7.718754146065078,8.58394788801166],[7.718869483516695,8.58396741724864],[7.718889294997409,8.583795168793682],[7.719178055828604,8.58371954388278],[7.719159078997795,8.583642896721086],[7.718986105028895,8.583604030092001],[7.718794475399664,8.583392787137232],[7.718756008235846,8.583392659335127]],[[7.715503925659374,8.583860491005408],[7.715541813438078,8.584032931266432],[7.715715173221538,8.583956924658034],[7.71560035105289,8.583784228161566],[7.715600801651376,8.583650207613164],[7.715485400228931,8.583649823228363],[7.715427055718666,8.58384108893597],[7.715503925659374,8.583860491005408]],[[7.727583217561875,8.583728223496623],[7.727448263019816,8.583823508630607],[7.727428646672562,8.583938320445883],[7.727543793623681,8.584015284797882],[7.727679003290485,8.583843416105328],[7.727583217561875,8.583728223496623]],[[7.717043319884109,8.583655009511236],[7.716928368520607,8.583520604938501],[7.71675468754451,8.583692341165769],[7.716965421006035,8.58394194058871],[7.717158721378886,8.583655393430124],[7.717043319884109,8.583655009511236]],[[7.723294177897205,8.583694901272786],[7.723544087169103,8.583734020709565],[7.723698212115456,8.583657946590877],[7.72356492006622,8.583255438057073],[7.723333796840611,8.58335040330958],[7.723352006756454,8.58365680060038],[7.723294177897205,8.583694901272786]],[[7.724141097237481,8.583506243604491],[7.724160011160332,8.583602036523907],[7.724313368754919,8.583755712430934],[7.724448004252111,8.583756157800314],[7.724621426640492,8.583661001046973],[7.724602448678771,8.583584353993556],[7.724294646595295,8.58360248193891],[7.724141097237481,8.583506243604491]],[[7.725776275455825,8.583415919711028],[7.725853337710413,8.583377882171876],[7.725892571204601,8.583148258821481],[7.72575812741871,8.583090376379102],[7.725488920633742,8.583070340708993],[7.725372944043303,8.583242272107718],[7.725257606185235,8.583222744799171],[7.725236839291803,8.583682181988982],[7.725756020041151,8.583722190063282],[7.725776020018496,8.583492503188278],[7.725776275455825,8.583415919711028]],[[7.71527460360245,8.58341936894907],[7.715447641242664,8.583439091384342],[7.715275311831503,8.58320876525277],[7.715121507858203,8.583189106838804],[7.71527460360245,8.58341936894907]],[[7.716063629971746,8.583287974676411],[7.716236152952212,8.58346086313691],[7.71650542289268,8.583461759437379],[7.716602362554248,8.583232329892637],[7.716487475792585,8.583078779427112],[7.716257059215805,8.582963136414737],[7.716046069353721,8.582790119927466],[7.715969521302626,8.582674989010746],[7.715873353681696,8.582674668820506],[7.715738075447679,8.582865678459966],[7.715737818015123,8.582942261637845],[7.715949000833219,8.583057840896675],[7.716063629971746,8.583287974676411]],[[7.722969830141362,8.582908838823464],[7.723104337290899,8.582947576317865],[7.723103889361627,8.583081597266034],[7.723238396589921,8.583120334724212],[7.72306644602262,8.5827751363057],[7.722969830141362,8.582908838823464]],[[7.724646603995158,8.581880499537208],[7.724415609657657,8.581937173884402],[7.724320017185335,8.58176454308702],[7.724165637433392,8.581917201026576],[7.723973238019801,8.581935710622],[7.723972854387998,8.582050585765568],[7.723511313107544,8.582029912467977],[7.723395464037607,8.582163551491448],[7.723549012673832,8.582259790023006],[7.723799112927187,8.582241471596928],[7.723894833123786,8.582375810789786],[7.723894129714925,8.582586415207878],[7.723835853420149,8.582758536984063],[7.723931701628503,8.582854584472964],[7.724163016244185,8.582702181220197],[7.724354776799741,8.5828751301793],[7.724373371138207,8.583066652390778],[7.724450305570207,8.583066906861083],[7.724508709506263,8.582856493240316],[7.724816638803563,8.582800073308553],[7.72481727782085,8.582608614679781],[7.724971465994058,8.582513394080161],[7.724991977380541,8.582130540374063],[7.724704751950413,8.58174666928392],[7.724704304645998,8.58188069032434],[7.724646603995158,8.581880499537208]],[[7.721970067976217,8.582790650686464],[7.721989109419163,8.582848151947994],[7.722238889826348,8.582925563818577],[7.72222016850545,8.58277233334703],[7.722105343385234,8.58259963839846],[7.721951410808443,8.582618274376093],[7.721970067976217,8.582790650686464]],[[7.715376886859797,8.58160083906533],[7.715203656921507,8.581638554094708],[7.715241029486532,8.58196416068603],[7.715182427720015,8.58223200955673],[7.715161584631721,8.582710590248583],[7.715276985755782,8.582710974688537],[7.715335458831617,8.582481417394733],[7.715336875047517,8.582060209969256],[7.715414452676144,8.581869008282588],[7.71537650065926,8.581715713823204],[7.715376886859797,8.58160083906533]],[[7.726243627392722,8.581694316054458],[7.726416410301312,8.581790617040033],[7.726589767559748,8.58171460506713],[7.726474812899403,8.581580202921316],[7.726378645157817,8.581579885390372],[7.726243627392722,8.581694316054458]],[[7.725360097570035,8.581327621802924],[7.725263418977706,8.581480470943445],[7.72543652079477,8.581481042975726],[7.725360097570035,8.581327621802924]],[[7.715996732317475,8.580300974119632],[7.715784650175856,8.580453436256306],[7.71572649955854,8.580587264743937],[7.715611227748741,8.580548588941147],[7.715553077055124,8.580682417390923],[7.715437740887253,8.580662887329275],[7.715552304838493,8.580912166932826],[7.715919091067097,8.580511321826496],[7.715957557897968,8.58051144986888],[7.716169832971117,8.580301550231331],[7.716439679401472,8.580130134029046],[7.716439936607801,8.580053550818867],[7.716690356500849,8.57993950781714],[7.716788066215061,8.579480328369563],[7.716672665997803,8.579479944525081],[7.71659534678523,8.579594563435196],[7.716499179915696,8.579594243514933],[7.716440836811199,8.579785509580802],[7.716306074523653,8.579823353225567],[7.716266771738038,8.580072120646133],[7.716074759384065,8.579975751583236],[7.716073665939827,8.580301230178861],[7.715996732317475,8.580300974119632]],[[7.72297590907637,8.581089983096279],[7.722898975086752,8.581089728390104],[7.722822041099504,8.581089473668595],[7.722821337206494,8.581300078012248],[7.722974821365136,8.581415462555082],[7.722975461200456,8.581224004050583],[7.72297590907637,8.581089983096279]],[[7.723245689800128,8.580937707624901],[7.723244922184406,8.581167457857775],[7.723436873469984,8.581282969551742],[7.723475916109826,8.581110784167052],[7.723380324248239,8.580938153221817],[7.723245945667298,8.580861124213323],[7.723245689800128,8.580937707624901]],[[7.712281333087089,8.58128418110946],[7.712473667360464,8.581284823153847],[7.712416676702378,8.581074027068476],[7.712551504136205,8.581017039134695],[7.712628824792787,8.580902421264598],[7.712744354241032,8.580864514834046],[7.712725701267909,8.580692138686022],[7.712514520889077,8.580576557984232],[7.71214792506618,8.580919962007618],[7.712263067442781,8.580996930350086],[7.712281333087089,8.58128418110946]],[[7.71205446806301,8.580115518631308],[7.712150247792877,8.580230714299173],[7.712130498267903,8.580383816249194],[7.712245898551417,8.580384201492343],[7.71222750385077,8.580135242269991],[7.712304759868805,8.580039770219177],[7.712285913557627,8.579924831392079],[7.712054855188817,8.580000644014445],[7.71205446806301,8.580115518631308]],[[7.715016086338024,8.58022112485391],[7.71513103612341,8.580355529774145],[7.715246693987232,8.580279330945283],[7.715227975493887,8.580126100544485],[7.715093534870036,8.58006821476759],[7.715094049815945,8.57991504842763],[7.715190409800789,8.579857931329983],[7.715382743577135,8.579858571818436],[7.715440958507091,8.579705597583729],[7.715191375219748,8.579570744427452],[7.714844917208727,8.57964617450991],[7.714881774485998,8.580124947421744],[7.715016086338024,8.58022112485391]],[[7.714230673391152,8.579280353858522],[7.71405789540391,8.579184048017817],[7.714076420186284,8.579394715763103],[7.714133798161712,8.579490637004962],[7.714075647199778,8.579624465186608],[7.713902418145081,8.579662179748246],[7.713940562740691,8.579758036899463],[7.714152258562947,8.57972045053737],[7.714210216290508,8.57964405970162],[7.714536475072646,8.579855752952481],[7.714594561539482,8.57974107047331],[7.714499231846221,8.579491854800066],[7.714365049180252,8.579357385666063],[7.714230286952165,8.57939522857829],[7.714230673391152,8.579280353858522]],[[7.718096064145916,8.579446384564926],[7.71801868110776,8.579580149639288],[7.718037529183583,8.579695088439578],[7.718229927302311,8.579676581680381],[7.718268971939677,8.579504397128733],[7.718423159990776,8.579409179188099],[7.718346932677843,8.579198319629208],[7.718231532474974,8.579197936263432],[7.718096064145916,8.579446384564926]],[[7.72080848456391,8.579302219063043],[7.720846438743453,8.579455513291327],[7.720961390647086,8.579589916746341],[7.721076791091962,8.579590299313079],[7.721134875689544,8.57947561555305],[7.721346699330462,8.579399733434277],[7.721328490735566,8.57909333624809],[7.721097754189041,8.579073425436054],[7.720982161699581,8.579130480411528],[7.72080848456391,8.579302219063043]],[[7.716096179500304,8.579324858380158],[7.715942505610943,8.57926690891441],[7.715826848191366,8.579343108021348],[7.715826397901613,8.579477128611526],[7.716096179500304,8.579324858380158]],[[7.719827902422661,8.579203236428183],[7.719807578878544,8.579528651696453],[7.719942853860321,8.579337640124834],[7.720096400392969,8.579433879751203],[7.720231611099498,8.579262013883175],[7.720001836341509,8.578954914953648],[7.719733979986764,8.57853281332916],[7.719484587884949,8.578340525351342],[7.719330528794322,8.57839745217162],[7.719310846441759,8.578531409115026],[7.719445094996801,8.578646730920646],[7.719560559222533,8.578627968071617],[7.71961781034484,8.578762180342391],[7.719752443835225,8.578762627092928],[7.719713271711464,8.578973103567039],[7.719827902422661,8.579203236428183]],[[7.712192133653906,8.5792161168589],[7.71203820256843,8.579234749011814],[7.71201864666266,8.579330413655072],[7.712287719733399,8.57938874978645],[7.712384402381793,8.579235904567033],[7.712192133653906,8.5792161168589]],[[7.717732235741293,8.578966524853827],[7.717635747819335,8.579061934303219],[7.717635298178717,8.57919595499074],[7.71788558878679,8.579120202701715],[7.717866804982275,8.578986118087174],[7.717732235741293,8.578966524853827]],[[7.713867430288984,8.578628179174064],[7.713790174952742,8.578723651644342],[7.713847488352463,8.57883871869083],[7.713770232961441,8.578934191149092],[7.713769781972481,8.579068211633489],[7.713942753077992,8.579107080231434],[7.713924163942082,8.578915558274332],[7.713963532401261,8.578647645499716],[7.713867430288984,8.578628179174064]],[[7.7185409994274,8.578682021369085],[7.718464001866702,8.578700911668852],[7.718424636483741,8.578968825365425],[7.718520674890815,8.579007436421321],[7.718560168585814,8.578701231066436],[7.718675568653651,8.578701614311917],[7.718714548756289,8.578548575483788],[7.718618510430928,8.57850996448933],[7.7185409994274,8.578682021369085]],[[7.713098549409549,8.578491593537054],[7.712982440561872,8.578701812190502],[7.713136242525946,8.578721471179776],[7.713098549409549,8.578491593537054]],[[7.720888493460325,8.578383473946168],[7.720772901172851,8.578440528886924],[7.720830088659011,8.578593886874408],[7.721060696763892,8.578652089480062],[7.721061273290856,8.578479776930735],[7.720888173129437,8.578479203134425],[7.720888493460325,8.578383473946168]],[[7.711945584353988,8.578181410620518],[7.712060016352462,8.578468982389403],[7.712195100848115,8.57833541135624],[7.712253445653014,8.578144146199072],[7.712176770580483,8.578067306352837],[7.711945906912654,8.578085681767728],[7.711945584353988,8.578181410620518]],[[7.715544845555113,8.577408422097331],[7.715658765691668,8.577849159566375],[7.715774294006031,8.577811252042114],[7.715832572667762,8.57763913186318],[7.715794813586627,8.577428400048529],[7.715544845555113,8.577408422097331]],[[7.71643053971332,8.577124178825098],[7.716468684821523,8.57722003579463],[7.716757055118221,8.577259286858393],[7.716930539976691,8.577144987571895],[7.716912142032874,8.576896028105773],[7.717008500985116,8.576838910393278],[7.716893679836358,8.576666214448544],[7.716624414641791,8.576665319122895],[7.716508693919502,8.576760664386473],[7.716508501100447,8.576818101805465],[7.716354828075772,8.57676015263575],[7.716046967824798,8.576797420556122],[7.71614274822277,8.576912615306645],[7.716315847352203,8.576913191127161],[7.716430732551069,8.577066741408773],[7.71643053971332,8.577124178825098]],[[7.713988175928084,8.577039463559464],[7.713910792186899,8.577173227686096],[7.713890914877641,8.577364621449243],[7.71404458761228,8.577422571579447],[7.714122486539879,8.577135641124881],[7.713988175928084,8.577039463559464]],[[7.716180314615465,8.577180784523943],[7.716217945325994,8.577429807938218],[7.716333602049259,8.577353608610004],[7.716334180617881,8.577181296369133],[7.716180314615465,8.577180784523943]],[[7.714758921028322,8.576620819051893],[7.714527993767688,8.576658341952081],[7.714546712012115,8.576811572347287],[7.714835274667178,8.576793387393053],[7.714758921028322,8.576620819051893]],[[7.71547183637368,8.576240272311898],[7.715336689373427,8.57639299058242],[7.715336239069042,8.576527011167162],[7.715586656717789,8.576412968570153],[7.71547183637368,8.576240272311898]],[[7.716185071847879,8.575763995014002],[7.716280723524568,8.575917481315253],[7.716529983773086,8.576148062532903],[7.716607302152568,8.576033443516318],[7.716531076291771,8.575822583808948],[7.716396765361582,8.575726407054358],[7.716262133117845,8.575725959290361],[7.716204819265305,8.575610892546244],[7.715800987007887,8.57559040312842],[7.715800472608536,8.575743569545267],[7.715896188409557,8.575877910115933],[7.716126986604594,8.575878677914904],[7.716088905957313,8.57576367513324],[7.716185071847879,8.575763995014002]],[[7.713030897018694,8.575734344656382],[7.713203995402487,8.575734921793781],[7.713281572279772,8.575543720443193],[7.713089240833238,8.575543079227458],[7.713030897018694,8.575734344656382]],[[7.715922686064434,8.573714498268336],[7.71578760455051,8.57384807107038],[7.716018272960151,8.573887130365014],[7.715922686064434,8.573714498268336]],[[7.721842096204133,8.563529288383911],[7.721919601740166,8.563357230041404],[7.721688746658948,8.563375612671463],[7.72168823535782,8.56352877953922],[7.721842096204133,8.563529288383911]],[[7.721860434131871,8.56379739401895],[7.721822607970612,8.563605808219119],[7.72166861926486,8.563643591078465],[7.721629642702735,8.563796630716203],[7.721514310920053,8.563777103156351],[7.721494247269227,8.564025935671397],[7.721551817308069,8.564064418248993],[7.721551497685661,8.564160147532943],[7.721666765665091,8.564198820956111],[7.721744207540574,8.564045908544346],[7.721898068598017,8.56404641739724],[7.721975318642547,8.56395094250033],[7.721937364612993,8.563797648422593],[7.721860434131871,8.56379739401895]],[[7.722648971675711,8.563800000930842],[7.722629419706775,8.563895666692446],[7.722802385668272,8.563934530474032],[7.722859764280365,8.564030450474293],[7.723014072350657,8.563896937806906],[7.722918228455013,8.563800890727652],[7.7227261576336,8.563723671713845],[7.722648971675711,8.563800000930842]],[[7.721453800153678,8.564619329955548],[7.721300194655279,8.564542237474276],[7.721299363418708,8.564791133580849],[7.721472585282537,8.564753414573602],[7.721453800153678,8.564619329955548]],[[7.728676291338513,8.578926156843565],[7.728869198688929,8.578754477468605],[7.729099681504366,8.578850967257889],[7.729253548957484,8.578851474050673],[7.729254249103242,8.578640869151183],[7.729331564658042,8.578526247114114],[7.729466198576813,8.578526690463603],[7.729601723316638,8.57825909112562],[7.729794566320864,8.578106557077122],[7.729890796929579,8.578087727724032],[7.729891051379451,8.578011144102453],[7.729853093498359,8.577857850244069],[7.729930027046477,8.577858103468838],[7.730045681785068,8.57778189965015],[7.730161718055789,8.57759082034293],[7.730104145126003,8.577552338651389],[7.730046445006924,8.577552148766994],[7.729777368644654,8.577493824810622],[7.729815326479573,8.577647118669592],[7.72975762635268,8.577646928739938],[7.729545613841561,8.577780253579519],[7.729545104814981,8.577933420803582],[7.729333792110196,8.57785614057594],[7.72933302843265,8.578085891391709],[7.729217182540641,8.578219532662168],[7.72917769733114,8.578525740371495],[7.728965811458405,8.57862077299016],[7.728850410950262,8.578620392825417],[7.72887015370649,8.578467289010291],[7.728793856766013,8.578275576587494],[7.728697689768801,8.578275259755738],[7.728697116697533,8.578447572821373],[7.72861980099051,8.578562194706334],[7.728465870004066,8.578580833572067],[7.728465551563056,8.578676563043006],[7.728158071716293,8.578598965220715],[7.727927589364005,8.578502474924337],[7.727715830745879,8.578559215035709],[7.727600430312566,8.578558834499884],[7.727523751631564,8.57848199724113],[7.727292950834162,8.57848123602691],[7.72721665472909,8.578289523407198],[7.72710125439966,8.578289142733976],[7.727005470012583,8.578173950177908],[7.726870836347229,8.578173505988058],[7.726755754918622,8.578077395806977],[7.726563166062116,8.578153344640254],[7.726601632816258,8.578153471586798],[7.726793839058852,8.57819239802635],[7.726965791786991,8.578537595053245],[7.727081064671311,8.578576267545747],[7.727080682125759,8.578691142848786],[7.727234549393399,8.578691650437214],[7.727369119516665,8.57871124041272],[7.7273697569467,8.578519781552577],[7.727465860218087,8.57853924461103],[7.727811041954825,8.57884672046099],[7.72808011873758,8.578905045880058],[7.728118394466455,8.578962610360305],[7.728676036617744,8.579002740425274],[7.728676291338513,8.578926156843565]],[[7.730063706709815,8.57814573517629],[7.730063261474425,8.578279756521924],[7.730236362166187,8.578280326189631],[7.730351953406717,8.5782232681991],[7.730487413851212,8.577974814349826],[7.730391310452983,8.57795535204188],[7.730353288778725,8.577821204112968],[7.730199294483443,8.577858989634812],[7.730102809534486,8.577954402704103],[7.730063833918601,8.578107443363075],[7.730063706709815,8.57814573517629]],[[7.725905019377066,8.579414813707135],[7.726135692991085,8.579453867585661],[7.72636687706614,8.579339754311222],[7.726521254875034,8.579187095190099],[7.726636655449385,8.579187476076306],[7.726752438695835,8.579072981642668],[7.726752566250247,8.579034689880723],[7.72675301268604,8.578900668713324],[7.726676844371323,8.578670664256634],[7.726676971927236,8.57863237249503],[7.726715374955328,8.578651645318365],[7.726715630058271,8.578575061793845],[7.726620228416114,8.578344993866434],[7.726273899882235,8.578382142957077],[7.726138947165955,8.578477427886321],[7.725927188441257,8.578534166979104],[7.725734471587479,8.578648407086865],[7.725560732687697,8.578839294099225],[7.725656452892218,8.578973632843836],[7.725656133732904,8.579069362207859],[7.725790384694256,8.579184682109757],[7.725829298308115,8.57905078803047],[7.725828915364939,8.579165663274537],[7.725905210843528,8.579357376084221],[7.725905019377066,8.579414813707135]],[[7.726931788145913,8.577197256294632],[7.727009486467308,8.576967759464281],[7.726894086546137,8.57696737878731],[7.726605650535197,8.576947281062063],[7.726489931764355,8.577042629670485],[7.726547057769929,8.577215133007426],[7.726758688167509,8.577196685216242],[7.726931788145913,8.577197256294632]],[[7.726799322615612,8.576545852091222],[7.726683731545426,8.57660290901873],[7.726587118675664,8.576736612897205],[7.72668277509646,8.576890097259762],[7.72677926046565,8.576794685125991],[7.726837661703261,8.576584270758774],[7.72699152810846,8.576584778320404],[7.727106864177648,8.57660430483745],[7.727299388409314,8.576547501484715],[7.727549485061902,8.576529180049226],[7.727761306229265,8.576453293971896],[7.727684627871355,8.576376456793845],[7.727609032654069,8.575974139470455],[7.727647690331517,8.575916828608587],[7.727705390149894,8.57591701881561],[7.72780130171154,8.575993919375652],[7.727858300850111,8.576204714375152],[7.728088399738588,8.576416079881279],[7.728204372702999,8.57624414712634],[7.728319772464908,8.57624452737975],[7.728206028419425,8.575746353860263],[7.728225452722587,8.575688979548667],[7.72805343599281,8.575362928948987],[7.728054009144933,8.575190615899128],[7.727938609712996,8.575190235612638],[7.727919185405268,8.575247609908649],[7.72763055939823,8.57528495080331],[7.727515159956892,8.575284570386088],[7.727168834208634,8.57532172070314],[7.727110242242389,8.575589572849925],[7.727109859840778,8.575704448172004],[7.727089798015434,8.575953281269419],[7.726858743788372,8.576029103557538],[7.726743471666641,8.575990431109005],[7.726627561965106,8.576143217459494],[7.726435229209499,8.576142582848936],[7.726358678758578,8.576027453692122],[7.726242960249331,8.576122802262546],[7.726415804617824,8.57619995702653],[7.726453824775387,8.57633410512956],[7.726549927433306,8.576353568331347],[7.726799450127193,8.576507560323579],[7.726799322615612,8.576545852091222]],[[7.725970440760453,8.577098353269948],[7.725874337971634,8.577078889901513],[7.725855678913161,8.576906513513654],[7.725720790502778,8.576982652489232],[7.725739130428241,8.577250758250738],[7.725796511345774,8.57734667815023],[7.725950505603885,8.577308894418325],[7.726046672254947,8.577309211899161],[7.726200347528607,8.577367157454306],[7.726258557842416,8.577214180877457],[7.726220410135997,8.577118324516215],[7.725970249354956,8.577155790901035],[7.725970440760453,8.577098353269948]],[[7.725128196725965,8.575889368623228],[7.725089091848607,8.576080700278768],[7.724954459021069,8.57608025552807],[7.724839761807617,8.575869269709063],[7.724723532192026,8.576117784726542],[7.72489650384817,8.576156648386227],[7.724934970376397,8.576156775469542],[7.724953884411985,8.576252568361447],[7.725146217111591,8.576253203718174],[7.725223405524968,8.576176874344679],[7.725205129736212,8.575889622731994],[7.725128196725965,8.575889368623228]],[[7.724972862299472,8.576329215383005],[7.724895546107528,8.576443836433345],[7.725010435018191,8.576597384648332],[7.725202640222643,8.576636311745798],[7.725222448027534,8.576464062428197],[7.725087815058011,8.576463617704286],[7.725069028667415,8.576329533071428],[7.724972862299472,8.576329215383005]],[[7.725487437663214,8.57774772525651],[7.725333507041972,8.577766362898597],[7.725352293523548,8.577900447532736],[7.72564060239352,8.577958838037048],[7.725583604407245,8.577748042868842],[7.725487437663214,8.57774772525651]],[[7.72569326009656,8.579471552587899],[7.725558945242133,8.579375378515161],[7.725366547091823,8.579393889004965],[7.725231593801557,8.579489173526676],[7.725231210658903,8.579604048741308],[7.725134213237992,8.579852627259585],[7.725057023958718,8.579928956490027],[7.725056576873976,8.580062977561505],[7.725171849918434,8.580101650660614],[7.725460351902431,8.580102603921123],[7.725768598059425,8.579950453513504],[7.725750449758445,8.579624910149304],[7.72569281325907,8.579605573695872],[7.72569326009656,8.579471552587899]],[[7.729062854096719,8.572570921517926],[7.728773784739205,8.572742284900473],[7.728831102348129,8.572857350285489],[7.728965797864616,8.572838647615166],[7.728966306816276,8.572685480385354],[7.729062726871077,8.57260921332716],[7.729062854096719,8.572570921517926]],[[7.729128398216976,8.575998291467164],[7.729185461750413,8.576189940475349],[7.729358815936267,8.5761139267858],[7.729340218888683,8.575922404432406],[7.729128398216976,8.575998291467164]],[[7.730584323044107,8.595110903154419],[7.73062311008542,8.595015300478343],[7.730911942392197,8.594920521818333],[7.731219690472924,8.594921535778091],[7.73125898669443,8.594672765818817],[7.731106067880744,8.594385070428054],[7.730952130376556,8.594403709362014],[7.73073998063381,8.594575325244758],[7.730586043055027,8.594593964018433],[7.730412488967058,8.594727414682932],[7.730469809432623,8.594842480248488],[7.730585151210912,8.594862006535159],[7.730545854522377,8.595110776356663],[7.730584323044107,8.595110903154419]],[[7.732219108513203,8.595154580321013],[7.731969126581696,8.5951346112201],[7.731892825891706,8.594942898861873],[7.732027974786337,8.594790174920556],[7.732029247381864,8.594407256822],[7.731856139260619,8.594406686897525],[7.731834804893175,8.595038438378992],[7.73175761323965,8.595114768641286],[7.731699910430349,8.595114578618892],[7.731546354566163,8.595018342345913],[7.731469417513154,8.595018088941424],[7.731469226529534,8.595075526642384],[7.731391461806147,8.595324169915504],[7.731544190138782,8.595669302965987],[7.731717298811848,8.595669873113728],[7.731909641795892,8.595670506520014],[7.731985306165381,8.596053677922791],[7.732158860478337,8.595920226565928],[7.73215943317092,8.595747913423857],[7.732063643465586,8.595632721367627],[7.732064025277669,8.595517845942297],[7.732044790985145,8.595517782614813],[7.732045045527452,8.59544119899811],[7.732141916898407,8.59523091066765],[7.732218917639357,8.595212018038309],[7.732219108513203,8.595154580321013]],[[7.733369668923924,8.59621140285051],[7.733407629012832,8.596364696690438],[7.733234138412985,8.596479002729287],[7.733003389820865,8.596459097442757],[7.732963839960748,8.596784451334946],[7.732886838906002,8.596803344071125],[7.732887856539528,8.596497009522585],[7.732560872642705,8.596495933402586],[7.732233697886526,8.596552294718744],[7.732175485747958,8.596705271968236],[7.732213381722137,8.596877711763721],[7.732309044468201,8.59703119563658],[7.732270002997887,8.59720338212107],[7.732269812085523,8.597260819833407],[7.732230388711175,8.59754788172733],[7.732153260189911,8.597605066094236],[7.732095556995077,8.597604876076511],[7.732094856847109,8.597815481002232],[7.731998239213839,8.59794918558908],[7.732267457390889,8.597969218271167],[7.732325987955142,8.597720511520174],[7.732442221601789,8.597471994717594],[7.732442730641952,8.597318827475714],[7.73257737134916,8.59731927070094],[7.732596987464125,8.597204458575895],[7.732885694023312,8.59714797043228],[7.733020589088866,8.59707182985463],[7.733232294432425,8.59703423417006],[7.733271208284842,8.59690033934485],[7.733502465759582,8.596767077201772],[7.73369544504741,8.596576250643984],[7.733945745908355,8.596500489186186],[7.734061469756686,8.5964051390191],[7.734081212427253,8.596252034904529],[7.73383129306194,8.5962129209788],[7.733831102406955,8.596270358728923],[7.733753783696081,8.596384981240522],[7.733484502825286,8.596384095661115],[7.733466222028354,8.596096843688366],[7.73346653987097,8.596001114117435],[7.733543985691593,8.595848199832652],[7.73339036541597,8.59577111010242],[7.733236300163868,8.59582804170892],[7.733370558953866,8.595943360062316],[7.733369668923924,8.59621140285051]],[[7.732947340271648,8.595961113913361],[7.732890146077398,8.595807756770153],[7.732754997063515,8.59596048100405],[7.732947340271648,8.595961113913361]],[[7.732941521197359,8.591921263126608],[7.732865474660706,8.591652967296122],[7.732711538261546,8.591671607108328],[7.732672307138611,8.591901231523376],[7.732460795471717,8.591881389582216],[7.732345263613421,8.591919301701148],[7.732344818453506,8.592053323070258],[7.732864012611516,8.592093323314714],[7.732941139811516,8.59203613861251],[7.732941521197359,8.591921263126608]],[[7.728040526636432,8.590794640466141],[7.727616931374233,8.59092726451166],[7.727520378264177,8.59104182217199],[7.727289633719707,8.59102191397698],[7.727250654914783,8.591174953892311],[7.72734669742692,8.591213563304624],[7.727365484596361,8.591347647949238],[7.727865633688164,8.591330153554859],[7.727904420847207,8.591234551177518],[7.728077527263316,8.591235122668465],[7.728289356955175,8.591159237530155],[7.728328781871305,8.590872176281914],[7.728155930785653,8.590795021408631],[7.728040526636432,8.590794640466141]],[[7.731167590595342,8.59323650656641],[7.731359868658562,8.593256285970533],[7.731322291470081,8.59298811666155],[7.731072247408463,8.592987293088399],[7.731090844912023,8.59317881544043],[7.731167590595342,8.59323650656641]],[[7.729381937029895,8.59229246192944],[7.729458427277855,8.592426736887004],[7.72965102338794,8.592350787626202],[7.729555490177536,8.592159011604448],[7.729421233900238,8.592043692259383],[7.729402509736479,8.59189046172164],[7.729267871111116,8.59189001766473],[7.729267297374086,8.592062330647302],[7.729381937029895,8.59229246192944]],[[7.730812257923312,8.601755351821684],[7.730888622642713,8.601927918557884],[7.73092639070637,8.602138650203973],[7.730924924606277,8.602579005651355],[7.730982628527512,8.602579195953652],[7.731040714883714,8.602464510909043],[7.731175357334285,8.602464954887912],[7.731176249564226,8.602196912415202],[7.731157652240602,8.602005390084557],[7.731100139597834,8.601947762149003],[7.731100521984956,8.601832886804303],[7.731158289524978,8.601813931172622],[7.73112071251903,8.601545761858173],[7.731120967428141,8.601469178292911],[7.731178671185802,8.601469368541462],[7.73125618300748,8.60129730916075],[7.731237904210988,8.601010057362629],[7.731141858840601,8.600971448524536],[7.731141667673366,8.601028886200458],[7.73104555858454,8.601009423230355],[7.731046259576073,8.60079881842544],[7.731046705652318,8.600664797184722],[7.730873276088886,8.60075995585805],[7.730833277286298,8.601219330359129],[7.730775573574233,8.601219140064282],[7.730755956540719,8.601333951963714],[7.730544184946981,8.601390691783445],[7.730428331153649,8.601524332294359],[7.730755446581646,8.601487119073242],[7.730812640388489,8.601640476488711],[7.730812257923312,8.601755351821684]],[[7.733197422317143,8.584359383767604],[7.733293654503024,8.584340553775727],[7.733525221100327,8.584111560798464],[7.733429623778786,8.583938931600226],[7.733294797286566,8.583995927131491],[7.733294416364007,8.584110802680271],[7.733197803280063,8.584244508224629],[7.733197422317143,8.584359383767604]],[[7.732928022970659,8.584396790872246],[7.732774280096121,8.584357993379315],[7.732678429018967,8.584261947717474],[7.73242807287727,8.584356855443742],[7.732484566982353,8.584720817568831],[7.732618250342717,8.585008448919615],[7.732772628644609,8.584855787308982],[7.732753712483293,8.584759994494645],[7.73288872985133,8.584645561442194],[7.732927768937316,8.584473374559009],[7.732928022970659,8.584396790872246]],[[7.732012659008611,8.587820937764326],[7.732050681770049,8.58795508569124],[7.73216557665282,8.588108632607993],[7.73231982941358,8.587994263238063],[7.732435232908678,8.587994642776305],[7.732570378745749,8.587841918202646],[7.732397718485229,8.587707327552009],[7.732147677777633,8.587706505178476],[7.732032846576738,8.587533812359926],[7.732014121301543,8.587380581794074],[7.731802421432047,8.587418177586605],[7.731897700679354,8.58768653673205],[7.732012659008611,8.587820937764326]],[[7.731537153640124,8.586211099295628],[7.73144053936618,8.586344804218909],[7.731536390532944,8.5864408502092],[7.731651793523503,8.586441229913824],[7.731690960619122,8.586230751457762],[7.731537153640124,8.586211099295628]],[[7.73350205151911,8.585298545021116],[7.733386267837198,8.585413041465488],[7.733462885565855,8.585509023829873],[7.733578478812045,8.585451965140587],[7.73350205151911,8.585298545021116]],[[7.731469755992717,8.583338959577024],[7.731584458793079,8.583549944204934],[7.731796220023964,8.583493202302316],[7.731777304132009,8.58339740947883],[7.731566305775275,8.58322440042697],[7.731469755992717,8.583338959577024]],[[7.739135472038961,8.585948832669729],[7.739212154673027,8.586025668146503],[7.739365962421336,8.586045317292172],[7.73950110503665,8.585892589771886],[7.739347423728369,8.585834648752039],[7.739174319002857,8.585834082676882],[7.739136104117243,8.585757373006214],[7.739135472038961,8.585948832669729]],[[7.73909630898861,8.586159312483652],[7.739096751469694,8.58602529072288],[7.738904602470633,8.585967223713299],[7.73894389202187,8.58571845199914],[7.738713085830039,8.585717696983595],[7.738636340132355,8.585660007392612],[7.738366497107062,8.585831439965775],[7.738231860149515,8.585830999349463],[7.73786584756773,8.586002116766021],[7.737903809110908,8.586155410356243],[7.737883689412936,8.586423390781594],[7.737979226096131,8.586615165191995],[7.738479307238078,8.586616802005944],[7.738517964755211,8.58655949000471],[7.738729600780623,8.586541036319304],[7.738729094909307,8.586694204019985],[7.73895983846962,8.586714105075343],[7.739095107932408,8.586523085829503],[7.738922066135261,8.586503373631922],[7.738903401259128,8.586330997035807],[7.73909630898861,8.586159312483652]],[[7.735669132106115,8.587220272332502],[7.735629966963335,8.587430751485579],[7.735745116876913,8.587507713766724],[7.735822496244641,8.587373944516738],[7.735937899709191,8.587374322979292],[7.735995981700519,8.587259636547843],[7.735669132106115,8.587220272332502]],[[7.736696382214876,8.584849517009777],[7.736753450380419,8.585041165555443],[7.737099658800369,8.585042299697777],[7.737119652226554,8.584812611268616],[7.737004566015671,8.584716503513512],[7.736927314323766,8.584811981254592],[7.736715932610937,8.584753850279975],[7.736696382214876,8.584849517009777]],[[7.732002319450913,8.602505972947636],[7.731809973012598,8.602505339087982],[7.731790674668362,8.602524421592035],[7.731790419862044,8.602601005173062],[7.73186716735963,8.602658696422438],[7.731732015157998,8.602811419832884],[7.731635141037772,8.60302170766761],[7.731653420011098,8.603308959475019],[7.731806915234833,8.603424342047507],[7.731864237075154,8.603539407605462],[7.731806087028362,8.603673238674656],[7.731690487673547,8.603730295940498],[7.731632273811239,8.603883272861841],[7.73172787393195,8.604055902939006],[7.732093397349736,8.60403796158746],[7.732151674763123,8.603865838677486],[7.732247912024794,8.603847009686271],[7.732441023305492,8.603617892637887],[7.732518471501581,8.603464978902034],[7.732384019662496,8.603407097645468],[7.732365358075481,8.603234721187297],[7.732212754288072,8.602851296251457],[7.732135815634994,8.602851042751098],[7.732097983185357,8.60265945702164],[7.732002319450913,8.602505972947636]],[[7.739395012364107,8.588898192115836],[7.739317444088817,8.589089400102786],[7.739528575858158,8.589224113905452],[7.73970187175724,8.58916724214156],[7.739702503792006,8.588975782468012],[7.739433480391775,8.588898317939544],[7.739395012364107,8.588898192115836]],[[7.745458053513378,8.593455628517836],[7.745419270188322,8.59355123325529],[7.745572892764724,8.593628318416295],[7.745669127193816,8.593609485591138],[7.745650459341234,8.593437108895227],[7.745650899901378,8.593303086846207],[7.745478106093916,8.593206793085608],[7.745458242355111,8.593398190501249],[7.745458053513378,8.593455628517836]],[[7.748818943621462,8.589158656644518],[7.748972628180492,8.589216594276122],[7.748973694734693,8.588891111668971],[7.748818943621462,8.589158656644518]],[[7.745803783434087,8.587751182094859],[7.745784863872308,8.58765538944162],[7.745553993001463,8.587673784364744],[7.745611003121885,8.587884578285115],[7.745803594770277,8.587808620135865],[7.745803783434087,8.587751182094859]],[[7.743152895251419,8.586708652556968],[7.743075266334749,8.586919007651252],[7.743151382900978,8.587168156435983],[7.743343848465786,8.587130491524094],[7.743498161089609,8.586996971135415],[7.743518087993266,8.586786427854507],[7.74336415349156,8.586805072286246],[7.743268298841901,8.586709028796314],[7.743152895251419,8.586708652556968]],[[7.74218432434855,8.588792428473486],[7.74203026286601,8.588849364214333],[7.74206791083451,8.589098387578584],[7.742298908588295,8.58904170292054],[7.74224202643643,8.588792616787755],[7.74218432434855,8.588792428473486]],[[7.742449879772925,8.589922920455683],[7.742450636626999,8.589693168612458],[7.74231587194122,8.58973102119831],[7.742315304239274,8.5899033350717],[7.742334538325355,8.589903397845601],[7.742333592143651,8.59019058763321],[7.742351816963104,8.590496986179183],[7.742409456233895,8.59051632049139],[7.742485320415441,8.590842053347911],[7.742581617234379,8.59080407522562],[7.742582311017641,8.590593469368342],[7.742505437601968,8.590574072309861],[7.742525680874987,8.590267799289041],[7.742449185971575,8.590133526309511],[7.742449879772925,8.589922920455683]],[[7.742253816826782,8.591051905834373],[7.742119430213443,8.59097488237724],[7.742098997197568,8.59133859326202],[7.74221396047602,8.591472991903501],[7.742253375191144,8.591185927723663],[7.742253816826782,8.591051905834373]],[[7.736005535812899,8.59599031020514],[7.736197688984983,8.596048379296825],[7.736139541890999,8.59618221145701],[7.736043370110235,8.59618189580339],[7.735946627322001,8.596353893517325],[7.735734668585402,8.596468074512014],[7.735791990957525,8.596583139545519],[7.736061208767492,8.59660316946478],[7.736099867843027,8.596545857933792],[7.736426725384012,8.596585222926596],[7.736426217987485,8.596738390411096],[7.736406666468442,8.596834056969024],[7.73657952232291,8.596911208753678],[7.73671416310237,8.596911650511773],[7.736753392808094,8.59668202546552],[7.736926692488886,8.596625155520561],[7.736927136279608,8.596491133944923],[7.736638620626642,8.596490187468303],[7.736543209748591,8.596260120687571],[7.736562824597892,8.596145308173657],[7.736563141665338,8.596049578487982],[7.736774719557087,8.596050272598127],[7.736775416975839,8.595839667270678],[7.736679308663374,8.595820205850046],[7.736563585553609,8.59591555692722],[7.736467540657807,8.595876949515942],[7.736449003898956,8.595666281103032],[7.736314046457338,8.595761568994082],[7.736256724003681,8.595646504028613],[7.73627646572558,8.595493399662459],[7.735776563726556,8.595434320514011],[7.735679757612414,8.59562546410847],[7.735679059606507,8.595836069348838],[7.735563653595332,8.595835690438765],[7.735524677212564,8.595988731564658],[7.735389973349285,8.596007435366321],[7.735331572094395,8.596217851076377],[7.735426918717558,8.596467063979084],[7.735581745613574,8.596180380331887],[7.735697215187313,8.596161613320975],[7.735832870848039,8.595855720440467],[7.736005726134222,8.595932872405736],[7.736005535812899,8.59599031020514]],[[7.735125430961291,8.606173161713537],[7.735375356964658,8.606212275742502],[7.735356503404483,8.60609733699321],[7.73549133799008,8.60604034188975],[7.73547242085308,8.6059445490606],[7.735261091787247,8.605867269770698],[7.735242301816334,8.60573318510348],[7.735069251898272,8.605713469963185],[7.734934353826126,8.605789610842614],[7.734933845278331,8.605942778165439],[7.73502976522157,8.606019678115786],[7.735086961255664,8.606173035207986],[7.735125430961291,8.606173161713537]],[[7.740570608931943,8.605674082643615],[7.740512334740992,8.605846207322648],[7.740646662472122,8.605942377948105],[7.740628186975303,8.605712563482548],[7.740570608931943,8.605674082643615]],[[7.739435941978187,8.60561292754332],[7.739415883671305,8.605861761843848],[7.739473461598509,8.605900242842608],[7.739646955437725,8.605785934393742],[7.739532116263939,8.605613242692426],[7.739435941978187,8.60561292754332]],[[7.73608920612924,8.605563653537345],[7.735954054202979,8.605716378504706],[7.736146148544172,8.60579359422505],[7.736204234091259,8.605678908265315],[7.73608920612924,8.605563653537345]],[[7.739070416366836,8.605630875703827],[7.739012014813926,8.605841291950552],[7.739223661692231,8.605822839551072],[7.739224105157112,8.605688817920198],[7.739070416366836,8.605630875703827]],[[7.735377199821047,8.605657044104024],[7.735434713682167,8.605714671563838],[7.735723236180534,8.605715619950828],[7.735666103447651,8.605543117001545],[7.735512161313737,8.605561757129228],[7.735377199821047,8.605657044104024]],[[7.74523282719949,8.603449213518857],[7.745193916369963,8.603583110018455],[7.745097553263267,8.6036402343364],[7.744809094346942,8.603620147214153],[7.744693307201906,8.603734646640177],[7.744692739635298,8.603906960546414],[7.744557843688384,8.603983105177267],[7.744826563555316,8.604156297696994],[7.744902998405816,8.604309716623794],[7.744633710778087,8.604308838037046],[7.744728938940121,8.604596341677986],[7.744670919055615,8.604691883335947],[7.744728055988937,8.60486438552315],[7.744765453545229,8.605189992857357],[7.744764192126016,8.605572912628585],[7.744860681935432,8.605477496498686],[7.744861501792298,8.605228598637796],[7.74493951332173,8.60490336783019],[7.744997280963448,8.60488441009092],[7.745055679118677,8.604673992429035],[7.745210125316359,8.604502180420406],[7.745210503566041,8.604387304463765],[7.74526997309476,8.603851404844587],[7.745347101430929,8.603794217764944],[7.745366840466705,8.603641112530834],[7.745580061686203,8.6031440064987],[7.745734884981225,8.602857318154513],[7.74577398451843,8.602665983561428],[7.745447119735895,8.602626625631187],[7.745350189721561,8.602856064014656],[7.745292422411886,8.602875021855471],[7.745291855173648,8.60304733580911],[7.745233583585961,8.603219461590326],[7.74523282719949,8.603449213518857]],[[7.744348783905877,8.603216575220992],[7.744714749060539,8.603064599740184],[7.744580421005848,8.60296843051981],[7.744503040494516,8.603102201411312],[7.74432999066709,8.603082490538258],[7.744348783905877,8.603216575220992]],[[7.744831481694499,8.602662910399628],[7.744754731856984,8.602605221453784],[7.744619899475927,8.60266222018908],[7.744619079709501,8.60291111805993],[7.744734425211308,8.602930640554662],[7.744734803534213,8.602815764609687],[7.744831166455738,8.602758640358138],[7.744831481694499,8.602662910399628]],[[7.735417321539877,8.605159376668906],[7.735167396203301,8.605120262764284],[7.735147144550426,8.605426534202198],[7.735243127979846,8.605484288170778],[7.735320575622373,8.605331373777314],[7.735416876763989,8.605293398105927],[7.735417321539877,8.605159376668906]],[[7.740533847858632,8.605157015842975],[7.740456338914796,8.605329077551263],[7.740532708761796,8.605501643075778],[7.740629009619208,8.605463666030813],[7.740610470835811,8.605252997521749],[7.740533847858632,8.605157015842975]],[[7.747266240296299,8.605121559859564],[7.747246690682887,8.605217227257109],[7.747419741804674,8.605236936976231],[7.747458840937425,8.605045602148735],[7.747362792376807,8.60500699698554],[7.747266240296299,8.605121559859564]],[[7.739361789558453,8.60477025365784],[7.739342048029747,8.604923358219924],[7.73945714028738,8.60501946614294],[7.73959229070037,8.604866739700967],[7.739515731402792,8.604751611915136],[7.739361789558453,8.60477025365784]],[[7.739670179812919,8.604579802495342],[7.739745979308933,8.60492468167806],[7.739976670595205,8.604963729656838],[7.740112074004085,8.604734419179774],[7.739977873428237,8.604599956534459],[7.739939403809152,8.60459983053699],[7.739824438145199,8.604465430851048],[7.739670623055772,8.604445780832698],[7.739670179812919,8.604579802495342]],[[7.736902970946449,8.603785735460923],[7.73682647616606,8.603651461350319],[7.736827428001853,8.603364272374202],[7.736750679482256,8.603306581987418],[7.736653553922491,8.603593455184745],[7.736518022166993,8.60386105607413],[7.736402677169317,8.603841531136494],[7.73638388678445,8.603707446467723],[7.736076004006651,8.60374472746169],[7.736037344039879,8.60380203886344],[7.736055689813032,8.60407014501028],[7.736324976380008,8.604071029575827],[7.736344528554983,8.603975363113625],[7.736517704795756,8.603956785719385],[7.736517323945434,8.604071661293046],[7.736748585287032,8.603938397712197],[7.736766931558231,8.604206503896446],[7.7369785774457,8.604188052615756],[7.736902082576349,8.604053778507419],[7.737094557068525,8.604016118068504],[7.737113347707965,8.604150202738749],[7.737209521538191,8.60415051841521],[7.737228819744951,8.60413143561353],[7.737229136944129,8.604035705942774],[7.736998827429282,8.603881780840165],[7.736960675184268,8.603785924893275],[7.736902970946449,8.603785735460923]],[[7.737947606554612,8.601989425499792],[7.737638774086497,8.602313897057291],[7.737445856577541,8.60248557946545],[7.737445539490789,8.602581309151928],[7.737329814240119,8.602676660158314],[7.737444651628408,8.602849352271473],[7.737560059846076,8.602849730924179],[7.737561201273874,8.602505104040102],[7.737908376538571,8.602219050631158],[7.738005183773213,8.602027906620215],[7.738159568117061,8.601875243665598],[7.738197467056978,8.602047683292298],[7.7383321097342,8.602048124746238],[7.738333060255803,8.601760935578874],[7.738275736510646,8.601645870730895],[7.738082566102997,8.601894137325166],[7.737947606554612,8.601989425499792]],[[7.737554922833841,8.604400551824465],[7.73784350798561,8.604382352539606],[7.73788267504469,8.604171873416647],[7.738094701326738,8.604038545868066],[7.738056992557122,8.603808668405176],[7.737883752953764,8.603846392452404],[7.737844585954895,8.604056871583845],[7.737633130371573,8.60401788554622],[7.737555747357321,8.604151654651545],[7.737554922833841,8.604400551824465]],[[7.738111907377703,8.604651279049552],[7.737957902179969,8.604689066165342],[7.737957268095146,8.604880525553884],[7.738168914399536,8.604862073664457],[7.738111907377703,8.604651279049552]],[[7.740170538010377,8.604504856686809],[7.740131435419157,8.604696190261308],[7.740266205715963,8.604658339261226],[7.74044014171988,8.604410008629179],[7.740305751248465,8.604332983966053],[7.74028601014029,8.604486088637843],[7.740170538010377,8.604504856686809]],[[7.73876753809774,8.60415562902665],[7.73870970703133,8.604193731747248],[7.738843463445592,8.604462216373415],[7.73899746851209,8.604424428876714],[7.738997848630762,8.604309553194884],[7.738844033693791,8.604289902861003],[7.738844350493225,8.604194173131205],[7.738940524398966,8.60419448837663],[7.739094085919095,8.604290722458385],[7.739248027563774,8.604272080796365],[7.739421520643319,8.604157772342768],[7.739345278178009,8.603946914797191],[7.739346038157617,8.603717163396244],[7.739153690560505,8.603716533118762],[7.739019237292085,8.603658654023931],[7.738922176582406,8.603926382075468],[7.73882581266902,8.603983504673533],[7.738826066103361,8.603906920889058],[7.738808098493187,8.603523938914053],[7.739154197279131,8.603563365527965],[7.739328006673578,8.603353327318295],[7.739386280828584,8.603181202819133],[7.739502069144391,8.603066705192434],[7.739790780002615,8.603010212378125],[7.739791159818811,8.602895336652645],[7.739657276464122,8.602665144224924],[7.739542121459778,8.602588182398256],[7.739465182641212,8.602587930370811],[7.739253664229097,8.602568091265425],[7.73927194902682,8.602855343543883],[7.73919482016601,8.602912529304373],[7.739098646574253,8.602912214169091],[7.739118451312205,8.602739963653534],[7.738945275589501,8.602758542317856],[7.738963940207936,8.6029309188875],[7.738848531903002,8.602930540652242],[7.738829994036322,8.602719872189827],[7.738657198473433,8.602623575046863],[7.738656501535592,8.60283418045368],[7.738502497120873,8.602871967904635],[7.738501356494636,8.603216594907687],[7.738674342338877,8.603255454313887],[7.738596706388635,8.603465807488611],[7.738615180733763,8.60369562188578],[7.738614737159039,8.603829643498946],[7.738633211500888,8.604059457895127],[7.73876766482363,8.604117337135657],[7.73876753809774,8.60415562902665]],[[7.739657846223589,8.60249283064225],[7.739695745883759,8.602665270222488],[7.739868858279368,8.602665837163968],[7.739812040325432,8.602397604824686],[7.739697011961208,8.602282351142048],[7.739659302221763,8.602052473701589],[7.739657846223589,8.60249283064225]],[[7.735979068310003,8.603974162617968],[7.735882577035146,8.60406957626153],[7.735900795666558,8.604375974246313],[7.735977734739879,8.60437622703843],[7.736055562815398,8.604108436861164],[7.735979068310003,8.603974162617968]],[[7.742633920987125,8.604110845755534],[7.742672011594556,8.604225847322514],[7.742960596926023,8.604207644143731],[7.742961165295831,8.60403533035515],[7.742633920987125,8.604110845755534]],[[7.74296198625359,8.603786432657744],[7.742808297403444,8.603728491958126],[7.742788367871043,8.603939034838447],[7.742903839810496,8.6039202659598],[7.74296198625359,8.603786432657744]],[[7.742231948903567,8.60351600033885],[7.742116540275847,8.603515623058145],[7.742096547201824,8.603745311822086],[7.742327111873756,8.603822650269542],[7.742385068952603,8.603746254998947],[7.742385700728583,8.603554795271663],[7.742231948903567,8.60351600033885]],[[7.736096762563899,8.603285288416322],[7.736000081024298,8.603438139899296],[7.735999700041287,8.603553015453002],[7.736172749103439,8.603572730042021],[7.736230643750531,8.603515481797372],[7.73626981151786,8.603305002945111],[7.736385092867889,8.603343673827329],[7.736481647295988,8.603229114080046],[7.736597182515658,8.603191201177465],[7.736578518989047,8.603018824647807],[7.736424577884565,8.603037465296769],[7.736405025811544,8.603133131777431],[7.736250767249979,8.603247501987836],[7.736096762563899,8.603285288416322]],[[7.741888061398562,8.60280646752021],[7.741925582933885,8.60309378284732],[7.742079650489523,8.603036848019304],[7.742061426754022,8.602730449599946],[7.741888061398562,8.60280646752021]],[[7.74254292669158,8.602540561552255],[7.742408283621461,8.60254012154637],[7.742234855227107,8.602635285618707],[7.74223416026478,8.6028458913164],[7.742464787626938,8.602904083636657],[7.742753308781969,8.602905026445967],[7.742773238196555,8.602694483551465],[7.742677253993749,8.60263673139075],[7.742677443459242,8.602579293462991],[7.742659598126309,8.602158019141893],[7.742563614068176,8.602100266973137],[7.742641373860028,8.601851620675426],[7.742506983659315,8.60177459683714],[7.742488127921709,8.601659658133372],[7.742218273870563,8.601831091886076],[7.742102928931673,8.60181156870211],[7.742140261107265,8.602156321949222],[7.742370888044835,8.602214514265777],[7.742525207821915,8.602080995295113],[7.742504646731621,8.602482997916878],[7.742619865591998,8.602540812963051],[7.74254292669158,8.602540561552255]],[[7.741639084406189,8.602480168418788],[7.741619407236382,8.602614127296134],[7.741734373147628,8.602748526468885],[7.74188844057364,8.602691591700497],[7.741792772534793,8.602538109491336],[7.741639084406189,8.602480168418788]],[[7.736081019670897,8.602232199252024],[7.736060959697635,8.60248103312988],[7.73621451969551,8.602577268165101],[7.736349606762061,8.602443688835404],[7.736388647332327,8.6022715017937],[7.73635049535185,8.602175645823902],[7.736081019670897,8.602232199252024]],[[7.736792511891519,8.602291973879513],[7.737004283577686,8.602235230560739],[7.737081983442369,8.602005731849804],[7.736928296506639,8.601947789027808],[7.736831552242669,8.60211978676041],[7.736792511891519,8.602291973879513]],[[7.741815103785834,8.601600019849261],[7.741795426766949,8.601733978756998],[7.741679765902038,8.601810185300463],[7.741679449903637,8.60190591514694],[7.741929500839005,8.601906732676985],[7.741930511820232,8.60160039713701],[7.742084515562179,8.601562608188424],[7.742104066113396,8.601466941194538],[7.741989163556931,8.601313396188273],[7.741815925255876,8.601351122230438],[7.741815103785834,8.601600019849261]],[[7.736680276400795,8.60133429840483],[7.736468695585534,8.6013336038195],[7.736371887863632,8.601524747364774],[7.736371697471799,8.601582185155689],[7.736409722494031,8.601716332979338],[7.736602005423999,8.601736110414539],[7.736679324682123,8.601621487394796],[7.736640855412704,8.601621361110922],[7.73683301144114,8.60167943029275],[7.736967653917199,8.601679872205239],[7.737083061759535,8.601680250949903],[7.737064524841475,8.601469582538593],[7.73689179379752,8.601354138808288],[7.736776386062445,8.601353760020523],[7.736776449504503,8.60133461408701],[7.736680276400795,8.60133429840483]],[[7.743950721020166,8.6014346801964],[7.744046389793385,8.601588161962539],[7.744258286708336,8.601493122459665],[7.744469679077439,8.601551250746589],[7.744528328945107,8.601264249134383],[7.744471381571099,8.601034309004426],[7.744106553707893,8.600841656750392],[7.743971911156605,8.60084121737763],[7.743950721020166,8.6014346801964]],[[7.738436582557243,8.599540321072174],[7.738512950652212,8.599712886749405],[7.738493146001468,8.599885137243396],[7.738377801990121,8.599865613053012],[7.738357807202057,8.600095301368276],[7.73843442873561,8.600191283279557],[7.738588368688909,8.60017264164368],[7.738607159871937,8.60030672631549],[7.738779701114743,8.60047960713602],[7.738740155180251,8.600804962207688],[7.738605132841079,8.600919396645033],[7.738739395096675,8.601034713589486],[7.738816903610119,8.600862652175648],[7.738951925873936,8.600748217651594],[7.738991154996326,8.600518592284283],[7.738664990299918,8.60026862351929],[7.738704156163948,8.60005814414255],[7.738706499482674,8.599349744013463],[7.738879673628289,8.599331165231893],[7.738996093876186,8.599025208067147],[7.738880686751955,8.59902483001188],[7.738572301094085,8.599215281185767],[7.738572174421865,8.599253573083598],[7.738437216002001,8.599348861595134],[7.738436582557243,8.599540321072174]],[[7.738205577981214,8.59959700238429],[7.738340473194225,8.599520859923127],[7.738418234846431,8.599272214767261],[7.738245187441366,8.59925250144894],[7.738167742477574,8.599405416825887],[7.738052271911709,8.599424184450614],[7.73809017071924,8.599596624067114],[7.738205577981214,8.59959700238429]],[[7.738747691535404,8.598526594186447],[7.738863035186649,8.598546118211612],[7.738921308490608,8.598373993665383],[7.738767495913117,8.598354343640766],[7.738747881500779,8.598469156333612],[7.738747691535404,8.598526594186447]],[[7.731873281733317,8.60082069034252],[7.731814813800908,8.601050250976973],[7.731872199078418,8.601146170598913],[7.732064608512795,8.60112765842941],[7.732237974370423,8.601051645102084],[7.732296633046313,8.600764646664114],[7.732161991137474,8.600764203164484],[7.732123840376858,8.600668346943817],[7.731912132942535,8.600705941703508],[7.731873281733317,8.60082069034252]],[[7.741528985423887,8.60087152966449],[7.741432622645473,8.600928653091808],[7.741489694522048,8.601120301469953],[7.741624337043048,8.601120741725104],[7.741663375085401,8.60094855377373],[7.741528985423887,8.60087152966449]],[[7.740818695247446,8.600447990748386],[7.740914425685001,8.600582327119225],[7.741049384093461,8.600487037718517],[7.74120319776575,8.600506686969798],[7.741318858271732,8.600430480521391],[7.741453500540277,8.600430920801266],[7.741549989569608,8.600335505409078],[7.74155081109011,8.600086607799403],[7.741396934345517,8.600086104677441],[7.741378331762031,8.599894582093672],[7.741128408624498,8.59985547246097],[7.741089370532003,8.600027660348925],[7.740992628607209,8.60019965948533],[7.740818884943959,8.600390552855302],[7.740818695247446,8.600447990748386]],[[7.740586678318686,8.600811008858352],[7.740566621463087,8.601059843423885],[7.740797500336869,8.601041452702844],[7.74081724086384,8.60088834792288],[7.740586678318686,8.600811008858352]],[[7.741529933405755,8.600584340124882],[7.741510066793303,8.600775736925483],[7.741644646000254,8.600795323126114],[7.741702602652509,8.600718927900129],[7.741703297734015,8.600508322222403],[7.741529933405755,8.600584340124882]],[[7.735298305709155,8.600449037461054],[7.735374926441607,8.600545019878918],[7.735393652963985,8.600698250468522],[7.735644083461434,8.600584196412928],[7.735721974085794,8.600297260247096],[7.735569113502504,8.599990419971132],[7.73549166735058,8.600143334627177],[7.735299004305569,8.600238432302111],[7.735298305709155,8.600449037461054]],[[7.74512794392061,8.600251456025608],[7.745030888494263,8.600519186406022],[7.745127124718969,8.600500353976226],[7.745358444456183,8.60034793845277],[7.745320353217578,8.600232937068517],[7.74512794392061,8.600251456025608]],[[7.744416325816488,8.600229989148822],[7.744511679327676,8.600479200750096],[7.744781027271308,8.600460933040727],[7.744781405469934,8.600346057078994],[7.744878461000719,8.60007832677797],[7.745032337948626,8.600078828507886],[7.745109780535173,8.599925911378277],[7.744840559008903,8.59990588738569],[7.744744575059175,8.59984813578842],[7.744436884439123,8.59982798607213],[7.744474849285334,8.599981279485766],[7.744416325816488,8.600229989148822]],[[7.732454646782335,8.59952066979519],[7.732377008643601,8.599731021368452],[7.732511650198896,8.599731464740035],[7.732626611780283,8.599865866064913],[7.732627693627727,8.599540385691476],[7.7325704992426,8.599387028469355],[7.73257107198364,8.59921471533066],[7.732667753453997,8.599061864720664],[7.732456174228989,8.599061168112367],[7.732340512794754,8.599137371706375],[7.732454965007372,8.599424940278862],[7.732454646782335,8.59952066979519]],[[7.736416321880347,8.599725156109931],[7.736127803838232,8.59972420889727],[7.736185126683789,8.599839273941162],[7.736685224806406,8.59984091558642],[7.736666307441305,8.59974512278705],[7.736416321880347,8.599725156109931]],[[7.731666096199189,8.59949892628407],[7.731646352218077,8.599652030084794],[7.731761631845748,8.599690702131841],[7.731781948893464,8.599365285234589],[7.731666096199189,8.59949892628407]],[[7.742438570372756,8.59918963863441],[7.742399596109496,8.599342680778886],[7.742553030650678,8.599477205304193],[7.742610986901959,8.599400809881317],[7.742611807639395,8.59915191215773],[7.742438570372756,8.59918963863441]],[[7.735495286473925,8.59905201686074],[7.735533247564119,8.599205310633565],[7.735706231150167,8.599244171075757],[7.735707119856666,8.598976128086651],[7.73557273233891,8.59889910216328],[7.735495286473925,8.59905201686074]],[[7.73178322242362,8.59898236726341],[7.731822582763362,8.598714451405726],[7.731726665207667,8.598637550987043],[7.731706602956698,8.598886384299169],[7.73178322242362,8.59898236726341]],[[7.740213750845777,8.597248601082033],[7.740309859816509,8.597268061696752],[7.740368827740913,8.59688533118934],[7.740235072057975,8.596616847218778],[7.740370092279316,8.59650241189465],[7.74037053485395,8.596368390139666],[7.740197614982049,8.596310385943951],[7.740043486878501,8.596386466351172],[7.739983696563966,8.597018094284397],[7.739906632350626,8.597056134429002],[7.739886828631797,8.59722838512848],[7.739732700086634,8.597304465345346],[7.739732447031714,8.597381049182866],[7.739577875488727,8.597591151030397],[7.739557881733343,8.59782083955583],[7.739692522989023,8.597821280318904],[7.739673794681044,8.597668049687273],[7.739808752198776,8.597572760603715],[7.739809131765892,8.597457884845069],[7.739982241805175,8.597458451395129],[7.740001982258823,8.597305346649675],[7.740002235257369,8.597228762803878],[7.740156047524618,8.597248412279914],[7.740213750845777,8.597248601082033]],[[7.744096588950453,8.598027133528745],[7.743961442936315,8.598179862214037],[7.744037939618428,8.598314135146964],[7.744230663121477,8.598199886641842],[7.74421205904901,8.598008363985452],[7.744096588950453,8.598027133528745]],[[7.736538009168527,8.597830087441958],[7.736441646659196,8.597887209631292],[7.736440822018058,8.598136106777623],[7.736652654752948,8.598060217378865],[7.73665316213774,8.597907049891415],[7.736538009168527,8.597830087441958]],[[7.737502203168299,8.59708655049605],[7.737521754442768,8.59699088384588],[7.737713971800856,8.597029806339195],[7.737599325748975,8.596799676658666],[7.737445450565456,8.596799172148627],[7.737368005946011,8.596952087409239],[7.737252472750877,8.59699000083926],[7.73723260447276,8.597181397171381],[7.737309035056303,8.597334817019874],[7.737424124699585,8.597430925183666],[7.737346870062168,8.597526402590846],[7.737307006651407,8.597947487135984],[7.73744152106779,8.597986220576125],[7.737442154895812,8.597794761157395],[7.737577746645359,8.597508013512204],[7.737501506048114,8.59729715586917],[7.737502203168299,8.59708655049605]],[[7.731248606700903,8.597793547117465],[7.73128688442999,8.597851111572904],[7.731575336835867,8.597871208106309],[7.731595080648065,8.59771810428621],[7.731402736655182,8.59771747057312],[7.731248606700903,8.597793547117465]],[[7.738115994124647,8.59760550872388],[7.738134341711236,8.597873615023575],[7.73828840738912,8.597816681476312],[7.738308465236065,8.597567847178386],[7.738115994124647,8.59760550872388]],[[7.735269234674306,8.597615314217185],[7.735173126059249,8.597595852368677],[7.735153256677059,8.597787248432244],[7.735384069848713,8.597788006634488],[7.73538451424237,8.597653985147046],[7.735480876807435,8.597596863236067],[7.735442852324984,8.597462715399285],[7.735269234674306,8.597615314217185]],[[7.737270122495641,8.597468712448944],[7.737173950348432,8.597468397030811],[7.737115422901692,8.597717104985184],[7.737250000602336,8.597736692537596],[7.737307957484877,8.59766029802154],[7.737270122495641,8.597468712448944]],[[7.74133010683099,8.59702249790087],[7.741368007087293,8.597194937394704],[7.741579270155842,8.597291358822401],[7.742156366950205,8.59727409835407],[7.742156935218393,8.597101784557008],[7.742234693770868,8.596853138170202],[7.741984456677707,8.596909759244237],[7.74185013139394,8.596813589451267],[7.741676958360186,8.596832169757251],[7.741676579383565,8.59694704560247],[7.741464937419599,8.596965500086137],[7.741388189211098,8.596907810690176],[7.741138141605547,8.596906993279983],[7.741137636081414,8.597060161041007],[7.74133010683099,8.59702249790087]],[[7.735405653101425,8.5970796705049],[7.735155415486896,8.597136286971104],[7.735154907546899,8.59728945437575],[7.735347378570842,8.597251794329539],[7.735405653101425,8.5970796705049]],[[7.739024127394573,8.596363983500979],[7.73912055247963,8.596287714593476],[7.739332067436812,8.59630755327522],[7.739486258874401,8.596212327209724],[7.739486954809683,8.59600172166308],[7.739198122836664,8.596096506941022],[7.739063165773651,8.59619179587091],[7.73873618135569,8.596190725031626],[7.73865848413334,8.596420224458653],[7.738562312198785,8.59641990942537],[7.738638489995109,8.596649912878945],[7.738869049581427,8.596727252707467],[7.738868669763971,8.596842128428714],[7.739061140459508,8.59680446643911],[7.73902381093288,8.596459713276275],[7.739024127394573,8.596363983500979]],[[7.743178758428651,8.596377565989306],[7.743409445319173,8.59641661123347],[7.743409003809588,8.596550633145233],[7.743543518683634,8.596589364473951],[7.743563572959918,8.596340529383845],[7.743467590069128,8.59628277761432],[7.74319843442211,8.596243606864952],[7.743178758428651,8.596377565989306]],[[7.731849010995564,8.596551028004923],[7.731579793873782,8.59653099517707],[7.73152164516267,8.596664826391182],[7.731906332119414,8.596666093448636],[7.731849010995564,8.596551028004923]],[[7.734638182826632,8.596502765211445],[7.734676206967952,8.596636913079445],[7.734810847551255,8.596637355488966],[7.734830843964328,8.596407667600236],[7.734638436877945,8.59642618152151],[7.734638182826632,8.596502765211445]],[[7.738312898459837,8.596227630727705],[7.738216726586688,8.59622731561513],[7.738196985548335,8.596380420182086],[7.738370158315634,8.59636184143608],[7.738370538261657,8.596246965734125],[7.73848632442871,8.596132468113321],[7.738601667348756,8.596151992112812],[7.738851967409432,8.596076227282225],[7.738775599640075,8.595903661723446],[7.738640642568305,8.595998950500757],[7.738506065325722,8.595979363510999],[7.738371044848161,8.596093798130427],[7.738312898459837,8.596227630727705]],[[7.737101576833958,8.596089636967614],[7.737004707728333,8.596299926901073],[7.73713909476872,8.596376952244045],[7.737408376016062,8.59637783526747],[7.737486010574054,8.596167482143489],[7.737178767800214,8.59601330551137],[7.737101576833958,8.596089636967614]],[[7.743372805565739,8.595861252061257],[7.743257083823039,8.595956605389617],[7.743391346191812,8.596071920691102],[7.74346866221041,8.595957295815092],[7.743372805565739,8.595861252061257]],[[7.730908885187835,8.595839524817967],[7.730889332404622,8.595935190906278],[7.731100973453171,8.595916742227375],[7.730986586676283,8.595610027605867],[7.730890415232198,8.595609710686459],[7.730908885187835,8.595839524817967]],[[7.742777296606913,8.595629554090731],[7.742758314624265,8.595552907363524],[7.742489096514498,8.595532882182884],[7.742526492366381,8.595858489482312],[7.742795584510836,8.5959168066367],[7.742911243242359,8.59584059944609],[7.74277698111435,8.595725284008381],[7.742777296606913,8.595629554090731]],[[7.73868069391868,8.595520427674044],[7.738776549138683,8.595616472415392],[7.739064937800676,8.595655709107394],[7.739065380789515,8.59552168741413],[7.738911506034162,8.595521183564177],[7.738700181467414,8.595443906855836],[7.73868069391868,8.595520427674044]],[[7.742316681498914,8.595321711101226],[7.742162617250302,8.595378646499713],[7.74216198597178,8.595570106291639],[7.742335347790125,8.595494087739182],[7.742316681498914,8.595321711101226]],[[7.741010514529991,8.594781350366533],[7.741087072757372,8.594896477689721],[7.741124467408966,8.595222084954615],[7.741123582901984,8.595490128557568],[7.741412793112016,8.595280465854321],[7.741548254599672,8.595032008165218],[7.741702571344429,8.59489848909931],[7.741664923597253,8.594649465724274],[7.741530346511728,8.594629879836559],[7.741338698118589,8.594418645595619],[7.741088841669995,8.594360390471078],[7.7410878308768,8.594666726026455],[7.741010514529991,8.594781350366533]],[[7.739797803889901,8.595064576777],[7.739854684733313,8.595313663096695],[7.73998913541185,8.595371541518302],[7.739990147171271,8.595065206104081],[7.74025955423002,8.595027795069608],[7.740298591844974,8.594855607202545],[7.740144590835665,8.594893395813704],[7.740145033405421,8.59475937405923],[7.740069234221269,8.59441449501695],[7.73999261317812,8.594318513511066],[7.739800143797176,8.594356176165174],[7.739818555994723,8.594605136614087],[7.739702201483158,8.594891948423976],[7.739797803889901,8.595064576777]],[[7.735969477834096,8.595262638474773],[7.736123288880558,8.595282289419679],[7.736238885019701,8.595225230331174],[7.73633480289185,8.59530212964621],[7.736393330230115,8.595053421800168],[7.736297412399274,8.59497652250608],[7.736008897962036,8.594975575723229],[7.735969477834096,8.595262638474773]],[[7.735200740344373,8.595068653222608],[7.735315892232725,8.595145615923322],[7.735393146749947,8.595050138916024],[7.735355185887983,8.594896845165133],[7.73523978017538,8.594896466199103],[7.735200740344373,8.595068653222608]],[[7.73900938643741,8.59500455766333],[7.738893980528928,8.595004179787406],[7.738778321448025,8.595080385695315],[7.738778004972624,8.595176115467876],[7.739066393308526,8.595215352111667],[7.739086323712657,8.595004809561416],[7.739163830457844,8.594832747825986],[7.739413749991038,8.594871858241097],[7.739356426629549,8.594756793616304],[7.739202995058801,8.594622268220455],[7.739029759800904,8.594659993419342],[7.739067405790095,8.594909016804223],[7.73900938643741,8.59500455766333]],[[7.734489833697058,8.594836564308627],[7.734508242368736,8.595085524508198],[7.73462358460247,8.595105049625404],[7.734624156126879,8.59493273631111],[7.734701220253059,8.594894697234011],[7.734740260272913,8.594722510289689],[7.734586513102061,8.594683712910806],[7.734489833697058,8.594836564308627]],[[7.73701028573084,8.594615084087273],[7.736818006287606,8.59459530736448],[7.736702156830549,8.59472895042703],[7.736932904905758,8.594748853374865],[7.73695131519337,8.59499781368866],[7.737067164669457,8.594864170552142],[7.737279058785073,8.594769134571923],[7.737605915097672,8.594808498364749],[7.737720624077681,8.595019482033868],[7.737893732870745,8.595020049363114],[7.738028309719354,8.595039636514493],[7.737971176789552,8.59486713389476],[7.73797143012286,8.594790550099427],[7.737875701986057,8.594656213316267],[7.738068234899523,8.594599405724184],[7.738280445264464,8.594408639377072],[7.73828126834285,8.59415974200541],[7.738107843305018,8.594254904658952],[7.737761246356373,8.594368645902087],[7.737472225371345,8.59452086784615],[7.73733752203315,8.59453957241932],[7.737298736641877,8.594635176024765],[7.737087222868041,8.59461533637331],[7.73701028573084,8.594615084087273]],[[7.742953181810217,8.594787695834773],[7.742933379711379,8.594959946925691],[7.743087317556844,8.594941303149845],[7.743107308810026,8.594711614080023],[7.742953181810217,8.594787695834773]],[[7.742916542539861,8.594232336691384],[7.742839542221916,8.594251231566139],[7.742819550873862,8.594480920607689],[7.74306921859941,8.594596612618524],[7.743089146742003,8.594386069531739],[7.74295463268181,8.594347338158258],[7.742916542539861,8.594232336691384]],[[7.734877693509429,8.593880531817641],[7.734646374798162,8.59403294105412],[7.734645485865135,8.594300984001585],[7.734972214225018,8.594378641787848],[7.73516608005796,8.5939197711859],[7.734973864666687,8.593880847678427],[7.734877693509429,8.593880531817641]],[[7.738896448662993,8.594257487508397],[7.739011474682032,8.594372741093299],[7.739281007765699,8.59429703876757],[7.739204703295014,8.594105327343074],[7.738801099989322,8.594008275189491],[7.738801479700036,8.59389339945439],[7.738666839876865,8.593892958579657],[7.738551054533906,8.594007456373602],[7.738896448662993,8.594257487508397]],[[7.744513809652849,8.59398864579926],[7.74455171129173,8.594161085169688],[7.74435955715052,8.594103020195632],[7.744339818766319,8.594256125464742],[7.744628459577795,8.594218773932333],[7.744667621131626,8.594008293321524],[7.744821495618591,8.594008794784346],[7.74484129676715,8.593836543458465],[7.74470709756265,8.593702082699915],[7.744688304179552,8.59356799801939],[7.744399852873487,8.593547911676698],[7.744322537701052,8.593662536864011],[7.744322348682489,8.593719974854707],[7.744321844626584,8.593873142829034],[7.744514061646883,8.593912061807048],[7.744513809652849,8.59398864579926]],[[7.735281675855662,8.593862712341847],[7.735261426211696,8.594168984059808],[7.73539606595469,8.594169426138794],[7.735416696214743,8.59374827881273],[7.735281675855662,8.593862712341847]],[[7.738994897971454,8.593568547916378],[7.738936625749118,8.593740672626218],[7.739032670478144,8.59377927938416],[7.7391293478992,8.59362642653584],[7.738994897971454,8.593568547916378]],[[7.74299884078468,8.592605178858882],[7.742978975895602,8.592796575978289],[7.743171759667359,8.592663181627003],[7.74299884078468,8.592605178858882]],[[7.746249615966852,8.592558333530846],[7.7462485466274,8.592883815735723],[7.746363889324051,8.592903337328972],[7.746383563866371,8.59276937783203],[7.74651845524931,8.592693231896883],[7.746461318494413,8.592520730014694],[7.746249615966852,8.592558333530846]],[[7.743539857555301,8.591860242048384],[7.743443686588713,8.591859928399176],[7.743308668978668,8.591974365197073],[7.743250335907343,8.592165636879336],[7.74334568736221,8.592414848471996],[7.743461092685974,8.592415224901636],[7.743538344749779,8.5923197458734],[7.743731065076709,8.592205497170163],[7.74378914584364,8.592090809360077],[7.743943145531815,8.592053019071301],[7.744039316565554,8.592053332602843],[7.744058298742632,8.592129979292425],[7.744135235588258,8.592130230098816],[7.744288920297103,8.592188169660036],[7.744327766694812,8.592073419052074],[7.744578000383885,8.592016795935274],[7.744597675449256,8.591882836606992],[7.744867520983628,8.591711399935084],[7.74482949335062,8.591577252594341],[7.744714025248512,8.59159602261281],[7.744656700522436,8.591480958598762],[7.744695735621927,8.591308769917429],[7.744580393553258,8.591289247904458],[7.744522313163832,8.591403935890208],[7.744349394530826,8.591345933777268],[7.744291251074695,8.591479767715516],[7.744291503038709,8.591403183719919],[7.744099413284042,8.591325972815554],[7.74377230636705,8.591363198841286],[7.743637415084121,8.591439343808567],[7.743540613926585,8.591630490131676],[7.743539857555301,8.591860242048384]],[[7.739826206839948,8.592288474981263],[7.73994123267317,8.592403728254805],[7.74001848551255,8.592308250059013],[7.739961099014395,8.592212331504742],[7.739981281377652,8.591925204916215],[7.739846578969781,8.591943910519477],[7.739864864873048,8.592231162914997],[7.739826206839948,8.592288474981263]],[[7.746597152997124,8.592157393811135],[7.746289153729618,8.592232976508075],[7.746346290378712,8.59240547840097],[7.746500478753912,8.59231024902933],[7.746750460989529,8.592330208542219],[7.746751026852042,8.592157894396273],[7.746597152997124,8.592157393811135]],[[7.741058647783358,8.591852142223619],[7.74123169221549,8.591871853821774],[7.741327294811457,8.592044481812092],[7.741461934120922,8.592044921663135],[7.741443141898512,8.591910836988733],[7.741116855530467,8.591699162971935],[7.741232576268632,8.591603810157418],[7.741213657836209,8.591508017435846],[7.741002145255957,8.59148818015221],[7.741020305749892,8.591813724570494],[7.741058647783358,8.591852142223619]],[[7.741503811599936,8.591011164501902],[7.741734810587491,8.59095448036633],[7.741754865200136,8.590705645426628],[7.741619973868707,8.590781789665453],[7.741561892753647,8.590896477090904],[7.741311596523438,8.590972244270082],[7.741080723796404,8.590990636189941],[7.741022074112283,8.591277637280104],[7.741021568877567,8.591430805078913],[7.7413679099366,8.591393644269282],[7.741445099086524,8.591317311679585],[7.741465343328628,8.591011038854155],[7.741503811599936,8.591011164501902]],[[7.739695993133837,8.590947817012447],[7.739694981630305,8.591254152457152],[7.739868468113832,8.59113984285407],[7.739869226630331,8.590910091254244],[7.739695993133837,8.590947817012447]],[[7.743735665498474,8.5908078395556],[7.743812097980991,8.590961258355467],[7.743965971188873,8.590961759983513],[7.744024051646773,8.59084707209344],[7.743986024364462,8.590712924718535],[7.743832277272618,8.590674131120398],[7.743735665498474,8.5908078395556]],[[7.746297077557547,8.589820578737138],[7.746277466167717,8.589935392252066],[7.746085062115417,8.589953912448884],[7.746084118749278,8.590241102650497],[7.746122398340073,8.590298665866705],[7.746121140497492,8.590681586133217],[7.746294184999027,8.590701295419436],[7.746315116972129,8.590184415601223],[7.746297077557547,8.589820578737138]],[[7.743894011730362,8.58944897540025],[7.743624671687464,8.589467243609906],[7.743624167604858,8.589620411576803],[7.743527556085716,8.58975411999479],[7.743584250108447,8.590060644052224],[7.743680483638263,8.590041811605424],[7.743698961607852,8.590271626261883],[7.743698772571178,8.590329064248861],[7.743813862244953,8.590425170464295],[7.743930211995663,8.590138356706538],[7.744218660674296,8.590158443030594],[7.744256184136531,8.590445758387741],[7.74437158890547,8.590446134459157],[7.744449029222086,8.59029321714527],[7.744449595987156,8.590120903133688],[7.744469270902392,8.589986943791564],[7.744546207328287,8.589987194453853],[7.744700017227306,8.59000684173573],[7.744757971381249,8.589930445684589],[7.744758852756025,8.589662401628981],[7.744778527518016,8.589528442248971],[7.744702283687018,8.589317585603151],[7.744587131084852,8.589240625666879],[7.744490645914479,8.589336042386355],[7.744644077800564,8.58947056567401],[7.744624214115747,8.589661963050633],[7.74445117027269,8.589642253093258],[7.744450666511221,8.589795421107516],[7.744507990991202,8.589910485116732],[7.744411820479933,8.589910171779708],[7.744354621981939,8.58975681575832],[7.744200875202395,8.589718022355397],[7.744067244384211,8.589411247593663],[7.743951713955481,8.58944916347285],[7.743894011730362,8.58944897540025]],[[7.739910412629477,8.590086940458598],[7.740103385313275,8.589896109673838],[7.740103764447745,8.589781233856451],[7.740257952862735,8.589686007042587],[7.740412457063246,8.58949505029476],[7.740220116557401,8.589494421583023],[7.74022062199804,8.589341253816267],[7.740066876039699,8.589302458847293],[7.740028028826213,8.589417208897814],[7.739816327944202,8.589454809040502],[7.739719209623756,8.58974168405378],[7.739699217051606,8.589971372749234],[7.739910412629477,8.590086940458598]],[[7.747470609895908,8.589747809935773],[7.747449993705851,8.590168959939172],[7.747719711307558,8.590035812947633],[7.747720213771871,8.589882644742762],[7.747585637714772,8.589863061163049],[7.747470609895908,8.589747809935773]],[[7.746643228723894,8.58984085095083],[7.746469933085468,8.58989772593999],[7.746469492990031,8.59003174805484],[7.747123453264178,8.590033874812079],[7.747143190088121,8.589880769176032],[7.747027785367057,8.589880393959067],[7.747028225258649,8.589746371814412],[7.746720165184683,8.589841101174933],[7.746643228723894,8.58984085095083]],[[7.74679905003468,8.589247824787252],[7.746836826881449,8.589458556093987],[7.747009933761049,8.589459118964825],[7.747125024181433,8.589555224277294],[7.747145012282042,8.589325534545942],[7.747068452926099,8.589210408292532],[7.746819038286144,8.589018135095067],[7.74679905003468,8.589247824787252]],[[7.743954611488972,8.5885684475273],[7.744108483740963,8.588568948959846],[7.744261915201109,8.588703472341248],[7.744627361987271,8.588704662870535],[7.744628180374243,8.588455764815752],[7.744455703706524,8.588263740908952],[7.744282660506618,8.58824403096683],[7.743936133297304,8.588338632853056],[7.743954611488972,8.5885684475273]],[[7.74376315311887,8.588299776678536],[7.743763846045236,8.588089170698066],[7.743591307007581,8.58791629248435],[7.74345673205005,8.58789670759043],[7.743302545034842,8.587991935912042],[7.743301410742882,8.588336563819341],[7.743763027130364,8.58833806867473],[7.74376315311887,8.588299776678536]],[[7.743690374604371,8.587035890028156],[7.743594078860711,8.587073868587416],[7.74363204283005,8.587227161951972],[7.74380521146865,8.58720858011721],[7.743805778317625,8.587036266120844],[7.743690374604371,8.587035890028156]],[[7.746437185620611,8.588155313250091],[7.746263890766603,8.588212188256795],[7.746090784501923,8.588211625132004],[7.746128812432395,8.588345772386555],[7.746398151810014,8.588327502294392],[7.746533104347079,8.588232210092851],[7.746437185620611,8.588155313250091]],[[7.747592997568084,8.593481722024649],[7.747554026213122,8.593634765115656],[7.747419323176563,8.593653473332711],[7.747418883219231,8.59378749547039],[7.747630523583468,8.593769037416209],[7.747592997568084,8.593481722024649]],[[7.746186502940886,8.594204702677093],[7.745859519327646,8.594203638129681],[7.745897106938253,8.594471807495005],[7.746128044904255,8.59443426695089],[7.746185747932605,8.594434454797133],[7.746186125439364,8.594319578737462],[7.746186502940886,8.594204702677093]],[[7.733660228754927,8.578195847339192],[7.733736718534616,8.578330121351632],[7.734044263365615,8.578388568925247],[7.734121704366619,8.578235653837027],[7.734083998328161,8.578005776400412],[7.733949300942065,8.578024480624203],[7.733776200116245,8.578023912638697],[7.733603226154784,8.577985052709433],[7.733602782168581,8.578119074240648],[7.733641249024719,8.578119200485029],[7.733660355604261,8.578157555472524],[7.733660228754927,8.578195847339192]],[[7.733964475949466,8.579249883578727],[7.733963905186146,8.579422196988732],[7.734040585511035,8.579499033179273],[7.734214130867081,8.57936557958964],[7.734176361353632,8.579154848087136],[7.733926452907017,8.57911573580986],[7.733964475949466,8.579249883578727]],[[7.734849153157064,8.57927193172135],[7.735060087978559,8.579464084852804],[7.734964934333821,8.579157434468765],[7.734830299905109,8.579156993005437],[7.734810686166907,8.579271805580548],[7.734849153157064,8.57927193172135]],[[7.735981206883954,8.580098926961387],[7.735885609102356,8.57992629832181],[7.735789124767201,8.580021712933924],[7.735577302465415,8.580097603350195],[7.735519791876665,8.58003997639256],[7.735326759579859,8.58024995130997],[7.735345232847888,8.580479765686514],[7.735306322208855,8.580613661180081],[7.735363516042354,8.580767017893086],[7.735536428165891,8.580825023180637],[7.735614312665192,8.58053808617851],[7.735576288957652,8.58040393847847],[7.735826451884424,8.580366466041868],[7.735981016914772,8.580156364807308],[7.735981206883954,8.580098926961387]],[[7.739076609356848,8.580472834064242],[7.738845869503763,8.58045293361618],[7.738903128000327,8.580587144037699],[7.739114697516799,8.580587835626046],[7.739115076531421,8.580472959797246],[7.739076609356848,8.580472834064242]],[[7.735389781431729,8.57864188109187],[7.735158853125071,8.57867941645604],[7.735158409647735,8.578813438063353],[7.735504675548885,8.578795426874036],[7.73565841670394,8.578834223004824],[7.735678220134449,8.578661972500464],[7.735389781431729,8.57864188109187]],[[7.7143759,8.5638081],[7.7144296,8.563613],[7.714085,8.5635202],[7.7140588,8.5637226],[7.7143759,8.5638081]],[[7.718967,8.5586752],[7.7190104,8.5585404],[7.7188326,8.5584844],[7.7187892,8.5586192],[7.718967,8.5586752]],[[7.7191227,8.5593449],[7.7192186,8.5591496],[7.7190979,8.5590916],[7.719002,8.5592869],[7.7191227,8.5593449]],[[7.7187005,8.5592629],[7.7186564,8.5593682],[7.7188433,8.5594448],[7.7188874,8.5593394],[7.7187005,8.5592629]],[[7.7192118,8.5596521],[7.7192577,8.5595299],[7.7190622,8.5594579],[7.7190162,8.5595802],[7.7192118,8.5596521]],[[7.7225595,8.5634991],[7.7224769,8.5631805],[7.7224019,8.5631651],[7.7221099,8.5632391],[7.7221545,8.5634108],[7.7223998,8.5635396],[7.7225595,8.5634991]],[[7.7187208,8.5654055],[7.7188428,8.5654546],[7.7188896,8.5653408],[7.7187676,8.5652917],[7.7187208,8.5654055]]],[[[7.701860747108628,8.568766115078702],[7.701668160121236,8.568842051487229],[7.701456600210465,8.568841340331888],[7.70139916192843,8.568764563561501],[7.70136147612614,8.568534685848672],[7.701361800963689,8.56843895734999],[7.701439381379793,8.568247758967482],[7.701574140111914,8.568209920105955],[7.701612605487227,8.568210049394382],[7.701746779679199,8.568344521793906],[7.701842943159039,8.56834484496987],[7.70186230573792,8.568306618194768],[7.701920003822312,8.568306812085115],[7.701938717014714,8.56846004234722],[7.701842423615474,8.568498010597606],[7.70186113677408,8.568651240858769],[7.701860747108628,8.568766115078702]]],[[[7.701629110063955,8.569014233506934],[7.701647823129735,8.569167463765492],[7.701436263040808,8.56916675257222],[7.701552438998729,8.568937392102637],[7.701629110063955,8.569014233506934]]],[[[7.70016527703092,8.569641125223638],[7.700069568573313,8.569506781759912],[7.700262156112599,8.569430846248409],[7.70031907399615,8.569660788691868],[7.700491713615414,8.569795390962893],[7.700800152830558,8.569585823578405],[7.700897031568627,8.569375544389182],[7.701031530776533,8.569414288571622],[7.70097292261421,8.56968213426388],[7.701106577057768,8.569969772490358],[7.701127239589598,8.569548631844427],[7.701377135419789,8.569587763967865],[7.701549710485748,8.569741511516794],[7.701587461381334,8.569952243531853],[7.701836772957163,8.570163686718994],[7.701913704109147,8.570163945298216],[7.702009803104452,8.570183414203708],[7.702009283514527,8.57033657982708],[7.702297256012876,8.57049071495045],[7.702373667781696,8.570644139090888],[7.702373472980587,8.570701576206748],[7.7025457892421,8.570931906261668],[7.702622720570229,8.57093216472266],[7.702622006405583,8.571142767497694],[7.702468663122922,8.570989084902541],[7.702334098226533,8.570969486824394],[7.702315319963368,8.570835402263633],[7.702123121614384,8.570796464530131],[7.702123316455259,8.570739027420275],[7.701969713726143,8.570661927486869],[7.701815656335695,8.570718847408672],[7.701488763473295,8.570698602489127],[7.701449778004201,8.570851638736295],[7.701448998217782,8.571081387111732],[7.701352769077428,8.571100209432382],[7.701371482006921,8.571253439686958],[7.701679337394176,8.571216183014252],[7.701697270770424,8.57159916166444],[7.701639312283364,8.57167555046186],[7.701639052369543,8.571752133256506],[7.701466151543031,8.571694114109667],[7.701426710969557,8.571981170208335],[7.701138217847906,8.571980199889516],[7.701003912795711,8.571884018532346],[7.700985330045619,8.571692496894801],[7.700985720108958,8.571577622732267],[7.701004952961275,8.571577687431473],[7.70100534301342,8.571462813267361],[7.701005668052733,8.571367084796734],[7.700813534692765,8.57130900069955],[7.700814444911132,8.571040960998923],[7.700699373069791,8.57094484429551],[7.700699633146829,8.570868261526334],[7.700641934704318,8.570868067396184],[7.700507435067245,8.570829323010557],[7.700507695179137,8.57075274024678],[7.700526993012967,8.570733659272468],[7.700527253118,8.570657076507716],[7.700489372758195,8.570484635855383],[7.700316472727616,8.570426616301269],[7.700086134587488,8.570291819722659],[7.69991323472801,8.57023380000951],[7.699778605296331,8.570233346784935],[7.699625263635649,8.570079663277875],[7.699509932111528,8.5700601290394],[7.699510062255738,8.570021837671254],[7.699664054490681,8.569984064362078],[7.699646122996977,8.569601085900997],[7.699857618123696,8.569620943797567],[7.700011610177835,8.569583170319822],[7.700011089825151,8.569736335826034],[7.700165016884747,8.569717707981361],[7.70016527703092,8.569641125223638]]],[[[7.699739098733335,8.570539548251327],[7.699737602210328,8.570979899008746],[7.699583088950086,8.57117083775538],[7.699620513369494,8.571477298224849],[7.699523893606838,8.571610994157174],[7.699523633271601,8.571687576887522],[7.699427078504436,8.571802127099522],[7.699426818143928,8.571878709826159],[7.699330198198314,8.572012405682072],[7.699176335311881,8.572011887368369],[7.699022081762278,8.572126243063458],[7.698848334765483,8.572317116579113],[7.698809348017468,8.572470152365044],[7.698713183617245,8.572469828279301],[7.698731634929313,8.572699641205752],[7.698654377686222,8.572795110291015],[7.698346651376435,8.572794072969883],[7.698270175889038,8.572659793897692],[7.698424951018499,8.57239227318477],[7.698425146451385,8.572334836164304],[7.698541455599499,8.572067185700822],[7.698637815285376,8.572010072787922],[7.698658546090605,8.571569787063092],[7.698658936846826,8.571454913006399],[7.698640941395807,8.571091080343253],[7.698410147688967,8.571090302520767],[7.698256480657878,8.571032346875402],[7.698256741226518,8.570955764181175],[7.698372659113457,8.570802987752993],[7.69848805587579,8.570803376679732],[7.69852671684532,8.570746069286812],[7.698892139912785,8.570747300616077],[7.69921916253239,8.570729256357673],[7.699257432854027,8.57078682296265],[7.699257107399701,8.570882551369438],[7.699449044955332,8.570998073223404],[7.699409993566783,8.57117025481829],[7.69940908235066,8.571438294367077],[7.699466260165688,8.571591654152487],[7.699504725848591,8.571591783701479],[7.699543516942188,8.571496184832434],[7.69952604128048,8.57097918661993],[7.699353271421862,8.570882875260228],[7.699392973610247,8.570519236841935],[7.699527668196639,8.570500544532175],[7.699547551714103,8.570309152455943],[7.699739424053869,8.570443819824442],[7.699739098733335,8.570539548251327]]],[[[7.698083711182545,8.570936034991908],[7.698064152626369,8.571031698512531],[7.697833424172027,8.57101177468044],[7.697795479891405,8.570858479612996],[7.698083971782792,8.570859452302582],[7.698083711182545,8.570936034991908]]],[[[7.701079219028352,8.572362919678788],[7.701137502777496,8.5721908025287],[7.70132983162731,8.57219144944797],[7.701580054109212,8.572134853206606],[7.701733852215439,8.572154516268967],[7.701733267415368,8.572326827558701],[7.701617480136186,8.572441313720109],[7.70146361693702,8.57244079629199],[7.701425541104571,8.572325792747172],[7.701425671091981,8.572287501354278],[7.701367322446846,8.572478764260007],[7.701078828956817,8.572477793840939],[7.701079219028352,8.572362919678788]]],[[[7.69496146855717,8.572840083200608],[7.6949800482157,8.573031604674977],[7.694883883821496,8.57303127961455],[7.694788111417208,8.572916080659857],[7.694827165113046,8.572743899885248],[7.69496146855717,8.572840083200608]]],[[[7.699153847015666,8.572969106522017],[7.69963460467798,8.572989871938438],[7.699769365235249,8.572952033991525],[7.69982608777493,8.57323941355091],[7.699767607978244,8.57346896743014],[7.699671508380558,8.573449497863656],[7.699671833830113,8.573353769453739],[7.699652665989149,8.573334558992942],[7.699498802551193,8.57333404072842],[7.699325966620621,8.573256874889795],[7.69932544576702,8.57341004032507],[7.699209917953484,8.573447942888102],[7.699114143998522,8.573332744799025],[7.698922075251214,8.573255513985245],[7.698748978970399,8.573254930611181],[7.698826561952813,8.573063733140447],[7.698942285035157,8.572968393649349],[7.699153847015666,8.572969106522017]]],[[[7.696711138428112,8.572999160350152],[7.696864675421899,8.573095408009756],[7.696806976731816,8.573095213256536],[7.696806715806939,8.573171795897952],[7.696691253170394,8.573190552021554],[7.696479691275452,8.573189837781403],[7.696614973975491,8.572998835722041],[7.696711138428112,8.572999160350152]]],[[[7.697729438894993,8.573308930614814],[7.697537109759549,8.573308281818584],[7.697536522989243,8.573480592809705],[7.697555755910766,8.573480657694956],[7.6975547779475,8.573767842678865],[7.697554647549832,8.573806134009725],[7.697477650596311,8.573825020117777],[7.697478759025236,8.573499543813337],[7.69742158188164,8.57334618382462],[7.697498904724844,8.573231569385797],[7.697499687082063,8.573001821397785],[7.697596242711017,8.572887271806215],[7.697807674174244,8.572926276746106],[7.697826450816292,8.573060361291743],[7.697884149524613,8.573060555891848],[7.697845097104813,8.573232737173962],[7.69771020598077,8.573308865739499],[7.697729438894993,8.573308930614814]]],[[[7.696210039136637,8.573303802515001],[7.696190414651435,8.57341861149653],[7.695671126190891,8.57341685743499],[7.695709853151091,8.57334040478255],[7.696133107528383,8.573303542705437],[7.696210039136637,8.573303802515001]]],[[[7.694361655136045,8.573891077733947],[7.694246126901995,8.5739289787149],[7.694303041296118,8.57415892155299],[7.694187839824747,8.57410109430644],[7.694169391335913,8.573871281577043],[7.694323385384459,8.573833510716264],[7.694323842907216,8.573699491231276],[7.694362243364997,8.573718766965232],[7.694361655136045,8.573891077733947]]],[[[7.697494144916512,8.574629202919255],[7.697321113329703,8.574609473149433],[7.697186091153144,8.574723892761838],[7.697185504126367,8.574896203716193],[7.697069780029366,8.57499154251875],[7.696627682228068,8.574913466469113],[7.696627877989187,8.574856029497356],[7.696686098940649,8.574703059054618],[7.696455433756533,8.57466398842608],[7.696475188801744,8.57451088812306],[7.696340688579861,8.57447214216433],[7.696341145430386,8.574338122575607],[7.696494943822036,8.574357787815481],[7.696495400612331,8.574223768217701],[7.696495531122483,8.574185476903878],[7.69745717875581,8.574188722850975],[7.697457374375582,8.57413128585803],[7.697361405242534,8.574073524382342],[7.697438858693551,8.573920618655654],[7.697592917834179,8.573863700779379],[7.697958148204767,8.573922370441988],[7.697995831954839,8.574152248198843],[7.697860810126742,8.57426666810422],[7.697802394136774,8.57447707580768],[7.697917661608767,8.574515756405274],[7.697917270488296,8.574630630409818],[7.697801481437288,8.57474511513873],[7.697666980932463,8.574706369610352],[7.697667372131612,8.574591495617737],[7.697494731785695,8.574456891941272],[7.697494144916512,8.574629202919255]]],[[[7.702648915006781,8.580218024345955],[7.702745211482924,8.580180056343972],[7.702879584647975,8.580257091854028],[7.702879129769896,8.580391111751165],[7.7026483300609,8.580390335626635],[7.702648915006781,8.580218024345955]]],[[[7.707337263024288,8.564514931275212],[7.707433684288138,8.564438669917493],[7.707529653119551,8.564496428784341],[7.707394572848198,8.564629998760129],[7.707393926478633,8.564821456253513],[7.707393797202921,8.564859747751958],[7.707354879592705,8.564993639330924],[7.707258522806039,8.565050754895793],[7.707143450633432,8.564954640110786],[7.70708575293451,8.564954447075458],[7.706970874815105,8.564800895011189],[7.707125446431914,8.564590806568932],[7.707183144076955,8.564590999590205],[7.70724110029653,8.564514609609487],[7.707337263024288,8.564514931275212]]],[[[7.704772145789922,8.566631542701499],[7.704733291814567,8.566746288114322],[7.704579560300385,8.566707480815888],[7.704503277721426,8.566515765615755],[7.704715354875776,8.566363309093338],[7.704772469701446,8.566535814063574],[7.704772145789922,8.566631542701499]]],[[[7.704458137567841,8.568487646244803],[7.70453383706907,8.568851673002461],[7.704513826564717,8.56908135717856],[7.704206167353198,8.56906117924973],[7.704206685985506,8.568908013482462],[7.704322925126529,8.56865950619541],[7.704323314048114,8.568544631862366],[7.704458137567841,8.568487646244803]]],[[[7.708796984396882,8.570799690255493],[7.708970532486991,8.570666248673367],[7.709202166590807,8.570418125302817],[7.709336925757899,8.570380283735648],[7.709413598864327,8.570457123863669],[7.709163119543357,8.570590308550514],[7.708970080258172,8.570800268960843],[7.708796855169988,8.570837981763402],[7.708796984396882,8.570799690255493]]],[[[7.709140269160702,8.571662406615825],[7.709312977868704,8.571777859766957],[7.709408625774055,8.571931347247961],[7.709446316559152,8.572161224903752],[7.709215198200027,8.572256182221203],[7.709119356495654,8.572160131959546],[7.709119744138406,8.572045257428764],[7.708946841548982,8.571987241445383],[7.708986147372393,8.57173847524944],[7.708948521485383,8.571489451836502],[7.708871589852075,8.57148919461889],[7.708929482412021,8.571431950270568],[7.709006414035581,8.571432207474947],[7.709140398365845,8.571624115104342],[7.709140269160702,8.571662406615825]]],[[[7.704984601145681,8.572050556934668],[7.704926513524685,8.572165237757929],[7.704868814789585,8.572165044230152],[7.704907669520468,8.572050298910712],[7.704984601145681,8.572050556934668]]],[[[7.706945711237099,8.572248588756047],[7.70675299356679,8.572362819051214],[7.706637854886764,8.57228584957964],[7.706849870188641,8.572152538015578],[7.706945711237099,8.572248588756047]]],[[[7.710578995464812,8.57277768042313],[7.710674192362191,8.57306518805699],[7.710538851372429,8.573275341848765],[7.710403962094174,8.57335147522397],[7.710365496067862,8.573351346734349],[7.710153997498656,8.573331494211219],[7.710154772264926,8.57310174506881],[7.71000174768474,8.572852336110605],[7.709983095820654,8.572679960000826],[7.710252551168041,8.572623422255019],[7.71048283053773,8.572777359256806],[7.710578995464812,8.57277768042313]]],[[[7.709538735028362,8.573272000252633],[7.709557580463697,8.573386939081935],[7.709422755600856,8.57344392632294],[7.709404297817733,8.573214112956181],[7.709538993407528,8.573195417223879],[7.709538735028362,8.573272000252633]]],[[[7.708495498123969,8.574647021291176],[7.708707061836157,8.574647729067372],[7.708783994099626,8.574647986411806],[7.708802903951846,8.57474377949635],[7.708802645377934,8.574820362496665],[7.708514019953406,8.574857688866395],[7.708495174832969,8.574742750030348],[7.708495498123969,8.574647021291176]]],[[[7.707225339564608,8.574872521058323],[7.707225015947077,8.574968249748201],[7.707243990124667,8.575044897114104],[7.707243731229393,8.575121480065933],[7.707089801876374,8.575140110456411],[7.706706046848557,8.57487078154441],[7.706706370592245,8.574775052873745],[7.706918516859191,8.574603450017973],[7.707033979890739,8.574584690824642],[7.707129756783993,8.574699887342343],[7.707186873433745,8.57487239222938],[7.707225339564608,8.574872521058323]]],[[[7.707376809520404,8.575581428672576],[7.707318657143182,8.575715255600292],[7.707164921743535,8.575676448774988],[7.707184802155188,8.575485055826885],[7.707320210497999,8.575255757885113],[7.707492919995606,8.575371211988829],[7.707492661140178,8.575447794946923],[7.707377068403123,8.57550484571853],[7.707376809520404,8.575581428672576]]],[[[7.703626811764028,8.575434830299542],[7.703896269389786,8.57537829742688],[7.703934995087026,8.575301843741007],[7.704088924471612,8.575283214641681],[7.704184505872603,8.575455848923722],[7.70404942016474,8.57558941690751],[7.703838310606272,8.575454686520148],[7.70376098892279,8.575569302432497],[7.703626422315826,8.575549704559906],[7.703626811764028,8.575434830299542]]],[[[7.704198418372392,8.577025862015294],[7.704352867528653,8.576854067200408],[7.704391723094121,8.576739322053776],[7.70454565307315,8.576720692856247],[7.704718621596026,8.57675956529901],[7.704737141244911,8.576970232739702],[7.704563978009664,8.576988797438446],[7.704371192320931,8.577122171770835],[7.70419822369816,8.577083299153893],[7.704198418372392,8.577025862015294]]],[[[7.706504907665579,8.577473956560068],[7.706408223436468,8.577626800037482],[7.706273591055037,8.577626348690705],[7.706099909078699,8.57779807985878],[7.705965535886775,8.577721045493101],[7.705946821154811,8.577567815190525],[7.706312575763866,8.577473311824162],[7.706504907665579,8.577473956560068]]],[[[7.706811084366715,8.57793448550827],[7.70667599843326,8.578068054401294],[7.706599259882253,8.578010359344399],[7.706676710950517,8.577857451362496],[7.706696527108616,8.577685204244856],[7.706869172600628,8.577819804480807],[7.706811084366715,8.57793448550827]]],[[[7.706425383463694,8.578239527837558],[7.706232662388566,8.578353757367543],[7.706349098470448,8.57804781263467],[7.706541430663939,8.578048457395214],[7.706521614393791,8.578220704488583],[7.706425383463694,8.578239527837558]]],[[[7.704392070272543,8.582310788804017],[7.70456510612859,8.582330515967554],[7.704641195972958,8.582579668608407],[7.704813907460824,8.582695124239915],[7.704813582939543,8.58279085279949],[7.704583106182918,8.582694349066308],[7.704545223555572,8.582521908467239],[7.704333785688063,8.582482906346558],[7.70433411031772,8.5823871778037],[7.704391875505671,8.582368225931338],[7.704392070272543,8.582310788804017]]],[[[7.705736269626521,8.582947117899115],[7.705754659912084,8.583196076790262],[7.705620349938664,8.583099896336403],[7.705581883004447,8.583099767224768],[7.705447832610579,8.582927003855662],[7.70558292088134,8.582793435743858],[7.705736593922644,8.582851389305246],[7.705736269626521,8.582947117899115]]],[[[7.704233267835551,8.583765345640945],[7.704174788025956,8.583994900220842],[7.703732287600113,8.584031704798722],[7.70348303187573,8.583801115782581],[7.703502590250634,8.583705451944079],[7.703637484506444,8.58362932176729],[7.703714873182035,8.583495560471178],[7.704003375288212,8.5834965301558],[7.704022089160887,8.583649760434367],[7.704233397717632,8.58372705422793],[7.704233267835551,8.583765345640945]]],[[[7.706234135187347,8.583599750376042],[7.706175656575327,8.583829305443468],[7.705926010119762,8.583713592122457],[7.705945957016328,8.583503053749899],[7.70627292636864,8.583504150819074],[7.706234135187347,8.583599750376042]]],[[[7.707283359800659,8.586149679868216],[7.707282841342916,8.586302845686012],[7.707205453093966,8.586436607780495],[7.70710973857824,8.586302265184736],[7.70714878918322,8.586130082655819],[7.707110970064479,8.58593849639039],[7.707207397408131,8.585862235978942],[7.707322734318907,8.585881768667395],[7.707283359800659,8.586149679868216]]],[[[7.708284156502125,8.585961574944163],[7.708591700408082,8.58602004312695],[7.708629908728559,8.586096754932324],[7.708842384968511,8.585829423222053],[7.708995542096686,8.586040541652958],[7.70914973478915,8.585945328181731],[7.709186907842784,8.586328371815],[7.708936676138652,8.586384971739426],[7.708820562140083,8.58659518836343],[7.708532121889805,8.58657507619977],[7.708436147825188,8.586517316803146],[7.708340691835229,8.58630639150603],[7.708456546974132,8.586172757994497],[7.708341404129187,8.586095788418007],[7.708206444859552,8.586191065975717],[7.708130287453791,8.58596105936679],[7.708284156502125,8.585961574944163]]],[[[7.705583012584275,8.588441486219608],[7.705294441638242,8.588459662872957],[7.705314843963894,8.588115104699463],[7.705603349742448,8.588116073704382],[7.705660791288936,8.588192850331453],[7.705679181265805,8.588441809190503],[7.705583012584275,8.588441486219608]]],[[[7.70848160861756,8.590136053897668],[7.707943125865206,8.590115102785381],[7.707982047152192,8.589981211664854],[7.708155346020453,8.589924354830645],[7.708155669977624,8.589828626179509],[7.708271396857372,8.589733284377502],[7.70854067037309,8.589734186892287],[7.708675501434132,8.589677200876151],[7.708655360890608,8.589945176701388],[7.708655101821833,8.590021759637029],[7.708481738171397,8.590097762432745],[7.70848160861756,8.590136053897668]]],[[[7.708670708500386,8.59109398516601],[7.708805604827202,8.591017853442374],[7.708844396434404,8.59092225367855],[7.70897903363844,8.590922704821223],[7.709036282009139,8.59105691830431],[7.709036022982749,8.591133501247095],[7.709054738828439,8.591286731576728],[7.70893920587061,8.591324636361806],[7.708766295030815,8.591266619067422],[7.708670514174962,8.591151422364703],[7.708670708500386,8.59109398516601]]],[[[7.710167329198741,8.592171171953023],[7.709878237325048,8.592342517579855],[7.709821117965207,8.5921700126773],[7.710052831428444,8.591902745167873],[7.710168364509036,8.591864840059356],[7.710360574557471,8.591903775433677],[7.710359992284233,8.592076087137228],[7.710167329198741,8.592171171953023]]],[[[7.716105736517952,8.559279002826356],[7.716240170508849,8.5593368872576],[7.716201320865589,8.55945163448407],[7.715932067853402,8.559450740459255],[7.715932517039449,8.559316719724908],[7.716105736517952,8.559279002826356]]],[[[7.717219418071124,8.559818788053594],[7.717219161636215,8.559895371367281],[7.716835155160267,8.559702636822452],[7.716835668169487,8.559549470216382],[7.717047224234924,8.559550172193973],[7.717066007803534,8.559684256796926],[7.717219418071124,8.559818788053594]]],[[[7.71427390897342,8.560689721873562],[7.714311988222281,8.560804724619897],[7.714234801511393,8.560881052007215],[7.714195179839294,8.561225548564071],[7.713945158224191,8.561224716936511],[7.713964776343291,8.561109906098078],[7.714196143876469,8.560938361497847],[7.714081135008273,8.560823102880393],[7.71410094586156,8.56065085461139],[7.71427390897342,8.560689721873562]]],[[[7.713233622698875,8.561203203315092],[7.713041169805686,8.561240854730434],[7.71300315526232,8.561106706116002],[7.713118935708658,8.560992215462173],[7.713234330189476,8.560992599546582],[7.713233622698875,8.561203203315092]]],[[[7.715419762674411,8.563105930009636],[7.71528513492192,8.563105482559143],[7.715208975577538,8.562875477130028],[7.714978313794266,8.56283641832086],[7.715017292760977,8.562683379723538],[7.714844714142715,8.562529637806966],[7.714884207063511,8.562223432756776],[7.714999730470554,8.562185524750362],[7.715190321146228,8.562703100910536],[7.71549810561564,8.5626849778008],[7.715555482095726,8.562780898595129],[7.715574008263362,8.562991566447025],[7.715477588725546,8.56306783013557],[7.715477460284856,8.563106121759784],[7.715419762674411,8.563105930009636]]],[[[7.714901319469295,8.562855308368743],[7.714958053345931,8.563142687314874],[7.714746174182224,8.563237712934127],[7.714708223181324,8.563084418577116],[7.714709122789642,8.56281637728694],[7.714613281513795,8.56272032848868],[7.714594627352138,8.56254795227977],[7.714844649894909,8.562548783614838],[7.714901833443592,8.562702141904213],[7.714901319469295,8.562855308368743]]],[[[7.711879948042567,8.56340048543737],[7.711514207997452,8.5634949963414],[7.711516204994489,8.562901477097236],[7.711650510422155,8.562997654766344],[7.711842706652197,8.563036587336649],[7.711880592060801,8.563209027590116],[7.711879948042567,8.56340048543737]]],[[[7.717259865453764,8.564969206733355],[7.717259608870347,8.565045790027911],[7.717124531264618,8.565179363875357],[7.717106196764835,8.564911258512018],[7.717259865453764,8.564969206733355]]],[[[7.716046530304206,8.565465794111127],[7.716008395500415,8.56536711718284],[7.7162011714611,8.565233735483446],[7.716238930566753,8.565444467243442],[7.716334387711279,8.565655390682485],[7.716256558199153,8.565923176523146],[7.716371954308337,8.565923559890145],[7.716352143833534,8.566095808340355],[7.716141124226072,8.565934084998158],[7.716147120897193,8.565922812920554],[7.716160479135374,8.565897703136583],[7.716160481713453,8.565896934388723],[7.71602725726911,8.565769246426004],[7.716045811050234,8.565680254849356],[7.716007618196953,8.565598882182226],[7.716046530304206,8.565465794111127]]],[[[7.713503776459762,8.566660715386059],[7.713524103008792,8.5663353009276],[7.713600905069515,8.566373848655015],[7.713599875623128,8.566680181367671],[7.713502682551959,8.566986193875795],[7.713503776459762,8.566660715386059]]],[[[7.717211848396922,8.568491917710377],[7.717209590583788,8.568493082131962],[7.717132391538802,8.56857270550535],[7.717045461818462,8.568663679418922],[7.717031317645434,8.56866363244134],[7.717016661449701,8.568671696265616],[7.716997392865365,8.568682297820043],[7.717055731951215,8.568491399243495],[7.717132791587455,8.568453363103696],[7.717171257224078,8.568453490846734],[7.717305788614693,8.568483279466994],[7.717305800759307,8.56847965598604],[7.717302330041501,8.56847307213985],[7.717211848396922,8.568491917710377]]],[[[7.715151233603075,8.56861909140098],[7.715208482103335,8.568753303945524],[7.715073788092598,8.568772001932098],[7.714996406802203,8.568905766634671],[7.714881009856574,8.568905382724383],[7.714823311385772,8.568905190756317],[7.714862034213358,8.56882873552898],[7.714900499853316,8.56882886350366],[7.714920119392594,8.568713763795182],[7.715001968800144,8.568714324970555],[7.715016308324375,8.568706680626317],[7.715070578042615,8.568657115150094],[7.715060112234137,8.56863793431885],[7.715055036440684,8.568628631841653],[7.715151426438726,8.568561653988358],[7.715151233603075,8.56861909140098]]],[[[7.71543837620793,8.569022112807644],[7.715457994638337,8.568907301931313],[7.715688981350153,8.568850631948994],[7.715688595825648,8.56896550679667],[7.715573006048973,8.569022560511453],[7.715572877527181,8.56906085212533],[7.715476841876056,8.569022240727802],[7.71543837620793,8.569022112807644]]],[[[7.71662298588284,8.56940897110979],[7.716493704245718,8.569446833578585],[7.716475447999586,8.56947321125206],[7.716417581201448,8.569523164716081],[7.716283593422486,8.56933125916152],[7.716495411712526,8.569255378982747],[7.716444998488462,8.569082897216868],[7.716549239851997,8.569178973738149],[7.716591832827667,8.569179115263694],[7.716610809054576,8.569255697564099],[7.71662298588284,8.56940897110979]]],[[[7.716302020336189,8.569571569283953],[7.716263332891473,8.569637528227178],[7.71601297679023,8.569734682415795],[7.716221251514979,8.56961824233377],[7.716224938571368,8.569616111732994],[7.716302020336189,8.569571569283953]]],[[[7.716186510467995,8.569407520588793],[7.715974788443692,8.56965188647275],[7.716011641552859,8.569732421711626],[7.715859828135324,8.569521310749776],[7.715879257199908,8.569462907607837],[7.716011211751183,8.56950266800387],[7.716013759949275,8.569501284911649],[7.716186510467995,8.569407520588793]]],[[[7.716897760920522,8.569716220480428],[7.716936226680504,8.569716348265548],[7.716936355075868,8.56967805663241],[7.717051752347849,8.56967843996306],[7.717128748053318,8.569659549679637],[7.717128557546756,8.569716373457595],[7.71714754846908,8.569788608831574],[7.717185732533009,8.569872765748887],[7.717199428781772,8.569946974912101],[7.717262158741636,8.570023767386154],[7.717435319005292,8.570005196426209],[7.71755052389003,8.570063017084896],[7.717607837593561,8.570178083598579],[7.71733851270889,8.570196335261803],[7.717318317050197,8.570483458668397],[7.717260618286116,8.570483267029337],[7.71720362560786,8.570272471384703],[7.717088042146571,8.570327562853258],[7.717058163490989,8.570367718353316],[7.717106241356011,8.570635922485703],[7.717028603435843,8.570846270896862],[7.716836338278356,8.570826486080714],[7.716721197536938,8.570749519379284],[7.716547908493055,8.570806381588682],[7.716548422292664,8.570653215087702],[7.716376353689223,8.570346306803529],[7.716280253388638,8.570326841359877],[7.716280831500223,8.570154529060071],[7.716206167434431,8.57005855075894],[7.716281105093086,8.570072980547316],[7.716396100429447,8.57019320423175],[7.716550092075619,8.57015542395093],[7.716608240293706,8.5700215949929],[7.716608542508488,8.569931490827829],[7.7167473,8.5701925],[7.7168314,8.5701488],[7.716704777507855,8.56991077290245],[7.716704982660293,8.569849602200607],[7.716628500617299,8.569715325877404],[7.71662869325628,8.569657888434621],[7.716744154715135,8.569639126041114],[7.716782042614663,8.569811566178808],[7.716931878645172,8.569946086177442],[7.716935434549863,8.569952583212434],[7.71695287452229,8.569984447986595],[7.71695455054048,8.569987510258429],[7.716992787153751,8.570055985748795],[7.717018722574426,8.570042104822308],[7.717031322531565,8.570035361183617],[7.71689766048739,8.569746171854353],[7.716897760920522,8.569716220480428]]],[[[7.713778818375771,8.570663146786055],[7.71381683365248,8.57079729543994],[7.713701243085815,8.570854348466321],[7.713644059313039,8.570700989953366],[7.713509815241813,8.5705856667515],[7.713394997286003,8.570412970220863],[7.713395769838825,8.570183220749687],[7.713606365956694,8.570471112338977],[7.713778818375771,8.570663146786055]]],[[[7.716241209436268,8.570499025796027],[7.716202358162595,8.570613772791255],[7.716067663480252,8.57063247103344],[7.716086318168296,8.570804847256984],[7.716008936684851,8.57093861214037],[7.716104394614642,8.571149535761162],[7.715906716402027,8.571129732470306],[7.7158354623157,8.571050643738207],[7.715816350293057,8.571014555851793],[7.71581667160986,8.570918826817424],[7.715633868028189,8.57076505073315],[7.715567350415446,8.570707424544485],[7.715567469937367,8.570671821445472],[7.715548408383327,8.570620712291696],[7.715548491979934,8.570595810725676],[7.715510178282662,8.57055036778927],[7.715491125895101,8.570496531720172],[7.715529591712216,8.570496659656913],[7.715606989956383,8.570357914062079],[7.715600307498619,8.570343726690357],[7.715588022265006,8.570278844553043],[7.715588227507235,8.570217702971398],[7.71551151650042,8.570151742074946],[7.715492526796003,8.570079237131047],[7.71564621023925,8.570133273125807],[7.715707219100736,8.570056891923338],[7.715773823254128,8.570114551460327],[7.715780918704965,8.570110414431591],[7.715904428363062,8.570038401632845],[7.716030739602659,8.570172843731292],[7.716184474299131,8.570211646841999],[7.716280253388638,8.570326841359877],[7.716241594864911,8.570384150932455],[7.716241209436268,8.570499025796027]]],[[[7.715681936496784,8.571416175257212],[7.715795896300146,8.57137826221777],[7.715949502904676,8.571455357102307],[7.715872121212024,8.571589121927461],[7.715795189348373,8.571588866086023],[7.715525927844355,8.571587970520364],[7.715429763028563,8.571587650630011],[7.715449253136136,8.571511131395887],[7.715661055273915,8.571440471004365],[7.715681936496784,8.571416175257212]]],[[[7.714311420191226,8.57242635311113],[7.713964646968953,8.57259751231574],[7.713638007871071,8.572500694197556],[7.713426444933997,8.572499989298558],[7.71333111714874,8.572250773624242],[7.713273482609105,8.572231435563834],[7.713273869007869,8.572116560844892],[7.713235853867351,8.571982412155199],[7.713755530246414,8.57186926756544],[7.713832462104606,8.571869523821485],[7.714005816236484,8.571793517172157],[7.714005365711028,8.571927537718453],[7.714158972052775,8.572004633292673],[7.71417762584176,8.572177009479642],[7.714311677589182,8.572349769934668],[7.714311420191226,8.57242635311113]]],[[[7.712831943095568,8.583411223589573],[7.712927594759424,8.583564710746856],[7.712830652913457,8.583794139026345],[7.712657550905662,8.583793561183304],[7.71273513027654,8.583602360301871],[7.712831491538622,8.58354524399333],[7.712831943095568,8.583411223589573]]],[[[7.711554551994319,8.602859262278676],[7.711534346653022,8.603146384014568],[7.711399769728686,8.603126787387453],[7.711381053050654,8.602973557038803],[7.711554551994319,8.602859262278676]]],[[[7.719926922858619,8.570262361206735],[7.719723202170337,8.570261685929436],[7.719588571673687,8.570261239607902],[7.719454005260244,8.570241647404501],[7.71945432563769,8.57014591822938],[7.719512472902641,8.570012088684265],[7.719705122360861,8.569916997105924],[7.719877834251506,8.570032445894745],[7.719935724661962,8.570224098278057],[7.719926922858619,8.570262361206735]]],[[[7.719317836759884,8.570700700999712],[7.719318285359341,8.570566680164752],[7.719510871076405,8.570490734569244],[7.719645437581439,8.570510326765879],[7.71952946326814,8.570682256689937],[7.719356302655411,8.570700828558383],[7.719317836759884,8.570700700999712]]],[[[7.719049152398395,8.570527495497737],[7.719106146151326,8.570738291022343],[7.719028893854631,8.570833765006446],[7.718778609031912,8.570909518899027],[7.718683213687245,8.570679449900075],[7.718953180024459,8.57046973903094],[7.719049152398395,8.570527495497737]]],[[[7.71914217632603,8.57146596021064],[7.719046011404123,8.571465641225219],[7.718949397709681,8.571599343025207],[7.718948756588133,8.571790801322624],[7.718833358593087,8.571790418465058],[7.718756041861584,8.571905038176377],[7.718641028613225,8.571789780292534],[7.718564930330654,8.571540629247295],[7.718488319063667,8.571444644811308],[7.718488511462924,8.571387207331648],[7.718469535021254,8.571310560198606],[7.71862378355142,8.571196195817912],[7.718758414325995,8.571196642524054],[7.718815600306654,8.571350000588437],[7.719085246605418,8.571236018849023],[7.719142432727856,8.571389376884804],[7.71914217632603,8.57146596021064]]],[[[7.718010932617741,8.599070771341337],[7.718068120798393,8.599224129869498],[7.717990925824503,8.599300456829532],[7.717913988315675,8.59930020059096],[7.717856478314701,8.599242571019325],[7.717779540821618,8.599242314755596],[7.717625923392278,8.599165219011887],[7.717645544074559,8.599050408329676],[7.717895526423987,8.599070386993898],[7.718010932617741,8.599070771341337]]],[[[7.722292880544656,8.566766465121953],[7.722389555625332,8.566613616241657],[7.722562650520119,8.566614188578068],[7.722696832684361,8.566748654714942],[7.722754531008586,8.566748845459461],[7.722696641022141,8.566806092303182],[7.72269638547044,8.566882675753899],[7.722253967630476,8.566900358929294],[7.722177036516444,8.566900104497238],[7.722099210535866,8.567167892062088],[7.7220401697449,8.567569764212566],[7.722058571514633,8.5678187239755],[7.722327831057732,8.567819614598],[7.722346808231026,8.567896261642943],[7.721692892112361,8.56789409839016],[7.721809248149834,8.56760729239417],[7.721848544929522,8.567358523535253],[7.721849376061932,8.567109627408083],[7.721735130208189,8.566764620227493],[7.721774810453938,8.566400976223067],[7.722063301722198,8.566401930509468],[7.722100488911144,8.56678497490062],[7.722196716684651,8.566766147094109],[7.722292880544656,8.566766465121953]]],[[[7.721514807778712,8.569386902039744],[7.721514615879195,8.56944433959356],[7.72157231458302,8.569444530574199],[7.721572186655038,8.56948282227751],[7.721476022139785,8.569482503970217],[7.721436660727997,8.569750418547466],[7.721340432172785,8.569769246046198],[7.72130287709208,8.569496573545631],[7.721344149082917,8.56946292136598],[7.721394672499524,8.569386504371273],[7.721458760560989,8.569310132267791],[7.721514807778712,8.569386902039744]]],[[[7.720904009739879,8.570361328772792],[7.720703761653204,8.570360665506467],[7.720627061122742,8.570291255891568],[7.720573640654233,8.570398526571733],[7.720550474321424,8.570187843217001],[7.720685104843077,8.570188289199487],[7.720897115125432,8.570054969012807],[7.721070671299856,8.570304442537038],[7.720985665152039,8.57034245314561],[7.720915330154027,8.570359529250037],[7.720904009739879,8.570361328772792]]],[[[7.72085109574681,8.572314051276209],[7.720716144324568,8.572409334453667],[7.72071582417697,8.572505063665002],[7.720388542134606,8.572599709417407],[7.720273848401713,8.572388722726268],[7.720274040554422,8.572331285209142],[7.720351164842624,8.57227410266129],[7.72063959634484,8.572294204502157],[7.720621195724573,8.572045244831576],[7.720851479874178,8.572199176215321],[7.72085109574681,8.572314051276209]]],[[[7.721291919680723,8.572775016803638],[7.721484250355958,8.572775653728643],[7.721349106875233,8.57292837466425],[7.721176201236452,8.572870363829493],[7.720849175029876,8.57288842657017],[7.720694798206165,8.573041083510997],[7.720597800299601,8.573289660782947],[7.720597672215814,8.57332795246402],[7.72046304059404,8.57332750628896],[7.720098124474706,8.57317312831114],[7.720118254446719,8.572905150349573],[7.720291480141001,8.57286743244382],[7.720367899992758,8.573020854140726],[7.720444832282629,8.573021109113558],[7.720637034941904,8.573060038160806],[7.720618442248413,8.572868516018016],[7.720733968712696,8.572830606705876],[7.720772947075192,8.57267756741574],[7.720965341680939,8.572659058748107],[7.72115844036998,8.572429945681215],[7.721158632390827,8.57237250814428],[7.721254797620392,8.572372826637105],[7.721215499465669,8.572621595240607],[7.721292303696691,8.57266014172563],[7.721291919680723,8.572775016803638]]],[[[7.720510179576833,8.575874087287229],[7.720762252274015,8.575874922838597],[7.720878035869984,8.575760430259578],[7.720857329526617,8.576200720835708],[7.720722632822299,8.576219420441488],[7.720511707914267,8.576027260751031],[7.720512028246463,8.575931531564784],[7.720435095369185,8.575931276519471],[7.720455158623647,8.57587390488608],[7.720510179576833,8.575874087287229]]],[[[7.721203399727024,8.576240159760426],[7.721530364834459,8.576241242985112],[7.721549277993199,8.576337035919261],[7.721298989663798,8.576412790970027],[7.721145123670485,8.576412281149372],[7.721164933246613,8.576240032304026],[7.721203399727024,8.576240159760426]]],[[[7.721661988871752,8.577141543662362],[7.721469399877339,8.577217489877137],[7.721393107022368,8.577025776557367],[7.721451575184596,8.57679621760322],[7.721375090307408,8.576661941818744],[7.721490745976542,8.57658574075643],[7.721491258148014,8.576432574003807],[7.721645316209126,8.576375646151668],[7.721761099753657,8.576261153294],[7.721876499230013,8.576261535474405],[7.721972217492635,8.576395874866819],[7.721837328704326,8.576472012399794],[7.72177892485194,8.576682425611306],[7.721855409885874,8.576816701336972],[7.722067039906636,8.576798256119934],[7.722046846678926,8.577085380148498],[7.721988698802299,8.577219210000106],[7.721757899266757,8.577218445587228],[7.721719688739864,8.577141734791153],[7.721661988871752,8.577141543662362]]],[[[7.726102310402726,8.566376976139153],[7.726198410602564,8.566396439070138],[7.726332339349867,8.566607487681939],[7.726216942583878,8.566607107258946],[7.726043656288007,8.56666397422374],[7.726005636741469,8.566529826176406],[7.726044612058989,8.5663767859027],[7.726102310402726,8.566376976139153]]],[[[7.725639767616263,8.566662642282143],[7.725774205967713,8.566720523967202],[7.725773696098383,8.566873691053399],[7.725888455632466,8.567065530485134],[7.725868904161603,8.567161196489105],[7.725714914134444,8.56719898080365],[7.725791016837045,8.567448131050146],[7.725713958023025,8.567486169075508],[7.72552207594446,8.567351513462809],[7.725522330945076,8.567274929929283],[7.725560796589808,8.56727505681973],[7.725561242821735,8.567141035633298],[7.725638429057096,8.567064705860847],[7.72563868402577,8.566988122322709],[7.725658745453898,8.566739289257537],[7.725582069239904,8.566662451970329],[7.725639767616263,8.566662642282143]]],[[[7.726456138194259,8.569862732679482],[7.726725335929139,8.56988276633732],[7.726839969251738,8.570112897439765],[7.726686105458706,8.57011239019774],[7.726686041745567,8.570131536087048],[7.726532177954287,8.570131028782617],[7.726455182337366,8.570149920994991],[7.726243619635702,8.570149223307677],[7.726263999805236,8.56980466078532],[7.726264127268659,8.569766369012347],[7.726456265639335,8.56982444090375],[7.726456138194259,8.569862732679482]]],[[[7.723798542815163,8.570887848628457],[7.723874900037679,8.571060415661915],[7.723836050858411,8.57117516374993],[7.723643912429782,8.571117090517427],[7.723644295664287,8.571002215323736],[7.72372161085313,8.57088759438656],[7.723798542815163,8.570887848628457]]],[[[7.725451623844459,8.571180499312366],[7.725452197884497,8.57100818640031],[7.726028933217686,8.571086673816481],[7.726047401196669,8.571316487866586],[7.725970469080814,8.571316234060026],[7.725892771815046,8.57154573082317],[7.725738716188329,8.571602660762027],[7.725527088960328,8.571621108444079],[7.72550747321665,8.571735920239467],[7.725372841896275,8.57173547585815],[7.725431625409705,8.57141018637873],[7.725585553427026,8.57139154831691],[7.725701716860571,8.571162178569704],[7.725509322898965,8.571180689743244],[7.725451623844459,8.571180499312366]]],[[[7.72725901863943,8.571339629191987],[7.727240231458705,8.571205544555768],[7.727279652882622,8.5709184829407],[7.727510258080956,8.570976681181047],[7.727587508545462,8.570881205194713],[7.727587699566092,8.570823767508742],[7.72743428120584,8.570689239262935],[7.727260802003996,8.570803544197544],[7.727203357735354,8.57072677046647],[7.727203930955762,8.57055445743249],[7.727434854319717,8.570516926213093],[7.727435236388994,8.57040205084566],[7.727435427421642,8.570344613161682],[7.727742391339983,8.570575377777224],[7.727876958719698,8.570594967170715],[7.727992356762734,8.570595347273452],[7.728165581122344,8.570557625563119],[7.728338423655315,8.570634779177233],[7.728337787304574,8.57082623818772],[7.728222325534707,8.570845004078109],[7.72831849064599,8.570845320755964],[7.728356256697647,8.57105605233106],[7.728356065787126,8.571113490033559],[7.728587243984829,8.570999374548403],[7.72858781660057,8.570827061423833],[7.728550114045573,8.570597183950893],[7.728723211158558,8.570597753790555],[7.729165506908768,8.570618355602557],[7.729242438980219,8.57061860875225],[7.729242502569131,8.570599462844335],[7.729492531805119,8.570600285473203],[7.729685179835329,8.570505188598192],[7.729916039589587,8.570486801767819],[7.729992971657084,8.570487054764172],[7.730262297448774,8.57046879421516],[7.730261852687342,8.570602815624316],[7.730146200364278,8.570679019857794],[7.729915404039309,8.570678260897473],[7.729819366031014,8.57063965279898],[7.729569273164613,8.570657976288242],[7.729491641721998,8.570868328208391],[7.729702887248316,8.570964753729946],[7.729702442264831,8.571098775106472],[7.729856370197263,8.571080135292783],[7.729856179511373,8.571137573028787],[7.729682954935805,8.571175295482607],[7.729625255788153,8.571175105675346],[7.729606467760502,8.571041021033377],[7.72931790855688,8.571059217776583],[7.729413628673431,8.571193555550302],[7.729374844641844,8.571289158527406],[7.729201683575996,8.571307734841115],[7.729067052212186,8.571307291769553],[7.728836001146172,8.571383115725807],[7.728662521925243,8.571497421301514],[7.728662140174869,8.571612296717435],[7.728469618638672,8.571669101156095],[7.728470064084024,8.571535079847903],[7.728335496319811,8.571515490609404],[7.728105527125328,8.571265833811015],[7.728067379302797,8.571169977622647],[7.728028913228973,8.571169850924608],[7.727644188850006,8.571187729629044],[7.727509621290081,8.571168140126312],[7.727585725622209,8.571417290255344],[7.727489114612114,8.571550994631828],[7.72748885987598,8.571627578207265],[7.727335059126889,8.571607925242127],[7.727276850404001,8.571760902212043],[7.727045480311305,8.571932454454586],[7.727007141597347,8.571894035863707],[7.727007269017938,8.571855744083758],[7.726872828726512,8.571797862552057],[7.727008224653548,8.571568555731645],[7.727008543191369,8.571472826279969],[7.727085475369894,8.571473079884358],[7.72700905284421,8.57131965915628],[7.727009307667088,8.57124307559397],[7.727124769566085,8.571224310092973],[7.727220552560683,8.571339502410952],[7.72725901863943,8.571339629191987]],[[7.728528399569094,8.571343810817995],[7.728701942365364,8.571210359394085],[7.72866373076642,8.571133649146484],[7.728625264687301,8.57113352250837],[7.728471018585449,8.571247891327147],[7.728451467373254,8.571343557504822],[7.728528399569094,8.571343810817995]]],[[[7.725370162542855,8.572539602712478],[7.725177767886784,8.572558113615854],[7.725178533560152,8.572328363107035],[7.725428563529354,8.57232918853172],[7.725485880014892,8.57244425425993],[7.72548568864206,8.572501691893955],[7.72542786180048,8.572539793185484],[7.725370162542855,8.572539602712478]]],[[[7.725485242100282,8.572635713039325],[7.725446456945412,8.572731315450119],[7.725521858303135,8.57319107046985],[7.72552153932848,8.57328679985744],[7.725348441215265,8.573286228405163],[7.72504109417923,8.573170337054918],[7.725061220724756,8.572902358328129],[7.725234318644849,8.57290292988377],[7.725349972467723,8.572826727371366],[7.725331377374212,8.572635205109387],[7.725485242100282,8.572635713039325]]],[[[7.724348829844951,8.573129758212144],[7.72407924701924,8.573224597785195],[7.724097969196546,8.573377828280888],[7.724001164879406,8.573568969118156],[7.723654904724516,8.573586970598786],[7.723654649159364,8.573663554051416],[7.72361669404448,8.573510259973938],[7.723617013504251,8.573414530658765],[7.723636757741016,8.573261427338036],[7.723867363424159,8.573319627873307],[7.723887107552062,8.573166524523653],[7.723887299179968,8.573109086927513],[7.723675671168089,8.573127533458113],[7.723675990598628,8.573031804138838],[7.723849216237368,8.57299408459355],[7.724003081018592,8.57299459313516],[7.724080332737098,8.57289911804791],[7.724003719702061,8.57280313447028],[7.724292216048068,8.572804087799037],[7.724349468365606,8.5729382995227],[7.724348829844951,8.573129758212144]]],[[[7.727779062400093,8.565329464658443],[7.727528973138965,8.565347787323345],[7.727375302147148,8.565289842937796],[7.727471911289348,8.565156138322617],[7.727625836766103,8.56513749905954],[7.727779316888224,8.565252881049435],[7.727779062400093,8.565329464658443]]],[[[7.728603844993051,8.566002293297798],[7.728834256930319,8.566117928086808],[7.729045626922292,8.566176061762894],[7.728987229282819,8.566386476983546],[7.728871832463914,8.56638609736308],[7.728756117741397,8.566481447250261],[7.728640784492109,8.566461921649084],[7.728583086078415,8.566461731789772],[7.728583213259433,8.566423439975539],[7.728487303628663,8.566346539899818],[7.728660971082547,8.56617479631636],[7.728603654233916,8.56605973102083],[7.728603844993051,8.566002293297798]]],[[[7.727639915178825,8.566688380334785],[7.727774799373046,8.566612240063185],[7.72796719106136,8.566593727405035],[7.728004765972522,8.566861896677391],[7.728120035661886,8.566900568384163],[7.728139904639083,8.566709172663348],[7.728351147573567,8.566805598560022],[7.728331469509499,8.566939556591308],[7.728331278688316,8.566996994305462],[7.728426806804761,8.567188769868242],[7.728464318437462,8.567476085048593],[7.728463427963678,8.56774412771961],[7.72842559830311,8.567552542063774],[7.728310773664691,8.567379849087674],[7.728272307968136,8.567379722469449],[7.728118699669857,8.567302632347225],[7.72798387889023,8.567359626809022],[7.727887078337954,8.567550769184878],[7.727886569263866,8.567703936390854],[7.728020817526779,8.567819255098643],[7.72819391334769,8.567819824992188],[7.72828950515192,8.567992454697542],[7.728289377917881,8.56803074650429],[7.728116345620895,8.568011030737521],[7.727962037159014,8.568144545433261],[7.727692776794254,8.568143658703768],[7.727519362576338,8.568238818051567],[7.727384732380438,8.568238374551173],[7.727346839598666,8.568065934762426],[7.727424025744238,8.56798960461188],[7.727597248904559,8.567951882987545],[7.727693858786534,8.56781817842158],[7.727695195306368,8.567416114535845],[7.727638324144457,8.567167027824496],[7.727485225287965,8.566936770293585],[7.727447332501899,8.566764330515607],[7.727582216753525,8.56668819032105],[7.727639915178825,8.566688380334785]]],[[[7.728285178863668,8.569294376083398],[7.728765493692904,8.569449126115641],[7.728900124387174,8.569449569197007],[7.728802623927903,8.56985131673247],[7.728687098850511,8.569889228713535],[7.728514192919569,8.56983122119476],[7.728514574633845,8.569716345774895],[7.728399431328679,8.569639382256648],[7.72838089822941,8.569428714007827],[7.728284924354891,8.569370959691534],[7.728285178863668,8.569294376083398]]],[[[7.727917907174125,8.569848403837664],[7.727687175211452,8.569828497721915],[7.727668578855395,8.569636975393946],[7.727707745003255,8.569426497232623],[7.727861672230893,8.569407858128672],[7.727918670956886,8.569618653050867],[7.72801477210567,8.569638115659085],[7.728033177706232,8.569887075694568],[7.727917588925039,8.569944133331337],[7.727917907174125,8.569848403837664]]],[[[7.72989909446676,8.569797485638674],[7.729937814621608,8.56972102847458],[7.730226372844972,8.56970283111545],[7.730225229229527,8.570047457603033],[7.730167276084962,8.570123851562883],[7.730032645087028,8.570123408888573],[7.730032708632677,8.570104262974274],[7.72989807764869,8.57010382025407],[7.72989909446676,8.569797485638674]]],[[[7.731956262987638,8.570033998713143],[7.731994284874281,8.570168146505937],[7.731859526855457,8.570205996321821],[7.731802843111556,8.569899472020237],[7.731956643677873,8.56991912314053],[7.731956262987638,8.570033998713143]]],[[[7.730917363205474,8.57012631703259],[7.730975443212951,8.570011631095587],[7.731225599203707,8.569974160700184],[7.731302213800166,8.570070143039981],[7.731300626709024,8.570548791129033],[7.731280695319226,8.570759333099806],[7.731126577015776,8.570835411275915],[7.73103111030562,8.57062449016513],[7.730896733110193,8.570547464085168],[7.730897431663793,8.570336858960562],[7.730916664680258,8.570336922161125],[7.730917363205474,8.57012631703259]]],[[[7.730795740754816,8.572002237893374],[7.730930499483376,8.571964388559651],[7.730969537289117,8.571792201704511],[7.731219440474511,8.571831315171801],[7.73129618236467,8.571889005713862],[7.731410184135819,8.572310595149206],[7.731102390734946,8.572328729907657],[7.731044310308791,8.572443415804704],[7.730794279717333,8.572442594005024],[7.73069906704337,8.57215508912858],[7.730738041457466,8.572002048234198],[7.730795740754816,8.572002237893374]]],[[[7.732295351924837,8.572179479370346],[7.732333247143725,8.57235191902204],[7.732448899682073,8.572275714149963],[7.732583024084954,8.572429323540883],[7.732563473766967,8.57252499006208],[7.732390565860115,8.572466984028125],[7.7323131891747,8.572600752953708],[7.732004570407843,8.572867785447349],[7.731927637801443,8.572867532782034],[7.73192770127291,8.572848386856327],[7.731889234972517,8.572848260518212],[7.731889679282118,8.572714239039737],[7.731755237718913,8.572656359059408],[7.731813825783056,8.572388505628352],[7.731929414946862,8.57233144685495],[7.731929859215203,8.572197425370803],[7.732026405572056,8.572082865612117],[7.732295542268075,8.57212204158292],[7.732295351924837,8.572179479370346]]],[[[7.732812045778745,8.57296616716938],[7.732869935542767,8.572908918741902],[7.732909162926543,8.572679293786384],[7.732986095524436,8.572679546250654],[7.733158813424663,8.572794989849173],[7.73302380083091,8.572909423684175],[7.732926747105057,8.573177151163877],[7.733061379329038,8.573177592985623],[7.733137931549371,8.573292721040156],[7.733137551061766,8.573407596645492],[7.733079724663774,8.573445699172838],[7.733079597827037,8.57348399104019],[7.73292484432309,8.573751529139871],[7.732924590608836,8.573828112868684],[7.733232068285459,8.573905706493456],[7.73329052884926,8.573676144602674],[7.733406118275003,8.573619085415276],[7.733502284277542,8.573619400903773],[7.733675636649056,8.573543384970773],[7.733753203289091,8.573352177920578],[7.733887011703461,8.573601516678837],[7.734021263890846,8.57371683383038],[7.733924464057661,8.573907977863753],[7.733770598314061,8.573907473222048],[7.733788944111054,8.574175579442986],[7.733846263490118,8.57429064432565],[7.733980896154072,8.574291085883683],[7.733846073330867,8.574348082141238],[7.733672657197763,8.574443244036795],[7.733576110574046,8.574557804178735],[7.733537010033292,8.574749137338907],[7.733748512484899,8.574768977338401],[7.733882004305356,8.575114045842314],[7.733919646798382,8.575363069211223],[7.733726743281342,8.575534751719664],[7.733726299467143,8.575668773274277],[7.73345652587031,8.575821057266726],[7.73328348950085,8.575801343272126],[7.733187766967915,8.575667006123828],[7.733188591538864,8.575418109002252],[7.733305259682102,8.57503556905727],[7.733305830445962,8.574863255652273],[7.733402313819388,8.574767841537476],[7.733248447761098,8.574767336637464],[7.733094898847352,8.574671102013417],[7.73280640010319,8.574670155056499],[7.732633745017251,8.574535565274289],[7.732749144462601,8.574535944128622],[7.732903391006855,8.574421573625933],[7.732884792116212,8.574230051180722],[7.732904405938037,8.574115238720733],[7.732731306951937,8.574114670523578],[7.7327513014381,8.573884982491997],[7.732616795870471,8.57384624866629],[7.732597118543751,8.57398020703226],[7.732462486061582,8.573979765007598],[7.732443887383957,8.573788242572084],[7.732386378146103,8.573730615335318],[7.732367842955432,8.573519946972716],[7.732234099088849,8.5732514619072],[7.732292369708042,8.573079338017225],[7.732350069202747,8.573079527467792],[7.732484574471398,8.573118261344831],[7.732657672990021,8.573118829587084],[7.73275396570271,8.573080853380484],[7.732754346290779,8.572965977790323],[7.732812045778745,8.57296616716938]]],[[[7.731552047699719,8.575929679840254],[7.731533386020192,8.575757303352106],[7.731610573231396,8.575680972498434],[7.731783482350616,8.57573897906654],[7.731783164847118,8.575834708675208],[7.731956074069995,8.575892715179437],[7.732033451705078,8.575758946462653],[7.732341247956129,8.57574081135986],[7.732128983355426,8.575950721613637],[7.731994286712691,8.575969425248053],[7.73193614232564,8.576103257139328],[7.731724956913173,8.57598768644892],[7.731551920672723,8.575967971679953],[7.731552047699719,8.575929679840254]]],[[[7.732955317843984,8.576164042732456],[7.732801197439291,8.57624012128831],[7.732647330824611,8.576239616062686],[7.732648219262042,8.575971573072758],[7.732763365328096,8.576048535700938],[7.732994101706604,8.576068439360732],[7.733013017818887,8.576164232151559],[7.732955317843984,8.576164042732456]]],[[[7.73474173679281,8.576859164664773],[7.734742307032563,8.576686851179927],[7.734626970213897,8.576667326885211],[7.734627540492419,8.57649501340633],[7.735262304582163,8.576477947925502],[7.735320511281999,8.576324969427251],[7.735435848065683,8.576344493505133],[7.735473934847435,8.57645949523232],[7.735704165368116,8.576632564928119],[7.735973179355851,8.5767100307485],[7.736127046358403,8.576710534675836],[7.736126666614815,8.576825410394113],[7.7359919063508,8.576863261358998],[7.735991210063178,8.577073866829275],[7.735932940155282,8.577245991396461],[7.735894473352793,8.577245865393223],[7.735740732775435,8.577207069442514],[7.735663419279543,8.577321693089738],[7.735490318656777,8.577321125919166],[7.735413511711106,8.577282581923999],[7.735413828360124,8.577186852187543],[7.735202451048412,8.577128721005124],[7.734895350368995,8.576936252866805],[7.734741483349104,8.576935748435309],[7.73474173679281,8.576859164664773]]],[[[7.739515382201025,8.581565600278067],[7.739380367703114,8.58168003611401],[7.739304127945546,8.58146917897183],[7.739515382201025,8.581565600278067]]],[[[7.734186780097338,8.581816196152904],[7.734013804406736,8.581777336160133],[7.733937250571993,8.581662208043719],[7.733744977938862,8.58164243074188],[7.733841780380861,8.581451287125367],[7.734014629036034,8.581528439037337],[7.734206330837086,8.58172052960427],[7.734186780097338,8.581816196152904]]],[[[7.740227405904849,8.581453049330134],[7.740130985180079,8.581529319144241],[7.740169010606912,8.581663466634962],[7.740034248760952,8.58170131881419],[7.739976042711218,8.581854298136799],[7.73968715887301,8.581968231385135],[7.739667419984352,8.58212133632924],[7.739397959054721,8.582177894251403],[7.739398527553887,8.582005580503232],[7.739571820030914,8.581948708307118],[7.739591306318296,8.581872187265633],[7.739591495783423,8.581814749344549],[7.739804139466528,8.581489959070831],[7.739939027515086,8.581413815010803],[7.740016530249049,8.581241752532218],[7.740189569829701,8.581261463907813],[7.74022765838474,8.581376465414838],[7.740227405904849,8.581453049330134]]],[[[7.73430199154971,8.581874012665196],[7.734417076210568,8.581970121018399],[7.734551711608596,8.58197056276955],[7.734512610239904,8.582161895917928],[7.734358550880078,8.582218828832515],[7.734301167073865,8.582122909811313],[7.734320908073521,8.5819698054531],[7.734205823441143,8.58187369707472],[7.73430199154971,8.581874012665196]]],[[[7.740128144377254,8.582390888134437],[7.740051020203551,8.58244807474046],[7.739897276946087,8.582409280093183],[7.739897782092958,8.582256112289386],[7.739994076785355,8.582218134522227],[7.740128333773314,8.58233345020298],[7.740128144377254,8.582390888134437]]],[[[7.736140312785448,8.584330748559214],[7.735948482043146,8.58417695053736],[7.735775631750164,8.58409979927246],[7.735774998111712,8.584291258703304],[7.735678892709149,8.584271797449668],[7.735640932168061,8.584118503782012],[7.735775948563893,8.584004069556304],[7.735930008554281,8.583947136154139],[7.73612234594736,8.58394776660256],[7.736141009588818,8.584120143155777],[7.736140312785448,8.584330748559214]]],[[[7.734593751384653,8.592501077463776],[7.734381477175318,8.592710987608784],[7.734304667505285,8.592672442990422],[7.734516814748048,8.592500824741416],[7.734593751384653,8.592501077463776]]],[[[7.740129470122059,8.581988822610574],[7.740110804616162,8.581816445986828],[7.740245440256849,8.581816885742985],[7.740244935275555,8.581970053570833],[7.740129470122059,8.581988822610574]]],[[[7.741085160512352,8.583810831164604],[7.741161464676181,8.5840025421558],[7.741064475499249,8.58425112596839],[7.74094875722265,8.58434647908294],[7.740949640688365,8.584078435343482],[7.740892507294568,8.583905933107713],[7.740969757894576,8.583810454398007],[7.741085160512352,8.583810831164604]]],[[[7.741254542108162,8.584941009276186],[7.741196651330345,8.584998258845348],[7.741195704841592,8.585285448579771],[7.741061067929279,8.585285008979065],[7.740984132554026,8.585284757757567],[7.740965466711829,8.585112381125011],[7.740850126822536,8.58509285828614],[7.740715489996062,8.585092418574568],[7.740715300626486,8.585149856510851],[7.740561366822106,8.585168499899979],[7.740561934997572,8.584996186101003],[7.740677401079438,8.58497741706267],[7.740697707976193,8.584651998240728],[7.740794192602674,8.5845565824144],[7.741005764471451,8.584557273282677],[7.741043916571503,8.584653128791137],[7.741120851821328,8.584653379982372],[7.74117918421784,8.584462108538279],[7.741294019232612,8.584634799123052],[7.741333937859149,8.584194567062736],[7.741430359137817,8.584118297020428],[7.741429412923209,8.584405486793829],[7.74133273921248,8.584558340760001],[7.74133198214533,8.584788092565187],[7.741254857580471,8.584845279361316],[7.741254542108162,8.584941009276186]]],[[[7.741926149612082,8.585421856076094],[7.742099254334738,8.585422420888962],[7.74206034520794,8.585556317300059],[7.741771837246619,8.58555537585845],[7.74165693870072,8.58540183133848],[7.741926338805683,8.585364418113775],[7.741926149612082,8.585421856076094]]],[[[7.745481019644928,8.586467335215708],[7.745480830961209,8.586524773253398],[7.745211555825411,8.586523896871796],[7.745153854014306,8.586523709051281],[7.745154168568355,8.586427979000401],[7.74532752556816,8.586351958383522],[7.745481019644928,8.586467335215708]]],[[[7.740863932202703,8.58673947530019],[7.740785670742916,8.587141289524304],[7.74068962734591,8.587102683405798],[7.740748276174465,8.586815682249313],[7.740864247839991,8.586643745408665],[7.740863932202703,8.58673947530019]]],[[[7.741132386540673,8.586989252481612],[7.741228303747941,8.58706615045362],[7.741073801067978,8.587257107752535],[7.741015341738934,8.587486671041846],[7.74107266486336,8.587601735376701],[7.74093771148644,8.587697025504875],[7.740957703004319,8.587467336594166],[7.740880956589132,8.587409647355615],[7.740958334282552,8.587275876810907],[7.740958839294626,8.587122708982898],[7.741074684749975,8.586989064040495],[7.741132386540673,8.586989252481612]]]]},"properties":{"fid":2,"DN":7,"count":175,"mean_0":146.297142857143,"stdev_0":7.44271169044333,"min_0":132,"max_0":182,"mean_1":128.228571428571,"stdev_1":8.06612654083377,"min_1":89,"max_1":148,"mean_2":115.114285714286,"stdev_2":8.86997851651368,"min_2":80,"max_2":140,"mean_3":255,"stdev_3":0,"min_3":255,"max_3":255,"predicted":2,"Area":13065529.183}},
{"type":"Feature","geometry":{"type":"MultiPolygon","coordinates":[[[[7.713646347120852,8.587166555367402],[7.713646282625345,8.587185701141856],[7.713780725300158,8.587243587739255],[7.713819192776423,8.587243716094665],[7.714012174936426,8.587052900041742],[7.714205801547223,8.5866706260711],[7.714437830668132,8.586307625999552],[7.714437959566257,8.58626933443693],[7.714495982876898,8.586173797939507],[7.714553683946175,8.586173990340356],[7.714823148906556,8.586117450743775],[7.714995865593852,8.586232902483594],[7.714956947239708,8.586366794757096],[7.714668570591144,8.586327541380884],[7.714514378777833,8.586422757238548],[7.714417307939049,8.58669047747917],[7.71424414004857,8.58670904593451],[7.714243559884718,8.586881357948611],[7.714127577319924,8.587053285018706],[7.713934724171645,8.587205809584711],[7.713934595208796,8.587244101137879],[7.714088658547899,8.587187177141859],[7.714185278513686,8.587053477494237],[7.714183473363712,8.587589559288725],[7.714260343930802,8.58760896170427],[7.714259441363855,8.587877002603648],[7.71420161109768,8.587915101676773],[7.714201417677105,8.587972539010435],[7.714278223849758,8.588011087211918],[7.714277772554764,8.588145107660239],[7.714258538767683,8.58814504349921],[7.714258022985319,8.588298209723536],[7.714487861588507,8.588586166299875],[7.714468627777617,8.58858610214606],[7.714429322073284,8.588834868960609],[7.714352257836491,8.588872903876789],[7.714218394816269,8.588642705391234],[7.714218781681608,8.58852783072695],[7.713988556412548,8.58835474867987],[7.713988685386916,8.58831645712809],[7.713835395489597,8.588143631713912],[7.713681718727219,8.588085680900956],[7.713508421187785,8.588142540470937],[7.713431486064211,8.588142283667601],[7.713316276940931,8.588084461120719],[7.713316535015649,8.58800787803631],[7.713432389240587,8.587874242859428],[7.713432582774578,8.587816805542893],[7.713587936431685,8.587376966321845],[7.713530493212874,8.58730019065604],[7.713492025735301,8.587300062270984],[7.71333828485447,8.587261257148352],[7.713242503274564,8.587146061503757],[7.713031319418764,8.587030480573638],[7.712935602519458,8.58689613910422],[7.712781216513205,8.587048791472538],[7.712589008409564,8.587009857620522],[7.712570355620267,8.586837481484483],[7.7124746389385,8.586703139930293],[7.712686338736697,8.586665554974832],[7.713321244459865,8.586610236691158],[7.713513259002226,8.586706607481931],[7.71351274300867,8.58685977367264],[7.713627758344344,8.586975033437941],[7.713646347120852,8.587166555367402]]],[[[7.725126097672725,8.564459147057386],[7.72508455630989,8.564459010017533],[7.72504711678067,8.564458886505301],[7.725147079225932,8.56444953404805],[7.725126097672725,8.564459147057386]]],[[[7.698875381167497,8.57001970002052],[7.698471493287772,8.57001833915465],[7.69852945203502,8.56994195088333],[7.69926205389852,8.569427479533818],[7.700013886607395,8.568913071215531],[7.700225836599291,8.56879890902259],[7.700437981522122,8.568627309616227],[7.700804247787109,8.568379644794696],[7.700842713167686,8.568379774162315],[7.701208978967331,8.568132108879446],[7.701305467209375,8.568036703682798],[7.701671732413642,8.567789037863184],[7.701768025634407,8.567751069629956],[7.702269243472718,8.567408127004972],[7.702519916974172,8.56721750968635],[7.702577614909505,8.56721770345405],[7.702943035198051,8.567218930449515],[7.703001706263108,8.566931938449722],[7.703001836009857,8.566893647022143],[7.703059598777707,8.566874694996365],[7.703792124518698,8.5663793589108],[7.70400426663192,8.56620775708659],[7.704505480672666,8.565864810933908],[7.704775255185568,8.56571254775736],[7.70506445636288,8.56550291161893],[7.705044705697038,8.565656013012443],[7.70494770079468,8.565904585220073],[7.704947182643293,8.566057751056173],[7.704888513225422,8.566344743601041],[7.70481106451718,8.566497651552691],[7.704810351931324,8.566708254559137],[7.704752654021562,8.566708061136238],[7.704733162243259,8.566784579568537],[7.704732838312358,8.566880308203743],[7.704674751639104,8.566994989124389],[7.704674233311573,8.567148154935264],[7.704596849109894,8.567281917075324],[7.704576968464455,8.56747330984025],[7.704519076038704,8.567530553539623],[7.70447957380142,8.567836756139126],[7.704401994927098,8.568027955374841],[7.704247809232057,8.568123167930484],[7.704132413013162,8.568122780844675],[7.704133320564161,8.567854740746009],[7.703863544224903,8.568007003195243],[7.703864192604208,8.567815546001613],[7.703768288546767,8.567738640473443],[7.703441397855681,8.567718397567585],[7.703306898847989,8.567679654273643],[7.703267655098047,8.567909273741153],[7.703190594614348,8.567947306927454],[7.703190399998026,8.568004744069976],[7.703189362021456,8.56831107549381],[7.703150572226671,8.568406674928314],[7.703150377593754,8.568464112068558],[7.703458230735112,8.568426853612307],[7.703593119149148,8.568350722592575],[7.70368869904472,8.568523356766832],[7.703804549279717,8.568389723974526],[7.703958605503331,8.568332803068888],[7.704035017686747,8.568486226932201],[7.704169711558917,8.568467532860776],[7.704304923980218,8.568295672962304],[7.704304664703729,8.568372255851504],[7.704188620147703,8.568563325984378],[7.704149182251309,8.568850382758406],[7.704071408430941,8.569099019022284],[7.704013710177761,8.569098825435473],[7.703878691845172,8.569213248008898],[7.703763295314561,8.569212860763976],[7.703781749834508,8.569442673915281],[7.703858486350533,8.569500369238927],[7.7038580972454,8.569615243545082],[7.703800009791436,8.569729924217667],[7.703665380328712,8.569729472374126],[7.703569475896602,8.56965256673858],[7.703473312022155,8.569652243943477],[7.703453625141422,8.569786199382778],[7.703184625764886,8.569708712551959],[7.70301153079468,8.569708131327332],[7.702914912629669,8.569841828363352],[7.702913874206716,8.570148159724567],[7.703240637086576,8.570206694803954],[7.703297946183213,8.570321762807458],[7.703471041450679,8.570322343945028],[7.703470587314285,8.570456363942482],[7.703258637030321,8.570570527914551],[7.703162083573719,8.570685079275787],[7.703065919455396,8.570684756340675],[7.703181056823095,8.570761726705484],[7.703238236174268,8.570915086147624],[7.703199251343573,8.57106812267069],[7.703198926864543,8.571163851226368],[7.703102632822207,8.571201819703202],[7.70310211360706,8.571354985385108],[7.703140384619476,8.57141255169971],[7.703410488205883,8.571164561618563],[7.703449343205627,8.571049816490053],[7.703775588045247,8.571261516963961],[7.704044653503314,8.571319857839775],[7.704121325549219,8.57139669888548],[7.704139974752644,8.571569074888595],[7.704235944591391,8.57162683474498],[7.704351795762477,8.571493201920644],[7.704428403070916,8.571589188639036],[7.704543800348601,8.571589575791771],[7.704429310787223,8.571321148556834],[7.704371158316135,8.571454975012191],[7.704217360192486,8.571435313021597],[7.704237500896517,8.571167337494895],[7.704391363753332,8.571167853741725],[7.704065183418077,8.570937008030532],[7.704046209981578,8.570860360617328],[7.703911580107989,8.570859908800474],[7.703719316597654,8.570840117551098],[7.70369930532738,8.571069801573836],[7.703449992025874,8.570858359358027],[7.70358578959159,8.570514188474712],[7.70362522826103,8.570227131870626],[7.703702418934532,8.570150807232022],[7.703780323014531,8.56986387968952],[7.703876811213505,8.569768473828214],[7.703935093196373,8.569596355987112],[7.70393522289069,8.569558064550595],[7.703955233805826,8.569328380465336],[7.704032294535214,8.569290347159152],[7.704032424215107,8.56925205572055],[7.704090317001874,8.569194812148638],[7.704090511510582,8.569137374989099],[7.704304405424835,8.568448838740393],[7.7044595634094,8.568066440327192],[7.70455715258621,8.56764555687446],[7.70465409354401,8.567416130615857],[7.704654352721232,8.567339547712248],[7.704693401178864,8.56716736514413],[7.704731866497132,8.56716749410644],[7.704866495115798,8.567167945444394],[7.705059080815311,8.567092007214669],[7.705059339901568,8.567015424297459],[7.705309558693766,8.566958825038741],[7.705386489307815,8.566959082830639],[7.705405851468423,8.566920855812123],[7.705406563744642,8.566710252758197],[7.705426638131259,8.566461422677717],[7.705312019401394,8.56623128723536],[7.705312796421925,8.566001538449518],[7.705159000343962,8.56598187714714],[7.705139249661757,8.566134978543742],[7.70498512970834,8.56621104581385],[7.704985842156084,8.566000442787384],[7.705082717547654,8.565790162032801],[7.705141386676908,8.565503169416155],[7.705141645697936,8.565426586490162],[7.705295894783343,8.565312227637428],[7.705681776009935,8.564949747229033],[7.705913019668014,8.564816499991084],[7.706009505953577,8.564721093304577],[7.706047971046184,8.56472122209938],[7.706337235526846,8.56449243904131],[7.706375700601486,8.564492567800086],[7.706607137800036,8.564301882835549],[7.7069348666958,8.56407322795419],[7.70708898545375,8.563997159712644],[7.707821565665722,8.563482668567774],[7.70797587783778,8.563349162643597],[7.708496317443942,8.563006274466963],[7.708804876307616,8.562758407630028],[7.708939503593589,8.562758857319178],[7.709035407784615,8.562835761551787],[7.709151060772077,8.56275956387888],[7.709362617968671,8.56276027032287],[7.709420637990349,8.562664734135875],[7.709555200762979,8.562684329373463],[7.709651363119314,8.562684650395388],[7.709785796918464,8.562742537094296],[7.709843494345849,8.562742729677202],[7.709881894800691,8.562762003831175],[7.710343474298456,8.562763544142195],[7.710689207774126,8.562898719447263],[7.711170084512093,8.56288117716754],[7.711113224701603,8.562632089646527],[7.711190154623277,8.562632346154395],[7.711324459867789,8.56272852391205],[7.711554927647097,8.56282502218619],[7.711901949698296,8.562577280770121],[7.712132675125646,8.562597195559448],[7.71205529446518,8.56273095974696],[7.711939835119878,8.562749721018987],[7.711977720564551,8.562922161267686],[7.711900082175063,8.563132508544602],[7.711957264531549,8.563285867103884],[7.712111060301,8.56330552559373],[7.712187604066878,8.563420656645004],[7.712514492691311,8.563440891678086],[7.712686813118889,8.563671217712852],[7.71282137657466,8.563690811889057],[7.712955360884689,8.563882718151733],[7.712897277079708,8.5639974007586],[7.712781881709013,8.563997016439826],[7.712800470652236,8.564188538404405],[7.712742644208431,8.564226637811322],[7.712742000543503,8.564418095713695],[7.713242047730583,8.564419760979185],[7.71333827500011,8.564400935353765],[7.713339047036937,8.564171185816424],[7.713473353414998,8.564267362979281],[7.71347316042575,8.564324800366638],[7.713491428056899,8.564612051326531],[7.713490398737807,8.564918384053811],[7.713509631350866,8.564918448080912],[7.71350692924693,8.565722571472486],[7.713622325170626,8.565722955651593],[7.713795161766956,8.565800115042752],[7.713813944153856,8.565934199638875],[7.713909850205251,8.566011102911677],[7.713909978846937,8.565972811316863],[7.71396825570925,8.565800691174573],[7.714141542586399,8.565743829830792],[7.714122631466883,8.565648036832496],[7.713930497880972,8.565589959375593],[7.713680473442864,8.565589127156194],[7.713605086802806,8.565129371958774],[7.7136065663421,8.564689018646618],[7.71368356107484,8.564670128922364],[7.71377927252921,8.564804866306686],[7.713798858266888,8.56469981154439],[7.713703308241127,8.5645170265602],[7.713838193657504,8.564440891441386],[7.713837421895465,8.564670641020765],[7.713952688899635,8.564709316652428],[7.713952367353124,8.564805045647171],[7.713952238733474,8.564843337244936],[7.714009936572301,8.564843529252753],[7.714010579635749,8.564652071258816],[7.714279707515544,8.564691258764167],[7.71431862276096,8.564557366122601],[7.714337855362169,8.564557430105815],[7.714472419292944,8.56457702376458],[7.7147995663665,8.56452067380485],[7.714779948164276,8.564635484677115],[7.714529795706346,8.564672944706015],[7.714529602866278,8.564730382116098],[7.714875661369851,8.564769825113535],[7.714838095835828,8.564501655916038],[7.714376641996138,8.564461829057402],[7.714376577710216,8.564480974859833],[7.714107192757292,8.564518370643473],[7.714069627771244,8.56425020145094],[7.714069949267303,8.564154472449028],[7.714185730499834,8.56403998158212],[7.714205348818675,8.563925170758381],[7.714282279093973,8.563925426689295],[7.714378184813561,8.564002329793203],[7.714377477699567,8.564212933624013],[7.714512234347267,8.564175089840587],[7.714704431653912,8.564214021115365],[7.714838802720702,8.564291052050129],[7.714896821787412,8.564195514880417],[7.714897014560182,8.564138077460436],[7.714897271588455,8.564061494233528],[7.714897592870445,8.563965765199455],[7.714897978403916,8.563850890357921],[7.714629043778921,8.563754265944393],[7.714475183278439,8.563753754215437],[7.714571731711778,8.563639199225193],[7.714610710964447,8.563486160711108],[7.714515062385924,8.563332674456857],[7.714380627432213,8.563274789268695],[7.71434216235812,8.563274661324584],[7.714322351299862,8.563446909579195],[7.714187659198104,8.56346560753085],[7.714130218723994,8.563388832373787],[7.714150608443507,8.563044271922399],[7.713978608728041,8.562718217439235],[7.713901807296748,8.56267966988249],[7.713788084072987,8.562181495122228],[7.713904571887154,8.561856400437962],[7.713751483749608,8.561626138928329],[7.713674682550586,8.561587591360054],[7.713328498526437,8.561586439318377],[7.713308815857391,8.561720395887072],[7.713098030841268,8.561489942140113],[7.712830449530112,8.56099125510057],[7.712830835547508,8.56087638033506],[7.712677877106072,8.560607826955245],[7.71267890654905,8.560301494258047],[7.712621852835971,8.56010984421875],[7.713392883652069,8.559595468270293],[7.713701436851702,8.559347596605635],[7.714318349352509,8.55890928977373],[7.714414639425237,8.558871317854527],[7.714915899786351,8.5585092094556],[7.714935260513347,8.558470981739177],[7.715494345123792,8.558070772510241],[7.71553280969289,8.558070900262642],[7.715937650076157,8.557785054122027],[7.716053428624122,8.557670562292383],[7.716631743267135,8.557270414900874],[7.716689440026349,8.557270606340621],[7.716727712191722,8.557328171444073],[7.716592316939945,8.557557474661332],[7.71630357640328,8.557633100567363],[7.716033618987835,8.557842810839597],[7.716033490682239,8.557881102482513],[7.716071377875201,8.55805354257327],[7.716071185417434,8.558110980037844],[7.716128176632207,8.558321775619925],[7.716204785100082,8.558417760113523],[7.71626248202233,8.558417951642419],[7.71626235373085,8.558456243287651],[7.716377234465116,8.55860979290848],[7.71651179656104,8.558629385570105],[7.717147488836336,8.558325158194934],[7.717195630672936,8.558191295589546],[7.717233,8.5582582],[7.7175289,8.5580965],[7.7174812,8.5580112],[7.717263537063662,8.558130072394995],[7.717264100473513,8.557961770180286],[7.717090881646852,8.557999487704993],[7.717051776024459,8.558190818397618],[7.716917214023684,8.558171225942154],[7.71695631970781,8.55797989527256],[7.716898879276478,8.557903120545282],[7.716920631396241,8.557730878342857],[7.717092834672568,8.557731449594648],[7.717111048900968,8.557720286417533],[7.717123905856506,8.557712406616835],[7.717130320936462,8.557708474927468],[7.717186048215804,8.557674320652298],[7.717188137036352,8.55767304045041],[7.717248190563669,8.557636234675881],[7.717380775926825,8.557579236259347],[7.717515914456797,8.557426516030187],[7.717823182329616,8.557561557105034],[7.717957039605165,8.557791753418405],[7.718168146470613,8.557926475502466],[7.718379573678432,8.55796546829733],[7.718456502883404,8.557965723221372],[7.718455862550533,8.55815718161643],[7.718455478343679,8.558272056652532],[7.718474710660659,8.558272120383466],[7.718474518558105,8.55832955790169],[7.718359060600927,8.558348321337641],[7.718320595961217,8.558348193862189],[7.718108656133943,8.558462367698182],[7.718088847312275,8.558634616474007],[7.71808865514363,8.558692053982444],[7.718184752769831,8.558711518571107],[7.718184432509051,8.558807247754972],[7.718126415205671,8.558902785685346],[7.718125838694285,8.559075098210307],[7.71797127513542,8.559285192332124],[7.71793210564252,8.559495668981036],[7.717931464931449,8.559687127321522],[7.717892615718511,8.559801874785384],[7.717700419999876,8.55976294536628],[7.717584577054628,8.559896583487626],[7.71775760450514,8.559916303361867],[7.717795364400812,8.560127035075084],[7.717794851740109,8.56028020173441],[7.71777408126523,8.560739637921872],[7.717620221785131,8.560739127623014],[7.717658237996298,8.560873276019008],[7.717792865090016,8.560873722527562],[7.717734398664463,8.561103281146723],[7.717734142293446,8.561179864470844],[7.717618234756406,8.561332648361365],[7.717579321111177,8.561466541575392],[7.717558870639149,8.561830248531399],[7.717462451749931,8.561906512821016],[7.717418343214423,8.561906366479564],[7.7173865,8.5617757],[7.7170594,8.5617683],[7.7170541,8.561999],[7.717365955186854,8.562005959782544],[7.717288269254402,8.562231417568295],[7.717057479183197,8.562230651674724],[7.7169606752558,8.562421790752143],[7.71705677369077,8.562441255746998],[7.717326028923891,8.56244214929841],[7.717287115010417,8.56257604244389],[7.717056132318401,8.56263271399249],[7.716979651207839,8.562498437884283],[7.71697907393477,8.562670750299572],[7.71692079904474,8.562842871193007],[7.71680527553442,8.56288077977129],[7.716785208992379,8.563129611609858],[7.716977662772095,8.563091958419227],[7.717266151004099,8.56309291591978],[7.717458604753134,8.563055262479848],[7.71743789735758,8.563495552677066],[7.717283395452005,8.56368650033361],[7.717225184608246,8.563839475437003],[7.716955222720762,8.56404918571707],[7.716743728342628,8.564029337502362],[7.716705648151102,8.563914334859295],[7.716647950391002,8.563914143274511],[7.716762511789259,8.564163422106567],[7.716955030258712,8.564106623183859],[7.717166524707102,8.564126471290724],[7.717359107260815,8.5640505263297],[7.717435588744809,8.564184802417573],[7.717436743075287,8.56384017755046],[7.717533547246638,8.563649038385227],[7.717533867853983,8.563553309249768],[7.717514635278997,8.56355324543301],[7.717515084129761,8.563419224643567],[7.717669265244779,8.563324006001084],[7.717631441253586,8.563132420101539],[7.717785686324966,8.563018055560429],[7.717786199155745,8.562864888923292],[7.717824664240839,8.56286501651866],[7.717824792443204,8.562826724858603],[7.717786327361953,8.562826597263815],[7.717786460904246,8.562786711673652],[7.718014649133999,8.562827354587359],[7.718036010123212,8.562929077497031],[7.718027390919826,8.562942273111272],[7.718170529611411,8.562961893867651],[7.718189249486366,8.56311512430808],[7.718304644837108,8.563115506973492],[7.718458761598109,8.563039433802206],[7.718496201587281,8.563345894689117],[7.718534666731417,8.56334602222095],[7.718669422865807,8.563308176880414],[7.718737650100895,8.563384987249803],[7.7187786,8.5635463],[7.718886335225992,8.563519502453984],[7.718899509163204,8.56351954612038],[7.718899252951727,8.563596129470024],[7.718841234907701,8.563691667404166],[7.718994903499591,8.56374961490555],[7.718994775400194,8.563787906581389],[7.718975030391169,8.56394100953701],[7.718974838234512,8.563998447049725],[7.718859314470642,8.564036356218557],[7.718858673878165,8.564227814583951],[7.718992981946256,8.564323990035016],[7.71899182895009,8.56466861510431],[7.718953299607532,8.564687633435144],[7.718953043371343,8.564764216781791],[7.718472035002,8.564820060116364],[7.718433057020087,8.564973099217179],[7.718086612869159,8.56504853430503],[7.718105185431358,8.565245744763947],[7.7180709,8.5651496],[7.7175207,8.5653621],[7.7176278,8.5654532],[7.7177389,8.5654145],[7.717815554723551,8.56558540504005],[7.717776710246119,8.565698471509341],[7.717642081457334,8.565698024745503],[7.7176416325298,8.565832045525873],[7.717662357085151,8.565832114304156],[7.717684076506716,8.565851332421728],[7.717718499163015,8.565851446655557],[7.717756708036249,8.565928157607855],[7.717987692747903,8.56587148592727],[7.718026542819951,8.56575673857535],[7.718276695996458,8.565719276338084],[7.718411709385736,8.565604847891981],[7.718489281007901,8.565413644711436],[7.718620888995236,8.5654140811486],[7.718662272284585,8.565444937040802],[7.718681031065781,8.56558659499319],[7.718411004356019,8.565815452039729],[7.718448508342624,8.566102767091278],[7.718365682358368,8.566083346327876],[7.7178923,8.5659055],[7.7178475,8.5661511],[7.7179505,8.5664318],[7.7181223,8.5664982],[7.7181608,8.5663697],[7.718338786751983,8.566159841289169],[7.718332086458129,8.566408717624089],[7.718100780854653,8.566561118611306],[7.717966151745387,8.566560671915727],[7.717889669708682,8.566426395851689],[7.717774337509878,8.566406867089452],[7.717773696194876,8.566598325349783],[7.717389169931018,8.56655875697514],[7.717370514569358,8.566386380721749],[7.717505656733579,8.566233661022206],[7.717525466714335,8.56606141243863],[7.717429623936434,8.565965364130838],[7.717429880513803,8.565888780834799],[7.717218320915542,8.565888078550953],[7.717275569920225,8.56602229085415],[7.717236398815629,8.566232767203406],[7.717121130897905,8.566194092438],[7.71710292477862,8.565887695438247],[7.717103053099093,8.565849403795033],[7.717160751161118,8.565849595354821],[7.717161136101669,8.565734720422101],[7.71704574001356,8.565734337299126],[7.717046189144471,8.565600316549489],[7.71712376140686,8.56540911374337],[7.716892776933265,8.565465784930916],[7.716892648597594,8.56550407657172],[7.71673872308116,8.565522711459407],[7.716680511643569,8.565675686393412],[7.716698653255449,8.566001229183497],[7.716775391489852,8.566058922136575],[7.716774749701758,8.56625038032512],[7.716870528176335,8.566365574599718],[7.716986181125035,8.566289374521933],[7.71698566776606,8.566442541083804],[7.717023042311652,8.566768147756523],[7.716926108528913,8.5669975782485],[7.717156773128551,8.567036636285325],[7.717137027037595,8.56718973898913],[7.717213701397491,8.567266577717547],[7.717213380568994,8.567362306822599],[7.7172902474637,8.56738170807806],[7.717289028351739,8.56774547868348],[7.71746218756823,8.56772690755743],[7.71763553922143,8.56765089887977],[7.717597394401944,8.567555042076748],[7.717501230521094,8.567554722851257],[7.717424427732759,8.567516175808882],[7.717456396451464,8.567363113655178],[7.71751,8.5675401],[7.7176862,8.5674879],[7.717660166769967,8.5674020821459],[7.717828059457267,8.56759409977109],[7.717750387321664,8.5678150318625],[7.7176408,8.5678495],[7.7176889,8.5679988],[7.717903862256933,8.5679311885962],[7.717807223179329,8.568072681563454],[7.717499883272417,8.567956785128716],[7.717442184885119,8.567956593572822],[7.717441928247351,8.568033176861057],[7.717479688101444,8.568243908611342],[7.717479559782242,8.568282200255492],[7.717632459986885,8.568569898402504],[7.71763226752335,8.568627335871188],[7.717785488695709,8.568819304871013],[7.717843187220839,8.568819496394774],[7.717958520135162,8.568839025241575],[7.718036349403407,8.568571239009216],[7.718017565514325,8.568437154399165],[7.718017950315751,8.568322279443088],[7.717979869487121,8.568207276831252],[7.718133860242141,8.56816949577439],[7.718173287712317,8.567882436000625],[7.718480179090097,8.568132352729721],[7.718480371415117,8.568074915240423],[7.718211817427322,8.567863417803656],[7.718193738782917,8.567518729084535],[7.718232268457899,8.567499710879643],[7.718232460805704,8.567442273394065],[7.718386515339275,8.567385346356318],[7.718348690879152,8.567193760454272],[7.718771875811459,8.567176018047952],[7.718887656895393,8.567061525716595],[7.71898356440258,8.567138427917001],[7.718985102179969,8.566678927883276],[7.719061776878315,8.566755766286315],[7.71905863731782,8.567693912201152],[7.719155057577286,8.567617647703049],[7.719156851504291,8.567081564306433],[7.719139412577309,8.566545417136584],[7.719197110790404,8.56654560840777],[7.719197431091854,8.566449879224038],[7.719160118715007,8.566105126652076],[7.719179992005238,8.565913732034852],[7.719180440398651,8.565779711174024],[7.719449519242866,8.565834104925054],[7.719540988744984,8.566010658744316],[7.719545797675075,8.565800068106627],[7.719718443802967,8.565934662551822],[7.719872305497062,8.565935172322572],[7.720064312562913,8.56603153866877],[7.720237407036732,8.566032112008081],[7.720449350927848,8.565917937570864],[7.720488200305313,8.56580318986384],[7.720526665726358,8.565803317233708],[7.720604044459498,8.565669551025493],[7.7208924710749,8.565689651955298],[7.720892279166057,8.565747089506058],[7.72100741957489,8.565824054885265],[7.721334247860143,8.565863428677448],[7.721719094072945,8.565807263801744],[7.721911165600443,8.565884483431685],[7.721968991610476,8.56584638255803],[7.721969119443679,8.565808090841575],[7.721911485198244,8.565788754142755],[7.721931484926767,8.565559067460097],[7.722027648473603,8.56555938550948],[7.722163491612043,8.565196059396046],[7.722164130625636,8.565004600791973],[7.722260677414203,8.564890043595346],[7.722280868484928,8.564602919261356],[7.722242850410023,8.564468771052868],[7.722512171495788,8.564450515337873],[7.722551275575075,8.564259183845897],[7.722705136766856,8.56425969239011],[7.722704434210656,8.564470296907214],[7.722954458804946,8.564471123181608],[7.722954267233079,8.564528560782398],[7.72320435573481,8.564510241031982],[7.723203525739011,8.564759137324653],[7.7232995614486,8.564797746766574],[7.723300327545345,8.564567996334505],[7.723396682401289,8.56451087639621],[7.723492845740078,8.564511194042451],[7.723492718078877,8.56454948578432],[7.723531183419273,8.5645496128367],[7.723569840240306,8.56449230227069],[7.723455146381954,8.564281316537432],[7.723493803180212,8.564224005975953],[7.72358996645062,8.56422432358748],[7.72397410913086,8.564378760792614],[7.724051039792439,8.56437901479271],[7.724127842860686,8.564417560529149],[7.724204773534687,8.564417814499786],[7.724416141548979,8.564475950473934],[7.724493072243385,8.56447620438891],[7.724608340740305,8.56451487699133],[7.724685271448315,8.564515130869198],[7.724685207677374,8.564534276749072],[7.725012163229136,8.564535355561715],[7.725012226983737,8.564516209679393],[7.725223786470597,8.564516907585746],[7.725878207410337,8.56436589690806],[7.726128232246836,8.564366721119525],[7.726301390067913,8.56434814574064],[7.726378002366673,8.564444128739968],[7.72649212485985,8.564827426885307],[7.726549695619899,8.564865908807834],[7.72666509187612,8.564866289054768],[7.726780679143287,8.564809231581549],[7.726838377267396,8.564809421673592],[7.727184947926125,8.564695686654995],[7.727396634964741,8.564658091586614],[7.727953174878962,8.565023700037397],[7.728528503572521,8.565523392471885],[7.728566969086415,8.565523519037393],[7.728816232067711,8.565754092535778],[7.728816104920082,8.565792384354815],[7.729027220478812,8.565927101659073],[7.729065686040742,8.565927228180863],[7.729065622478171,8.565946374092077],[7.730198451632646,8.566524482353064],[7.730390525831889,8.566601698066512],[7.730793145535454,8.566985943498434],[7.73058101276693,8.567157561734263],[7.730580822278331,8.567214999498109],[7.730676986565933,8.567215315455943],[7.730830278072489,8.567388134245975],[7.731041839626288,8.567388829198993],[7.731099919063031,8.567274143161518],[7.731675065167856,8.567831269730775],[7.731751869868988,8.567869814157818],[7.732001072959982,8.56811953200675],[7.731943120479509,8.568195926334676],[7.731942676426288,8.568329947847209],[7.732365166613079,8.568522795904226],[7.732690097653544,8.569136538647715],[7.732766775925396,8.569213374794472],[7.732766649120896,8.56925166666554],[7.733034642988934,8.569635468718781],[7.733226212369892,8.569865850827256],[7.733225958832647,8.569942434580403],[7.733168259791364,8.569942245329441],[7.733168133016092,8.569980537205042],[7.733110433970361,8.56998034794461],[7.732994275115014,8.570209720634427],[7.732897792971541,8.570305134821421],[7.732897095521447,8.570515740110185],[7.732936068825222,8.57036269882904],[7.733089806303979,8.570401495469783],[7.733031726807401,8.570516181806193],[7.733166167924201,8.570574061266923],[7.733224881273135,8.570267915527827],[7.733494207085715,8.570249652679172],[7.733896200113116,8.57082535524082],[7.733375639753153,8.571206571165147],[7.733221331365083,8.571340088020847],[7.733067403293147,8.57135872918465],[7.732952258426504,8.57128176682528],[7.733010718519957,8.571052204912649],[7.732972632815082,8.57093720309672],[7.732799281607485,8.571013218875297],[7.732742089744632,8.570859862067818],[7.732530399279451,8.570897459631073],[7.732531223812515,8.570648562511742],[7.732358062986572,8.570667140306346],[7.732243045358503,8.570551885923111],[7.731800558619049,8.570588725404916],[7.731780627495342,8.57079926744081],[7.731665229220549,8.570798888460908],[7.731588614403305,8.570702906162182],[7.731415390087539,8.570740629447707],[7.731395712668422,8.57087458773544],[7.731452903963487,8.571027944664078],[7.731452777000258,8.571066236512],[7.731356040330968,8.571238233914665],[7.731355405444662,8.571429693144198],[7.731413104669563,8.57142988269858],[7.731489529105717,8.571583302814599],[7.731624224170617,8.571564599131142],[7.731700394818377,8.571794602920974],[7.731835026491665,8.571795045099542],[7.731950171223962,8.57187200777995],[7.731988637427112,8.571872134097726],[7.731988827809468,8.571814696316233],[7.732181158805183,8.571815327843368],[7.732200011203019,8.571930266563069],[7.732354002943568,8.571892479855425],[7.73233534082675,8.571720103347063],[7.732489459342935,8.571644024708656],[7.732624091004539,8.571644466604452],[7.732488380939763,8.571969505534334],[7.732506725935033,8.57223761169831],[7.73258365843208,8.572237864229844],[7.732583848733353,8.572180426436155],[7.732584356196945,8.572027258985461],[7.732661859504685,8.571855198106725],[7.732892529954523,8.571894247396855],[7.732949658560509,8.572066750139397],[7.733065120683821,8.572047982856153],[7.733064993866609,8.572086274726056],[7.733275924212298,8.572278428196997],[7.733506785192107,8.572260039351494],[7.733525638000181,8.572374978064948],[7.733448325094466,8.57248960134171],[7.733620789546718,8.572681628496362],[7.73373618847704,8.572682006974468],[7.733889736864158,8.572778241260465],[7.734274336769576,8.572798648409538],[7.734274210062125,8.572836940295932],[7.734216003702115,8.572989918679566],[7.73433127604748,8.573028588880165],[7.734407828663821,8.573143716734874],[7.734368982185567,8.573258466300643],[7.734368792128032,8.573315904130954],[7.734271992586677,8.5735070482953],[7.73436758839964,8.5736796770522],[7.73448298766448,8.573680055350827],[7.734465148133398,8.573258781536184],[7.734561504112247,8.57320165891301],[7.734619203676248,8.573201848027198],[7.735021390990985,8.573720112184368],[7.735232196629162,8.573950556742242],[7.735231880055946,8.574046286487969],[7.735251113291268,8.574046349499755],[7.735250670089343,8.574180371143951],[7.735115657464524,8.57429480572261],[7.735134637423394,8.574371452534361],[7.735249783663932,8.574448414429488],[7.735461349484421,8.574449107528912],[7.735480835962858,8.57437258672987],[7.73555783227915,8.574353692779978],[7.735806978529092,8.5746225550176],[7.735864298606724,8.57473761969573],[7.736323935943329,8.575332655722248],[7.736400679377745,8.575390345452943],[7.736534490171923,8.575639683621388],[7.736515003794929,8.575716204489947],[7.736514687476652,8.575811934274537],[7.736417002316278,8.576271122398603],[7.736416559406235,8.576405144087964],[7.736261869842931,8.576653537699567],[7.736222580378975,8.576902309136498],[7.736222010791738,8.577074622718325],[7.73618316425921,8.57718937246503],[7.736182468050061,8.577399977947374],[7.736163234639139,8.577399914957548],[7.736161525660962,8.577916855673124],[7.736180759097877,8.577916918666801],[7.736180126125508,8.578108378188926],[7.736217833455947,8.578338255603668],[7.736216820672343,8.578644590835863],[7.736236054146279,8.578644653832086],[7.736234914737207,8.57898928096493],[7.736311279016052,8.57916184651971],[7.73648444381785,8.579143267489426],[7.73665779845838,8.5790672505149],[7.737023551267507,8.578972717132853],[7.737100485254205,8.578972968960725],[7.737235309490741,8.578915971745271],[7.737293009976711,8.578916160584706],[7.737678122516467,8.578783397556506],[7.737774289976952,8.578783712168935],[7.738120872097523,8.578669968780005],[7.738197806055974,8.5786702203803],[7.738582854971969,8.578556602335265],[7.73860196209873,8.578594957152136],[7.74005891112829,8.580054827526753],[7.740058658654058,8.580131411442288],[7.739673860861557,8.580168446882102],[7.739635709409128,8.5800725913306],[7.739482219725706,8.579957212758321],[7.739443752597577,8.579957087069417],[7.739328161753661,8.580014147900465],[7.739174293230896,8.58001364505711],[7.738943490464288,8.580012890677077],[7.73886687209997,8.579916909335452],[7.738829479004667,8.579591302093764],[7.739117918973298,8.579611391058931],[7.739118108458894,8.579553953141644],[7.738772915585656,8.579246486008769],[7.738657324901326,8.579303546657393],[7.738599624326423,8.579303358013505],[7.73852281660749,8.579264814538266],[7.738407415476692,8.579264437203328],[7.738176676437455,8.579244536464177],[7.738118975882185,8.579244347749702],[7.738118849463145,8.579282639680397],[7.738176550024193,8.579282828395726],[7.738137450889004,8.579474162240183],[7.738175412278497,8.579627455776144],[7.738290497488526,8.579723563027363],[7.738117142748834,8.579799580737133],[7.738098414914735,8.579646350108364],[7.737963780150382,8.579645909713406],[7.737925313076168,8.579645783877652],[7.737751831862378,8.579760093342482],[7.737559433214174,8.579778609972124],[7.737482499051667,8.579778358212302],[7.737232589554928,8.579739247970412],[7.737232146749052,8.579873269678082],[7.737251380292371,8.579873332632646],[7.737251000744543,8.579988208382176],[7.737097322153557,8.579930266840739],[7.736789522169404,8.579948405278053],[7.736846590010541,8.580140053758152],[7.737077329398331,8.58015995536035],[7.737288265943533,8.580352107497784],[7.737461368059276,8.58035267406055],[7.737595750069774,8.580429698508228],[7.737364630911065,8.580524672940403],[7.737287190514833,8.5806775887829],[7.737191022596027,8.58067727398015],[7.73686373528292,8.580771933244588],[7.736863418862718,8.580867663017091],[7.736690443139681,8.580828804245932],[7.736363472176884,8.580827733294386],[7.736383971896222,8.580444877276786],[7.736557200586245,8.580407152346105],[7.736557770246994,8.580234838771583],[7.73638479485219,8.580195979908053],[7.736423768365551,8.580042938289955],[7.736423958265656,8.579985500433844],[7.736347087398936,8.579966102490088],[7.736346137829647,8.58025329176063],[7.736326461123596,8.580387250415269],[7.735999553908647,8.580367033261412],[7.73615380227931,8.58025266169296],[7.736174175468864,8.579908097601967],[7.736078197734141,8.579850344701008],[7.736059407416716,8.57971626004121],[7.735982473311459,8.579716007984121],[7.735809371583205,8.57971544079961],[7.735501888581482,8.579637848497825],[7.735483415184778,8.579408034111271],[7.735541305724318,8.579350785385074],[7.735540925686064,8.579465661061592],[7.735579202691294,8.579523224971277],[7.735848471892066,8.579524107365762],[7.735887382182304,8.579390211766542],[7.735887508826475,8.579351919869154],[7.735810828101655,8.579275083995684],[7.735580216091135,8.579216889828706],[7.735734654030696,8.5790450805287],[7.73579336767435,8.578738934419892],[7.735794254168836,8.578470891137293],[7.735794824042976,8.578298577596469],[7.735680183208781,8.578068448108008],[7.735738390085927,8.577915469569838],[7.735738833312849,8.57778144792617],[7.735758066739801,8.577781510939925],[7.735758256689109,8.57772407309192],[7.735797483298612,8.577494447718497],[7.735682146142214,8.577474923696897],[7.735566745678632,8.577474545590697],[7.735413005065046,8.577435749501321],[7.735239777727147,8.577473474102518],[7.735584965902514,8.577780943781638],[7.73550714557811,8.578048734948796],[7.735353278074032,8.578048230696307],[7.735065156646724,8.577932409393892],[7.734584320956362,8.577930832871807],[7.734430453554811,8.577930328258276],[7.73418048244401,8.57791036219306],[7.734257923269586,8.577757447051845],[7.734258430397648,8.577604279545701],[7.73448916791233,8.577624182457384],[7.734643415419435,8.577509811382196],[7.734643542160011,8.577471519499555],[7.734701305737206,8.577452562753143],[7.734721299523037,8.577222874511667],[7.734528965618461,8.577222243855081],[7.734393888225162,8.577355823916127],[7.734393444549147,8.577489845492833],[7.734258747347916,8.577508549853736],[7.734066857125759,8.577373897386236],[7.734048004124773,8.577258958668784],[7.733932920818407,8.57716285040187],[7.734029468120606,8.577048290265664],[7.734010678530576,8.576914205611283],[7.734010932119999,8.576837621862381],[7.733665746157982,8.576530151067429],[7.733589320087687,8.576376731150047],[7.733397367236595,8.576261224391864],[7.733339667238439,8.576261035028091],[7.733377563078011,8.576433474668951],[7.733416029761212,8.576433600911164],[7.73345417933371,8.576529456816946],[7.73370364215825,8.576702590699151],[7.733760517907665,8.576951677178597],[7.733759947207615,8.577123990595423],[7.733702247071152,8.577123801266952],[7.733586402855512,8.57725744412048],[7.733586276012281,8.577295735987828],[7.733567042625971,8.577295672869388],[7.733566915780228,8.577333964736372],[7.733450690867171,8.577582483126253],[7.733315993634697,8.577601187146461],[7.733296189282131,8.577773437392333],[7.733007243991189,8.577906511747665],[7.732968777165922,8.577906385443196],[7.732949353378159,8.577963760074388],[7.732949036082974,8.578059489715429],[7.733006355602014,8.578174554748182],[7.733005594102655,8.578404305888451],[7.73306304059048,8.578481079063637],[7.733099667220069,8.579036437296356],[7.733138134160992,8.579036563604284],[7.733291430878498,8.57920938216457],[7.733329326793057,8.57938182182381],[7.733597517212211,8.579708186609635],[7.73365464680268,8.579880689395583],[7.733847045407438,8.579862174748868],[7.733846664837026,8.579977050346837],[7.734019576290767,8.580035056231608],[7.734096193316001,8.580131038362817],[7.734114792676202,8.580322560822426],[7.734172493304686,8.580322750159247],[7.734248856770732,8.580495316014426],[7.73446042585493,8.580496010147627],[7.734460616060247,8.580438572336588],[7.734653078361407,8.580400911384878],[7.734672692253406,8.580286098839586],[7.734788347060532,8.580209893577488],[7.734845604019767,8.580344104391559],[7.734902163828018,8.580688920544047],[7.734959547635488,8.580784839473404],[7.734786001773498,8.580918293333209],[7.734824215380112,8.580995003257412],[7.734823327940574,8.581263046404198],[7.734822313688746,8.581569381424444],[7.734744364896365,8.581875464072764],[7.734550823875524,8.582238605874483],[7.734550570232219,8.582315189618049],[7.73447312832436,8.582468104665914],[7.734375881882335,8.582793269978618],[7.734375564763214,8.582888999648782],[7.734337731669915,8.582697414070035],[7.734203096026984,8.582696972207076],[7.734203540043133,8.582562950676348],[7.734222773699227,8.582563013801504],[7.734223154272994,8.582448138202121],[7.7343005328448,8.58231436915224],[7.734262826652864,8.58208449170643],[7.733993111749288,8.582217629466992],[7.733820072468529,8.582197915295172],[7.733781097604435,8.582350956450489],[7.733780907253956,8.582408394240696],[7.733684041014324,8.582618683722226],[7.733798681523683,8.582848813774886],[7.73424073875734,8.582945995588112],[7.734258894094792,8.58327153957357],[7.734432060753798,8.583252961753114],[7.734528038959437,8.583310715141693],[7.734720375927579,8.583311346242855],[7.73491264950987,8.5833311231857],[7.734969780025175,8.58350362590992],[7.735354264096319,8.583562325425797],[7.735450686173064,8.58348605702617],[7.73564308666339,8.583467541737203],[7.735700470988461,8.58356346063026],[7.735912168594608,8.583525862323922],[7.736008843955159,8.583373009984772],[7.736143289912206,8.58343088909174],[7.736297286293964,8.583393101447498],[7.736297539619508,8.58331651765633],[7.736336387011296,8.583201768018794],[7.736318799818245,8.582703910337473],[7.736358533617274,8.582321117396443],[7.736531446626103,8.582379122356974],[7.736608824439708,8.582245352724264],[7.736723150240185,8.582571211909489],[7.736722897022267,8.582647795716237],[7.736818812218496,8.582724694516703],[7.737126741030606,8.58266826447277],[7.737126867599696,8.582629972563486],[7.737222846168077,8.582687725319335],[7.737222529766136,8.58278345509567],[7.737241320493712,8.582917539758945],[7.737433657466215,8.582918169478466],[7.737510275920829,8.583014151125296],[7.737528940214461,8.583186527703454],[7.737721340602485,8.583168011340605],[7.73768375881094,8.582899842012019],[7.737684011843829,8.58282325817778],[7.737800046531061,8.58263217628892],[7.737876981277491,8.582632428068484],[7.737915132425218,8.58272828375479],[7.737895076515083,8.582977118294327],[7.738125754504046,8.583016165483667],[7.738125880978232,8.582977873560264],[7.738357064812139,8.582863752907226],[7.738453865514168,8.582672607855287],[7.738704029949453,8.582635133730156],[7.738704978014235,8.582347944232843],[7.738839740161684,8.582310092571396],[7.738763753435634,8.582022651484557],[7.73870605244787,8.582022462797271],[7.738648414664972,8.582003128134813],[7.738648541071637,8.581964836201664],[7.738514916802049,8.581658060428593],[7.737995987903878,8.581541485896352],[7.737977196903213,8.581407401232028],[7.737842498285393,8.58142610666626],[7.737745950688815,8.581540667737015],[7.737899313836405,8.581694338929978],[7.738091587013103,8.581714114195137],[7.738187439102503,8.581810158628025],[7.738167762868512,8.58194411744789],[7.738052234478534,8.581982031814185],[7.738051096257424,8.582326659129935],[7.737935757464751,8.582307135559308],[7.737858822782061,8.58230688380093],[7.737627449430313,8.582478442061266],[7.737492940222416,8.582439709442621],[7.737474528988535,8.58219074903331],[7.737378677022713,8.582094704437148],[7.737379183160244,8.581941536780063],[7.737379436225496,8.581864952951056],[7.737322241439038,8.581711596404622],[7.737226073258746,8.58171128157298],[7.737226642705796,8.581538967965436],[7.73739980861744,8.581520388675827],[7.737401263614397,8.581080031641674],[7.737709064560368,8.581061892844815],[7.737766196209434,8.58123439530808],[7.738054890143394,8.5811779013863],[7.738017308104863,8.580909732057751],[7.737902032965128,8.580871062575575],[7.737883305229019,8.58071783194952],[7.738152828385321,8.580642129001033],[7.738287716354801,8.580565985519673],[7.738383568254653,8.580662029874867],[7.738497579350181,8.581083618542303],[7.738554900981282,8.581198683040597],[7.738728066758691,8.581180103122538],[7.73901625518095,8.581276776214606],[7.73911261284228,8.581219652671974],[7.739362586817578,8.581239615887807],[7.739439331855075,8.58129730523466],[7.739477799118021,8.581297430943483],[7.73947767280442,8.581335722890232],[7.739592443089325,8.581527559736516],[7.739650144022141,8.581527748280429],[7.739804707736307,8.581317645289477],[7.739804834016874,8.581279353337852],[7.740055691906717,8.581031272426594],[7.740056196907782,8.580878104602508],[7.740075746138773,8.580782437532205],[7.740076061751222,8.580686707640323],[7.740038099528578,8.580533414174282],[7.740038352018935,8.580456830260943],[7.740115412630639,8.580418789572953],[7.740365449340837,8.580419606090647],[7.740403916529212,8.580419731694379],[7.740748922583376,8.580784635641738],[7.740902349936413,8.580919159792538],[7.740901782188282,8.58109147365049],[7.740959230759701,8.58116824592714],[7.740958284521111,8.581455435692131],[7.74103521912456,8.581455686807622],[7.741053758899577,8.581666355416793],[7.740842062445177,8.58170395677185],[7.740860602104433,8.581914625374047],[7.740667886769843,8.582028873325383],[7.740609743997408,8.58216270678963],[7.74062828351234,8.58237337538285],[7.740627589325949,8.582583981170899],[7.740646255055778,8.58275635780201],[7.740761594237474,8.58277588060093],[7.740954183774255,8.58269992462326],[7.741050163076268,8.582757676512227],[7.741050036898416,8.58279596847934],[7.740914833002696,8.582967842796352],[7.740914517515224,8.583063572707953],[7.740952984977885,8.583063698295323],[7.740952669496395,8.583159428207857],[7.740971903232762,8.583159491000815],[7.740971398462491,8.583312658860994],[7.74110616085504,8.583274806425893],[7.741163862085417,8.583274994781439],[7.741298309053482,8.58333287219877],[7.741337785789648,8.583026661987278],[7.741339425726079,8.582528866359377],[7.741417306571443,8.582241927630186],[7.741418252553097,8.581954737825992],[7.741418315617374,8.58193559183889],[7.741418441745487,8.581897299864627],[7.741360992983505,8.581820527630104],[7.741323282447134,8.581590650261854],[7.741458170308734,8.581514505632247],[7.742167483760179,8.58222522868966],[7.742225058803525,8.582263708849135],[7.742224932750772,8.582302000834588],[7.742147871880587,8.58234004191605],[7.742146485170601,8.58276125373755],[7.742358308247601,8.582685359747664],[7.742416009416844,8.582685547903072],[7.742570131255149,8.582609465628988],[7.742665984824697,8.582705509139036],[7.742569438119615,8.582820071572273],[7.742125990719589,8.583144110832775],[7.742124666894514,8.583546176642479],[7.742085568931118,8.583737511068497],[7.742084055828148,8.58419701482905],[7.742391103233508,8.584408624530509],[7.743043414773802,8.584908552729209],[7.74308188245381,8.584908678130995],[7.743407849952751,8.585216079870658],[7.743849095300333,8.585562149422318],[7.743848780451417,8.585657879429393],[7.743886870406876,8.585772880771247],[7.744194234934876,8.585888759327656],[7.744194549705807,8.585793029308986],[7.744175819446587,8.585639798627923],[7.744329942314267,8.585563715782701],[7.744483750440252,8.585583362897575],[7.744484128064233,8.585468486860501],[7.744369102447934,8.58535323500627],[7.744676781493225,8.585373383114524],[7.744657925180277,8.585258444444278],[7.744484883296471,8.585238734784244],[7.744485072101253,8.585181296764745],[7.744716633550277,8.584952296178626],[7.744793506051646,8.584971692654841],[7.745810260097475,8.585779142580837],[7.745963628410701,8.585932811245371],[7.746328130050351,8.586221190069141],[7.746558434511398,8.58637510873578],[7.746558245991756,8.586432546797544],[7.746481184534266,8.586470588679582],[7.74636490095851,8.58673825767781],[7.746171807049135,8.586967384343337],[7.746152195893456,8.587082197884063],[7.745998261246432,8.587100843369075],[7.745959793302468,8.587100718226504],[7.74597795839368,8.587426263061227],[7.745881285397892,8.587579118296928],[7.74576607009277,8.587521304761097],[7.745709248575496,8.587253072814898],[7.745555691239407,8.587156842035395],[7.745344180466063,8.58713700744556],[7.745209794336452,8.587059985159657],[7.744998346584278,8.587021004381679],[7.744882565249327,8.587135504692116],[7.744882376460704,8.587192942714596],[7.744766846780894,8.587230858950559],[7.74474855684698,8.586943606218684],[7.744844978341624,8.586867335334466],[7.744673068574559,8.58650299753808],[7.744673446182657,8.586388121498096],[7.744731399686867,8.586311725358819],[7.744597202788389,8.586177264896493],[7.74430869407601,8.586176325285537],[7.744328431584409,8.586023219897276],[7.744155326440775,8.586022656045968],[7.744173678939293,8.586290762745742],[7.744096554381203,8.586347950123743],[7.743808045595518,8.58634701011964],[7.743653922315276,8.586423092692728],[7.743596598482392,8.586308028648471],[7.74367378607518,8.58623169538052],[7.743616588226367,8.58607833934294],[7.743444365001165,8.585809731195106],[7.743348321554405,8.585771125746117],[7.743348132565527,8.585828563738717],[7.743482265865377,8.585982170555816],[7.743482013900482,8.586058754549027],[7.743289422891771,8.586134711605219],[7.743250010013903,8.586421776151449],[7.742826359641294,8.586573564408056],[7.742787135425211,8.586803190866837],[7.742690650574866,8.586898607171221],[7.742517356004742,8.586955480498395],[7.742306287136804,8.58680162235797],[7.742229351419115,8.586801371340925],[7.742209360749925,8.587031060440562],[7.742074849307961,8.586992329131304],[7.742113947846959,8.586800994786588],[7.741921734721923,8.586762075147234],[7.741904077649776,8.586283362721732],[7.741596461433449,8.586244066332306],[7.74157766915218,8.586109981659506],[7.741192991391785,8.586108725794224],[7.74115414496503,8.586223476072426],[7.741172305992198,8.5865490205527],[7.741248862982514,8.58666414766076],[7.741345284970477,8.586587877741556],[7.741595515105905,8.586531256092528],[7.741691432321568,8.586608153947905],[7.741727629054433,8.587297534948913],[7.741726745798483,8.587565578724215],[7.741687773125053,8.587718621016327],[7.741572116900236,8.587794828189892],[7.741571990699556,8.587833120154745],[7.741533017923443,8.587986162416264],[7.741321444112317,8.5879854715636],[7.741282344980148,8.588176805741782],[7.741051347706107,8.58823348984646],[7.740647560194855,8.588193878352433],[7.740455030848813,8.588250687773778],[7.74041599441153,8.588422875821708],[7.740261617068423,8.588575540700186],[7.740241940852231,8.588709499634898],[7.740068708398786,8.58874722571423],[7.74006908749222,8.588632349891554],[7.740185123279558,8.588441267423217],[7.740339374255032,8.588326894516584],[7.740340005907409,8.588135434787555],[7.740417510277696,8.587963372457455],[7.740340890196196,8.587867391163647],[7.740495330338101,8.587695580227518],[7.740341584974439,8.58765678545648],[7.739995436928704,8.58763650791198],[7.739975760717447,8.587770466832964],[7.740091038138484,8.58780913601256],[7.7400907854391,8.587885719898328],[7.740013407312286,8.588019490203065],[7.740089964149961,8.588134617524943],[7.739839922417201,8.588133800100225],[7.739763176084009,8.588076110646025],[7.739609177886863,8.588113899442844],[7.739550843914095,8.588305170420158],[7.739435313584328,8.588343084930763],[7.739435123949421,8.588400522828984],[7.739415068181576,8.588649357476385],[7.739241519608424,8.588782812997598],[7.739164077751783,8.588935729020069],[7.738952819806559,8.588839306981383],[7.738952313887352,8.588992474677074],[7.739067275334356,8.589126874012019],[7.738874302653,8.589317704266572],[7.738663171119863,8.589182990131835],[7.738662475290525,8.589393595685747],[7.738893093959388,8.589451788935342],[7.738911758778063,8.589624165526143],[7.738565672490694,8.589584740494226],[7.73844976207535,8.589737530381841],[7.738334357784352,8.589737152568071],[7.738122340247451,8.589870481504335],[7.738026169983284,8.589870166575391],[7.738025853514014,8.589965896345923],[7.738487344388606,8.590005699718102],[7.738621729771604,8.590082724291277],[7.738813943943557,8.59012164576294],[7.739179707504818,8.590027111840634],[7.739218491815628,8.589931507887863],[7.739391598401401,8.589932074211186],[7.739583622985125,8.59002843319606],[7.739756666431308,8.59004814532852],[7.739774952383117,8.590335397732957],[7.739639871248619,8.590468979138429],[7.739408682749199,8.590583099907725],[7.739350348122756,8.590774370761897],[7.73940665933079,8.591195770735693],[7.739464298488669,8.591215105481632],[7.739463097065335,8.59157887878406],[7.739347502451891,8.591635939080078],[7.739385211882279,8.591865816496597],[7.739173762598166,8.591826832233618],[7.739154844694447,8.5917310394849],[7.738943205740993,8.591749492986692],[7.739019573032936,8.591922058439438],[7.739115617342302,8.591960665115417],[7.739152947104825,8.592305418296208],[7.739306567586865,8.592382505707478],[7.739363764187308,8.592535862222759],[7.739536808726074,8.592555574613838],[7.739536935201372,8.59251728268844],[7.739652719774155,8.592402784481552],[7.739709853293893,8.592575286929717],[7.73967094226969,8.592709182825272],[7.739824752711777,8.592728832173055],[7.739959645054932,8.592652688721223],[7.740093778818689,8.592806296814093],[7.740131551933918,8.593017028258837],[7.739458354089446,8.593014825961932],[7.739438424151722,8.593225368597214],[7.73934206323506,8.593282491756405],[7.739226974124598,8.59318638425668],[7.739053866074054,8.593185817646546],[7.739131372343873,8.593013755850647],[7.733918904347909,8.59299665956405],[7.733763569674297,8.593436509947358],[7.733781787327319,8.59374290787739],[7.733781215502865,8.593915221145965],[7.733798289427302,8.594566245602502],[7.733952227025668,8.594547605520134],[7.734068204312964,8.594375671574557],[7.734202399429845,8.594510135529896],[7.734182402909473,8.594739823367634],[7.734200684335159,8.595027075394752],[7.734180751267833,8.595237617302038],[7.73402694045246,8.595217965598108],[7.733892745193789,8.595083501559325],[7.733488888814496,8.59506302754957],[7.73331514460347,8.595253917377402],[7.733103376694335,8.595310659167483],[7.733045991743841,8.595214739783206],[7.73310426681668,8.59504261639451],[7.733046881896416,8.594946697014876],[7.733047199801071,8.594850967453835],[7.733201773228839,8.594640868558816],[7.733393861557624,8.594718084808672],[7.733335523113616,8.594909354184495],[7.733412460200502,8.594909607213074],[7.733508885792654,8.594833339814526],[7.733490668436717,8.594526941912664],[7.733587221008805,8.594412382643403],[7.733587856503218,8.594220923475351],[7.733664920548245,8.594182884598448],[7.733665683072329,8.593953133586894],[7.733665810157619,8.593914841751362],[7.733666318492908,8.593761674408457],[7.733550849652061,8.593780440903235],[7.733551167386511,8.593684711317671],[7.733551548663005,8.593569835814359],[7.733070884279375,8.59351081681073],[7.733186734416858,8.593377174963036],[7.733668351740064,8.593149005024394],[7.733803372216571,8.59303457209032],[7.733707582516496,8.592919380454077],[7.733919349004691,8.592862638119536],[7.734112135320421,8.592729248765835],[7.734304667505285,8.592672442990422],[7.734305239009489,8.592500129675747],[7.734248425561824,8.592231897161163],[7.734133401740587,8.592116642442308],[7.734096648115994,8.591599576121153],[7.734020346742301,8.591407864097766],[7.73382895846551,8.591120043232278],[7.733829593591584,8.590928584013623],[7.733772462995674,8.590756081098691],[7.733657312681734,8.590679118156265],[7.733657439718724,8.590640826314365],[7.733620051425039,8.590315219234375],[7.73362030549498,8.590238635550168],[7.734120517521276,8.590201986855705],[7.734139942033362,8.590144612265693],[7.734178410108306,8.590144738632032],[7.734466984163054,8.590126540329779],[7.734505642656289,8.590069228879784],[7.734505896541205,8.589992645168277],[7.734236683586334,8.589972614841717],[7.73412229523501,8.589665900952422],[7.734122485697511,8.589608463176162],[7.734333805910544,8.589685741818023],[7.734487868448475,8.589628809371836],[7.734545570490948,8.589628998856531],[7.734545443558217,8.589667290713633],[7.734603145607794,8.58966748019055],[7.734853441641063,8.589591717433985],[7.734739052836703,8.58928500366668],[7.734604287929183,8.589322853466108],[7.734450987150999,8.589150034841408],[7.73437386077966,8.589207219971557],[7.734200754858962,8.58920665144215],[7.734260170668832,8.588689900928381],[7.73431806297544,8.588632652643096],[7.734587465377719,8.588595244988245],[7.734761142070489,8.588423499922325],[7.73474273291824,8.588174539673712],[7.734685792460388,8.587944599076383],[7.734744509332649,8.58763845358474],[7.734879210179934,8.587619749577968],[7.734975126040484,8.587696648944956],[7.735071549343891,8.587620380818239],[7.735071929889968,8.587505505211078],[7.735398779588713,8.587544869958839],[7.735417506245047,8.587698100557017],[7.73570588832847,8.587737338865336],[7.73585950620939,8.587814427302785],[7.735879881062416,8.587469863455663],[7.735995221181089,8.587489387846698],[7.73616794622822,8.587604831113675],[7.736206730914607,8.58750922752581],[7.736130745782788,8.587221786132302],[7.735996298577383,8.58716390683916],[7.735862802121516,8.58681883838998],[7.736074057995286,8.586915261858294],[7.736074438208125,8.586800386202297],[7.735998073020101,8.586627820461558],[7.735998516612823,8.586493798864781],[7.736152387555971,8.58649430335229],[7.73617067098999,8.586781555562963],[7.736228119196681,8.586858328508884],[7.736226535123461,8.587336977098007],[7.736302963878569,8.587490396879023],[7.736533707575711,8.58751029943757],[7.736648921077978,8.587568115531955],[7.736610073139655,8.587682865125029],[7.736398626616459,8.587643879706249],[7.736379012529314,8.58775869231714],[7.736667521553454,8.587759638034349],[7.736666951435159,8.58793195154913],[7.73653225047178,8.587950656177298],[7.736531553568585,8.58816126157092],[7.736550787523914,8.58816132462077],[7.736550027257229,8.588391075958297],[7.7364725845035,8.588543991298534],[7.736471887518528,8.588754596680825],[7.736664164019312,8.588774373154289],[7.736875864572227,8.58873677473274],[7.736875231138027,8.588928234199278],[7.736952040444106,8.588966778240883],[7.737144823754114,8.58883338690498],[7.737241373672335,8.588718826319582],[7.737394739049233,8.588872498044985],[7.737529693588259,8.588777209350994],[7.737741204228305,8.588797048301178],[7.737895329370291,8.588720968410142],[7.737991182905143,8.588817013104865],[7.737971379305164,8.588989263714494],[7.738067359490277,8.589047016490982],[7.738375040420023,8.58906717000803],[7.738375356768141,8.588971440220117],[7.738279756181775,8.588798811773932],[7.738261154911391,8.58860728923522],[7.738588069516802,8.588627505499842],[7.73862609472296,8.588761653118494],[7.738683796726894,8.588761841964741],[7.738703157230728,8.588723612991002],[7.738703410233435,8.588647029149628],[7.738838554152684,8.588494302052947],[7.738877907484597,8.58822638445894],[7.739012735014782,8.58816938708221],[7.7389941333561,8.58797786452413],[7.739244301341284,8.587940390552584],[7.739301623941724,8.588055455081118],[7.739340091883109,8.588055580901893],[7.739571341957446,8.58792231397379],[7.739629043855639,8.587922502660243],[7.739744890001843,8.58778885822514],[7.739745016385062,8.587750566287218],[7.739764250343622,8.58775062917375],[7.739765071807766,8.587501731573509],[7.739862062916908,8.587253148369767],[7.739919827899397,8.587234191027349],[7.73988249726233,8.58688943780419],[7.739883129036426,8.586697978094714],[7.739999227349099,8.586487749620238],[7.740037695142949,8.58648787534863],[7.740038579471697,8.586219831733175],[7.740038768966989,8.58616239381508],[7.740173658766758,8.586086249922282],[7.740174037709417,8.585971374079131],[7.740039653260959,8.585894350195002],[7.740039779586331,8.585856058248966],[7.739847946313642,8.585702261842028],[7.73986743284882,8.585625740820735],[7.740156003806105,8.585607537720747],[7.740309748345164,8.58564633244812],[7.740406422766905,8.585493478845663],[7.74040692789388,8.585340311036173],[7.740426729983985,8.58516806008374],[7.740292093153021,8.585167620220515],[7.740177447956647,8.584937491459309],[7.740427866444488,8.584823432502134],[7.740428687192082,8.584574534800394],[7.740332581313941,8.584555074662727],[7.740256403800881,8.584325071604612],[7.740083110251173,8.584381943960734],[7.740236286019813,8.584593052429804],[7.740235591435099,8.584803658161787],[7.739966444373485,8.584764486344826],[7.740005543547383,8.584573152311878],[7.739890140747464,8.584572775189015],[7.739831870873429,8.584744900368824],[7.739562850290251,8.584667436340464],[7.73946699719276,8.58457139210987],[7.739465291234854,8.585088333294742],[7.73929218683965,8.585087767321307],[7.73917703671513,8.585010806092729],[7.738868979596793,8.585105529468848],[7.738868473867198,8.58525869718916],[7.738790906348724,8.585449905173927],[7.738636719518233,8.585545131615191],[7.738483607657891,8.585314876631072],[7.738483923838528,8.585219146820553],[7.738274185892319,8.584663221650628],[7.738216484516722,8.584663032832497],[7.738024209862146,8.584643257417094],[7.737774044080323,8.584680730897574],[7.737755316432678,8.584527500275183],[7.737601636010019,8.584469558672877],[7.737545136920273,8.584105596592142],[7.737890901794947,8.584240751612752],[7.737929559099224,8.584183439641668],[7.738179598061346,8.584184257931929],[7.738218065596175,8.584184383808354],[7.738295696271186,8.583974029968969],[7.738180799657171,8.583820484670868],[7.738200729032207,8.583609942029891],[7.738412742752406,8.583476612502263],[7.738566549405457,8.583496261815254],[7.73866297093938,8.583419992516744],[7.738663350216785,8.58330511672483],[7.738490309904265,8.583285404544007],[7.738355357697053,8.583380693915883],[7.738316890241098,8.583380568064843],[7.738240081799126,8.583342024426878],[7.738182380623823,8.583341835632476],[7.73800959333152,8.583245539394767],[7.737913361489944,8.583264370638547],[7.737567154572017,8.583263237459605],[7.737335717192733,8.583453941389326],[7.736989700072122,8.583395369808482],[7.736912765198507,8.583395117829728],[7.73673902863889,8.583586010330805],[7.736623626282975,8.58358563227359],[7.736334107098019,8.583891022142575],[7.736275835848383,8.584063146574199],[7.736255842026094,8.584292834900536],[7.736371307913814,8.584274067151286],[7.736370484552065,8.584522964466233],[7.736255081929619,8.584522586257794],[7.736215664210802,8.584809649369001],[7.736215410824119,8.584886233151824],[7.73615637908158,8.585288108866509],[7.736174916008904,8.58549877730768],[7.736078493483371,8.58557504582809],[7.7360006077389,8.585861982752844],[7.736000987926491,8.58574710709385],[7.735750884775673,8.585765433184438],[7.735655095920838,8.585650242169187],[7.735539692989854,8.585649863697375],[7.735519952063728,8.585802968132787],[7.735365954643713,8.585840755310073],[7.735366651998425,8.585630149986311],[7.735058847500906,8.585648286359913],[7.735060115684361,8.58526536762948],[7.734983878009996,8.585054509912522],[7.734733838787895,8.585053689467872],[7.73456111530979,8.584938245773147],[7.734562130175195,8.584631910837322],[7.734466024795458,8.584612449278158],[7.734466405388321,8.58449757368011],[7.734312915983896,8.584382193044405],[7.734447932814464,8.584267759356507],[7.734506458597906,8.584019051591603],[7.734583520369601,8.583981012199686],[7.734641221560972,8.583981201546472],[7.734507536820527,8.583693570713553],[7.734372964248005,8.583673982925811],[7.734354491698372,8.583444168602101],[7.734219855791443,8.583443726706854],[7.734143428506076,8.583290306719913],[7.73414298443065,8.583424328242469],[7.734085156448739,8.583462430695892],[7.734085917754697,8.583232679519393],[7.733931667552002,8.58334704997936],[7.73391198969919,8.583481008344114],[7.733739203705466,8.583384710339853],[7.733720604611872,8.583193187897406],[7.733412865684478,8.583192177305646],[7.733335042244326,8.583459967580845],[7.73310436490272,8.583420917557964],[7.73268128724934,8.58340038129751],[7.732565694574406,8.583457439794296],[7.732449593661136,8.58366766560301],[7.732353425170353,8.58366734948521],[7.73227687158899,8.58355222106774],[7.732354949880596,8.583207847443372],[7.732355203990738,8.58313126376864],[7.732182482172152,8.583015819227315],[7.732182990447674,8.582862651886296],[7.732106564121747,8.582709231626644],[7.732107390084196,8.582460334700256],[7.732050133938221,8.582326123587473],[7.732107834822915,8.582326313276994],[7.732261957957586,8.582250235398098],[7.732262339106707,8.582135359884353],[7.732204892355412,8.582058586547625],[7.7321664251243,8.582058460102498],[7.732147382097113,8.582000959123704],[7.732031980425526,8.582000579762134],[7.731878429249697,8.581904344311342],[7.731763917272586,8.581635922054256],[7.731802702171827,8.58154031895267],[7.732014335165752,8.581521868593493],[7.732014652825052,8.581426139004362],[7.732110820739142,8.581426455124726],[7.732110884265746,8.581407309206128],[7.732149351430486,8.581407435647277],[7.732168712060065,8.581369207028299],[7.732169093197498,8.581254331513481],[7.732207687388495,8.581216166107593],[7.73220781442869,8.581177874268516],[7.732208767211408,8.58089068547296],[7.732170935287149,8.580699099848683],[7.731998595681637,8.580468779866568],[7.73195981097664,8.580564383015943],[7.731786899743158,8.580506376219821],[7.731747987905516,8.58064027117285],[7.731555588955132,8.580658784699978],[7.731555970244814,8.58054390920833],[7.731421716830884,8.580428590998318],[7.731460692296272,8.580275550175383],[7.731461645538636,8.579988361449864],[7.731346180951265,8.580007127885775],[7.73134700714489,8.579758230998209],[7.731213135392888,8.579528037277816],[7.731195427269723,8.579068472091796],[7.731042322352421,8.578838215103648],[7.73100461820421,8.578608337633401],[7.730927938730773,8.578531500950454],[7.730928065858806,8.578493209125122],[7.731063271857845,8.578321338691966],[7.731044483332581,8.578187254043785],[7.730736812326867,8.578167095991258],[7.730775914828306,8.577975763402339],[7.73087214539074,8.577956933792484],[7.730872272515718,8.577918641966843],[7.731064987810963,8.577804399010592],[7.731084856705499,8.577613003111159],[7.731219681021907,8.577556008054943],[7.731219998731162,8.577460278475773],[7.731277698862733,8.577460468182705],[7.731238215441045,8.577766676366302],[7.731295597917488,8.577862595657711],[7.731314068827626,8.578092409886375],[7.731468063175462,8.578054623917598],[7.731583145989839,8.578150732864504],[7.731813883456446,8.578170637403522],[7.731813565869185,8.578266367001289],[7.731986158594828,8.57842010324876],[7.732312999954578,8.578459469456996],[7.732447697493487,8.578440765838884],[7.732410563865701,8.578038575067463],[7.732296179231555,8.57773186118282],[7.732296623655404,8.57759783971696],[7.732181667763474,8.577463439132305],[7.732143772446679,8.57729099944646],[7.732047859565589,8.577214099796437],[7.732029515168472,8.576945993689963],[7.731991048454451,8.576945867302086],[7.731760946789944,8.57673450376861],[7.731665478711626,8.576523582612326],[7.73137685167691,8.576560926219999],[7.731164967334714,8.576655960294076],[7.731164459024479,8.576809127623601],[7.730914362015535,8.576827451400789],[7.730818195303117,8.576827135150408],[7.730818004631931,8.576884572890869],[7.730894810905966,8.576923117722828],[7.730951938985668,8.577095620695586],[7.730951367010238,8.577267933923018],[7.730950985686663,8.577382809407098],[7.73081616140886,8.577439804372961],[7.730758461290771,8.577439614597484],[7.73070114257531,8.57732454934083],[7.730701333273976,8.57726711160429],[7.730624781238126,8.577151983080403],[7.730625099081127,8.577056253521395],[7.730702668127545,8.576865047443611],[7.730741134814155,8.576865173958707],[7.730625989021953,8.576788210753595],[7.730626179719804,8.576730773017141],[7.730761130867354,8.576635486256853],[7.730761512214241,8.576520610776823],[7.730761702885698,8.576463173036545],[7.730511733263473,8.576443204759904],[7.730300039586692,8.576480800607728],[7.730222470456956,8.576672006590307],[7.729914800798976,8.576651848064428],[7.729857800451172,8.576441053198554],[7.72968450978487,8.57649792119852],[7.729511537176504,8.576459059592525],[7.729512236982007,8.576248454645825],[7.729512873153358,8.576056995601329],[7.729628718188405,8.575923354117009],[7.729821178272939,8.575885695306358],[7.729994722998089,8.57575224356628],[7.73012935597492,8.575752686542254],[7.730245073560599,8.57565733664683],[7.730245455018354,8.575542461184071],[7.730360918230307,8.575523694885087],[7.730457084597836,8.575524011201699],[7.730457211727776,8.575485719377433],[7.730745965023941,8.575410084521945],[7.730880026026173,8.575582840456047],[7.730879390574946,8.575774299607149],[7.730994154907127,8.57596613819798],[7.730994027823722,8.5760044300293],[7.730935501824201,8.576253137208003],[7.730973396544252,8.576425576927349],[7.730973904907944,8.576272409606174],[7.731166936947935,8.576062436880425],[7.731167191081279,8.57598585321279],[7.731090575555408,8.5758898707073],[7.731129677484677,8.575698538000907],[7.731091782715795,8.575526098290823],[7.731091973315211,8.575468660540212],[7.731303793446529,8.575392772326023],[7.73130417457434,8.575277896814361],[7.73107375656269,8.575162262640255],[7.73128627523242,8.574875769303642],[7.731286719859949,8.574741747870634],[7.73151815381369,8.574551047159314],[7.731517899793772,8.574627630843084],[7.731536307462104,8.574876591016096],[7.731535989929148,8.574972320619827],[7.731497205874776,8.57506792381344],[7.73149688832484,8.575163653414771],[7.731669860698918,8.575202514077347],[7.731726925501563,8.575394162885493],[7.731900088490972,8.57537558569412],[7.732265330363347,8.575434223869399],[7.732285198368531,8.575242827779999],[7.732267107575473,8.574898137943023],[7.732268948137959,8.57434290607466],[7.732134823318807,8.574189296510193],[7.732135267612901,8.574055275028206],[7.732231751002073,8.573959861215002],[7.732231941394984,8.573902423434276],[7.732078012282939,8.57392106404421],[7.731884981930363,8.574131037478368],[7.731826774394351,8.574284015324215],[7.7317497780173,8.574302908505022],[7.731827282287489,8.574130847935242],[7.731827917140674,8.573939388697285],[7.731828425012635,8.57378622130552],[7.731925289253893,8.57357593201948],[7.732021772549247,8.573480518246502],[7.732021962962883,8.573423080469043],[7.731752888910837,8.573364758257092],[7.731617875742287,8.57347919150661],[7.731616415395723,8.573919547725515],[7.731654881799756,8.573919674106472],[7.731654373850282,8.574072841486846],[7.731596166239381,8.574225819286225],[7.731422813262117,8.574301834177506],[7.731422495722357,8.57439756377985],[7.731344991210239,8.574569624231668],[7.731075344804853,8.574683614707519],[7.730960707782913,8.574453484344701],[7.731095848549438,8.574300759573232],[7.731038212425426,8.574281423990792],[7.73100019069088,8.57414727612092],[7.730730925783368,8.574146390893896],[7.730749777746935,8.574261329624237],[7.730615081714774,8.574280032855558],[7.730653865867862,8.574184429767266],[7.730442681920924,8.574068858574462],[7.730174434201984,8.573761638381145],[7.72996286919638,8.573760942440007],[7.729905678283583,8.573607585339204],[7.72980951241853,8.573607268955389],[7.729655201902851,8.573740784047265],[7.729789071122032,8.573970977943988],[7.72975009602571,8.574124018642845],[7.729749778074011,8.574219748183738],[7.729788180891429,8.574239020663466],[7.729691824090143,8.574296141950231],[7.729691378927243,8.574430163303116],[7.729729336602762,8.574583457144902],[7.729787036266803,8.57458364701149],[7.729941156378416,8.574507569643309],[7.729921350895309,8.574679819545025],[7.729786463936594,8.574755960183143],[7.729786336750482,8.574794251998851],[7.729901481795153,8.574871215350255],[7.73009387774969,8.574852702230606],[7.730112793098889,8.574948495055066],[7.729958482061115,8.575082010195787],[7.7299576554209,8.57533090700899],[7.729899955640295,8.575330717151491],[7.729804170917769,8.575215525258209],[7.729457972379157,8.575214385861482],[7.729265130894201,8.575366919956886],[7.729264812774334,8.575462649473552],[7.729187497956283,8.575577271602283],[7.729013953091106,8.575710722950996],[7.728898553459043,8.575710342928584],[7.728878301840596,8.576016613988285],[7.728743796145379,8.575977878764716],[7.728821238480942,8.5758249649592],[7.728687114790673,8.575671354333782],[7.728706666326286,8.575575688188694],[7.728860532437864,8.575576194946171],[7.728764938963282,8.575403565134204],[7.728630560802372,8.575326538105696],[7.728630433491942,8.575364829903027],[7.728457334228271,8.575364259707323],[7.728477331425319,8.575134572294843],[7.728689024369361,8.575096977362035],[7.728728127325458,8.574905645054553],[7.729228382215998,8.574849853926017],[7.729286081908965,8.574850043873328],[7.729286336382444,8.574773460256974],[7.729459562653191,8.574735738231146],[7.729441347168955,8.574429340438325],[7.729345562787263,8.574314148478985],[7.729345626398842,8.574295002573956],[7.728537831971443,8.574292342822703],[7.728537959274984,8.574254051024631],[7.728500002107671,8.574100757137476],[7.728326648779587,8.574176770557058],[7.728327540027777,8.573908727989387],[7.728096232544579,8.574061134826442],[7.728096487232514,8.57398455124249],[7.728231692466134,8.573812681715706],[7.728232138107904,8.573678660434789],[7.728020509635077,8.573697109331862],[7.727732075883114,8.573677012796638],[7.727616103675902,8.573848945514465],[7.727712269519492,8.573849262453415],[7.727750863233615,8.573811097435101],[7.727827795904624,8.573811350960215],[7.727904091770789,8.574003063416695],[7.727730993172431,8.57400249298519],[7.727749653141061,8.574174869410319],[7.727691635115815,8.574270408712085],[7.727614702356565,8.574270155146374],[7.727500003954217,8.574059169963775],[7.727346393372589,8.573982079191508],[7.727057895793906,8.57398112801484],[7.726749782643002,8.5740949885044],[7.726461285046351,8.574094036869521],[7.726461476308766,8.574036599218333],[7.726673359892797,8.573941567673298],[7.726673997311364,8.57375010881796],[7.726732461629104,8.57352054848867],[7.726848051694386,8.573463491400615],[7.726887346436777,8.573214721710752],[7.726965043621928,8.572985224729058],[7.727292325204171,8.572890573212131],[7.727388427095741,8.572910036088377],[7.727368493267589,8.573120577500317],[7.727521530277922,8.573369981249138],[7.727656480730086,8.573274695498377],[7.727657053919351,8.57310238245661],[7.727600437233941,8.572776712117323],[7.727658263946327,8.572738610474378],[7.727658391314491,8.572700318686366],[7.727620370890339,8.572566170668509],[7.727890143725372,8.572413890734863],[7.72802477541679,8.572414334273477],[7.728024584425798,8.572471771964521],[7.728101325854905,8.57252946308841],[7.72810081656635,8.572682630267806],[7.728196663848845,8.572778676533355],[7.72823462083691,8.572931970423689],[7.728292320218234,8.572932160477336],[7.728465800239299,8.5728178551873],[7.728523499608613,8.572818045203896],[7.728734173126448,8.573086784483035],[7.728733918593235,8.573163368089581],[7.728926059150654,8.573221439045508],[7.729041648888328,8.57316438123869],[7.729176217292749,8.573183970319235],[7.729215128850515,8.573050075595892],[7.729350015241882,8.572973935079833],[7.729331418120226,8.572782412718597],[7.729331736122513,8.572686683186195],[7.729216655415948,8.572590573863103],[7.729197867537932,8.572456489221551],[7.729409558947753,8.572418893662036],[7.729543936369715,8.572495920304554],[7.729717034408703,8.57249648982399],[7.729909619854971,8.572420538888155],[7.729814090020559,8.572228763443956],[7.729525593486511,8.572227814303728],[7.729525911419335,8.572132084761336],[7.729584119370836,8.571979107332194],[7.729507695698733,8.571825686941771],[7.729508458705743,8.57159593603605],[7.729354530565463,8.571614575677817],[7.729296576982727,8.571690969441002],[7.729085013194546,8.571690273185725],[7.729142267189799,8.571824484427273],[7.729084186317973,8.571939169957849],[7.72896878782054,8.57193879012223],[7.728814477819726,8.572072304944546],[7.728814159711147,8.572168034460693],[7.728717739740093,8.57224430146748],[7.728640807357515,8.572244048165622],[7.728697806722405,8.572454843066938],[7.728601132108641,8.572607693634412],[7.728312699075642,8.572587597647379],[7.728293975171251,8.572434367109008],[7.728159598084894,8.57235734007094],[7.727986500213939,8.572356769862587],[7.727910586512155,8.572050182069422],[7.727699022639674,8.572049485025927],[7.727661193264755,8.571857899330482],[7.727508029248333,8.571646787480963],[7.727469181019684,8.57176153608181],[7.72762279080716,8.571838626687297],[7.727622090326832,8.572049231526846],[7.727544903276415,8.572125561587582],[7.72721781351423,8.572162775753291],[7.72706394887424,8.57216226854144],[7.726736986545624,8.572161190512809],[7.72667877747996,8.572314167341052],[7.726774751726199,8.572371922120455],[7.726947913239111,8.572353346983904],[7.726947467217392,8.572487368206847],[7.726735775725409,8.572524962375095],[7.7267351384302,8.572716421247167],[7.726561849275587,8.572773288033964],[7.726388751324372,8.572772717081968],[7.726310735102373,8.573097943323956],[7.726310352573449,8.573212818624965],[7.726348245040833,8.573385258476952],[7.726309013680343,8.573614882172993],[7.726058982784846,8.573614057195615],[7.725962498182187,8.57370946925553],[7.72596205174361,8.57384349041751],[7.726038729271798,8.573920327822995],[7.726211891484095,8.573901753125723],[7.726230742055394,8.57401669187843],[7.726345758496429,8.574131947920877],[7.726210871218919,8.574208087235649],[7.725922182250459,8.574264572824223],[7.725960457261024,8.57432213741681],[7.725691128964868,8.574340394534842],[7.725709915583278,8.574474479168456],[7.725613175454833,8.574646474599913],[7.725824485428495,8.574723756509334],[7.725862951826556,8.574723883479129],[7.726055857834713,8.574552205349477],[7.726306208169295,8.57445730100777],[7.726459882414685,8.57451524630623],[7.726459754899171,8.574553538072735],[7.726285763402904,8.574821009302603],[7.7260934313379,8.574820374618836],[7.726035285249663,8.574954205353155],[7.726035030119776,8.575030788871652],[7.726130749751833,8.575165127409441],[7.7262652547743,8.575203863465156],[7.726322571833345,8.575318929152166],[7.726264553267324,8.575414468156483],[7.726264425718681,8.57545275991829],[7.725995096601271,8.575471017133228],[7.725956630126081,8.575470890165628],[7.725861101881571,8.57527911395044],[7.72584237900432,8.575125883438066],[7.725803912566138,8.575125756460318],[7.725611197553372,8.575239996771717],[7.725552923602276,8.575412119147805],[7.725418099535476,8.575469112216961],[7.725167939855693,8.575506578230847],[7.72511177209753,8.575046886715285],[7.725157754822431,8.574989600333478],[7.7252323,8.5754599],[7.7254784,8.5754218],[7.7254099,8.5749894],[7.725208168152227,8.574978207939544],[7.725150940607421,8.574836409157209],[7.725151387382682,8.574702388044583],[7.725093177181116,8.574855364464913],[7.724977458810089,8.574950712667164],[7.724919759198969,8.5749505220737],[7.724746532679997,8.5749882419816],[7.724458737101679,8.574776684204105],[7.724459503408066,8.574546933786213],[7.724556052424898,8.574432376322696],[7.725229156019676,8.574451883152816],[7.725248258795889,8.57449106906067],[7.725287168431715,8.57435820691505],[7.725421928287059,8.574320359709766],[7.725249021162477,8.574262350521177],[7.725288189454771,8.57405187291806],[7.725076879984152,8.573974590782464],[7.72501815928891,8.574280734191385],[7.724787361253012,8.574279971849236],[7.724768638803678,8.574126741347087],[7.724653239840783,8.574126360125465],[7.724634517444602,8.573973129624582],[7.72480761582033,8.573973701442343],[7.724981671604828,8.573687085089214],[7.724982118378615,8.573553063977501],[7.724866719579153,8.573552682844984],[7.72469349371216,8.573590402823559],[7.724692791473807,8.573801007403077],[7.724500460041427,8.573800372000722],[7.724384614193065,8.57393401179206],[7.72438365632002,8.574221199814668],[7.724248704852098,8.574316484248511],[7.724017906864083,8.57431572144325],[7.723978737843021,8.574526198808439],[7.724093498127573,8.574718038903912],[7.72424576682335,8.57519719410644],[7.724091837260161,8.5752158313968],[7.723957460341113,8.57513880288726],[7.723899505161572,8.575215195591026],[7.72355273223994,8.575386363645942],[7.723552348778979,8.575501238809496],[7.723667428580987,8.5755973497276],[7.723743339042054,8.575903937906459],[7.724012540561993,8.575923974051149],[7.724030687659686,8.576249517315851],[7.724165384383679,8.576230816533055],[7.724434522324714,8.576269998286241],[7.724415033564552,8.576346518184096],[7.724338100486159,8.576346263904426],[7.724222445338098,8.576422465914916],[7.724222125916131,8.57651819523789],[7.724068068026194,8.576575124166327],[7.724011007141061,8.576383474771095],[7.723799696812593,8.576306191794488],[7.72397330734815,8.576153597237253],[7.723839057958243,8.576038276921086],[7.723569153326673,8.576228845105543],[7.723299568089081,8.576323683771095],[7.723375478302613,8.576630271989039],[7.723336628168011,8.576745019889822],[7.723105125421865,8.576954860739214],[7.723239502709712,8.57703188960683],[7.72323905514116,8.577165910603082],[7.723354391024179,8.577185438238994],[7.723353879553393,8.577338605097447],[7.723257137536935,8.577510599652388],[7.723352217207909,8.577836397378839],[7.722929915293927,8.577586101146872],[7.722891448652094,8.577585973842709],[7.722621862309286,8.577680811863512],[7.722448378506962,8.577795113920434],[7.722505758587886,8.577891034197963],[7.722697580150926,8.578044837708639],[7.722716045822501,8.578274651593896],[7.722927037054592,8.578447664548479],[7.72294569474386,8.578620040882512],[7.722753488967419,8.578581112552149],[7.72269540499528,8.578695796652154],[7.722656938245332,8.578695669308276],[7.722484029842058,8.57863765866521],[7.722407416317378,8.57854167468872],[7.722331314777529,8.578292523913861],[7.722216298656829,8.578177266692798],[7.722216618643734,8.578081537453208],[7.722082177273655,8.578023654056537],[7.721928246573817,8.578042290298983],[7.721831823828291,8.578118555145322],[7.721716935967456,8.577965006115418],[7.721909589340472,8.577869913982033],[7.722024989309057,8.577870296189161],[7.72217917592681,8.577775076505318],[7.722313745214938,8.577794668160335],[7.722295279768678,8.57756485428907],[7.722372341001042,8.577526817312457],[7.722392214148091,8.577335422491203],[7.722257581020892,8.577334976735216],[7.722180007869633,8.577526180479817],[7.721968377436894,8.577544625699913],[7.721910997541822,8.577448705368138],[7.721776364400122,8.57744825943845],[7.721737321637873,8.577620444625571],[7.7215256911668,8.577638889591942],[7.721526011306227,8.5775431603756],[7.721603328680028,8.577428540187299],[7.721526715599919,8.577332556097934],[7.721296300259696,8.577216916347629],[7.721295723924785,8.577389228924082],[7.721160706566128,8.577503657826872],[7.721083196902756,8.577675715424022],[7.720929970990794,8.577483747054814],[7.720853037788617,8.577483492047014],[7.720910929862978,8.57742624578794],[7.720911057977537,8.577387954110275],[7.720873488198319,8.577119784865996],[7.720777449912924,8.577081174426924],[7.72071975007527,8.577080983158615],[7.720585117125933,8.577080536832367],[7.72058460455222,8.577233703525431],[7.720411569068202,8.577213983762764],[7.720353869218788,8.57721379243682],[7.720238854058206,8.57709853475487],[7.720239238587102,8.576983659749969],[7.719950675444458,8.577001848762746],[7.719969331795781,8.577174225046258],[7.719892398684878,8.577173969856108],[7.719719363309131,8.57715424979211],[7.719719812110693,8.5770202289807],[7.720008631649185,8.576925456814296],[7.719855150163866,8.576810071460413],[7.719855406585153,8.576733488134279],[7.719566971896324,8.576713385226412],[7.719567100134654,8.576675093567529],[7.719490551870846,8.576559963338285],[7.719298091179656,8.57659761679601],[7.7192219919572,8.576348465737256],[7.719049149454325,8.57627130795386],[7.719049855006066,8.576060703867041],[7.718895860994038,8.576098484820662],[7.718896694908691,8.575849589094206],[7.719031455614282,8.575811744293226],[7.719069922019405,8.575811871955903],[7.719185513632421,8.575754817438519],[7.719205195740793,8.575620860468225],[7.719339828103315,8.57562130720037],[7.719397848285181,8.575525769496249],[7.71939804064082,8.57546833200818],[7.719398681816629,8.575276873713355],[7.719495168268205,8.575181463599884],[7.71961050321061,8.57520099224114],[7.71961069552692,8.575143554747312],[7.719534147487068,8.57502842456092],[7.719283859847062,8.57510417837661],[7.719226160341519,8.575103986928811],[7.719168845596935,8.574988920503925],[7.719226993943082,8.574855091157275],[7.719342392880447,8.574855474032981],[7.719265844974115,8.574740343812023],[7.71909255424248,8.574797206942213],[7.719073962378115,8.574605684842927],[7.719420158959697,8.574606833470689],[7.719419838404448,8.574702562622464],[7.719516004154148,8.57470288163428],[7.719708271567619,8.57472266541855],[7.71974622510699,8.574875959659042],[7.719842006360412,8.574991153595477],[7.719899064959549,8.575182803284042],[7.720014079511756,8.575298060978822],[7.720090243250142,8.575528066105097],[7.720205642429668,8.57552844875256],[7.720185964776404,8.575661180081907],[7.7198028,8.5757701],[7.7198875,8.5760617],[7.7201724,8.5759807],[7.7202906,8.5759073],[7.720219413032096,8.575662516746915],[7.720281806314292,8.575758453861997],[7.720397333712729,8.57572054478914],[7.720397718131321,8.575605669768917],[7.720532863047437,8.575452949381578],[7.720668264066252,8.575223645573356],[7.720803152549645,8.57514750841386],[7.720918423566772,8.575186182513592],[7.72091791124144,8.575339349241673],[7.721263660566419,8.575474517217584],[7.72116704634461,8.575608219510874],[7.721224745970172,8.575608410679743],[7.721262380037243,8.575857434081593],[7.721378035456695,8.575781233017596],[7.721570303637985,8.575801015966658],[7.721742826596362,8.575973901898639],[7.721858161986138,8.575993429919162],[7.721935542882287,8.575859663746776],[7.721955672000712,8.575591685557544],[7.722148452009794,8.575458301409586],[7.722148963849532,8.57530513460856],[7.722033948557666,8.575189877455486],[7.722284044061208,8.575171559338784],[7.722323342044296,8.574922790594963],[7.7223234699795,8.574884498891139],[7.722343278852619,8.57471224988264],[7.72218998923019,8.5745394279178],[7.722363215621994,8.574501709163842],[7.721997785576952,8.574500499514668],[7.72182462316365,8.57451907225085],[7.721786156846973,8.57451894488172],[7.721689991057875,8.574518626442138],[7.72092066487849,8.574516078063617],[7.72103612781931,8.574497314575432],[7.720959771503984,8.574324747097396],[7.720922009578305,8.574114015382214],[7.720749679876934,8.57388369172126],[7.720691980522305,8.57388350051954],[7.720691532227938,8.574017521403796],[7.72049939314404,8.573959446475007],[7.720404124321417,8.5736910859956],[7.720308343145652,8.573575892214077],[7.720193008614665,8.5735563638465],[7.720135757786764,8.573422151710634],[7.720020615531269,8.573345185791021],[7.719809179758811,8.57330619265096],[7.719712758003387,8.573382457099122],[7.719617041215455,8.573248117352922],[7.719501642750556,8.573247734630499],[7.719502091420928,8.573113713803501],[7.719579408249052,8.572999093952767],[7.719483883871049,8.572807316693968],[7.719387718599094,8.572806997744118],[7.719387654500375,8.572826143576048],[7.719156857851285,8.572825377997013],[7.718791301609764,8.57286245720308],[7.718598586260294,8.572976693885797],[7.71846396542335,8.572973096499325],[7.718464205741242,8.572901368026885],[7.71846377902431,8.572899662297111],[7.7184254672941,8.572982525230564],[7.718406190708753,8.572995453219296],[7.7182924,8.573049],[7.718282453017045,8.573167104899849],[7.718335964105333,8.573397034981088],[7.718342462844723,8.573397056555256],[7.718385503216043,8.57342945935898],[7.718385222968259,8.573513095407483],[7.718500496585286,8.573550749453924],[7.718673722633453,8.573513032341861],[7.718700440858701,8.573685435366418],[7.718645,8.5735563],[7.7182519,8.5736496],[7.7183353,8.5739932],[7.7187512,8.5738944],[7.718730431379345,8.573808900007462],[7.718922854943816,8.573781903678398],[7.719019020443286,8.573782222780011],[7.719096145206816,8.573725040557633],[7.719077489193396,8.573552664284446],[7.71925052289065,8.573572384395717],[7.719249945882765,8.573744696866294],[7.719365023949905,8.573840808839927],[7.719479717458162,8.57405179577603],[7.719594795674208,8.574147907701716],[7.719536775797311,8.574243445480008],[7.719517286256647,8.574319965009806],[7.719689743485031,8.574511997470946],[7.71988201082578,8.574531781156074],[7.7196319799602,8.574530951929],[7.719554983287797,8.574549842581137],[7.719555175597621,8.574492405086627],[7.719478371252221,8.574453858231164],[7.719324313813358,8.574510785289897],[7.719113198164782,8.574376062545065],[7.719171218163125,8.574280524849586],[7.719171282283714,8.574261379020726],[7.718363491143402,8.574258697993066],[7.718400866657723,8.574584304689084],[7.718497032339198,8.574584623950336],[7.718554026048736,8.574795419557512],[7.71838086356128,8.574813990703944],[7.718342397266932,8.574813862987352],[7.718304315979245,8.574698860335756],[7.718150258330909,8.5747557868849],[7.718207316027213,8.574947436696199],[7.718303481792673,8.574947756019078],[7.718263796208535,8.575311398895483],[7.71812948491341,8.57521522270387],[7.71787951796553,8.575195246457971],[7.717861055110946,8.57496543275391],[7.717938051903687,8.574946542464756],[7.717938693770726,8.574755084274592],[7.717823230735489,8.574773846802003],[7.717785663152343,8.574505677577434],[7.717824386165292,8.574429222070798],[7.717824514543407,8.574390930433609],[7.717805473990584,8.574333429095706],[7.717805730747096,8.574256845821443],[7.716305548232662,8.574251860122352],[7.716305483968705,8.574271005929651],[7.716420561304155,8.574367118693242],[7.71655429353165,8.574635607656791],[7.716477168259429,8.574692789285665],[7.716246370748206,8.574692021801365],[7.71605384666511,8.574748819540625],[7.715996275852457,8.574710336008955],[7.715728619491586,8.574230795191484],[7.715901974513549,8.574154787801735],[7.715979292570713,8.574040168867858],[7.716326323603298,8.573792424693904],[7.716326773415083,8.573658404037973],[7.716077514708862,8.573427822917049],[7.715942754739294,8.573465666771556],[7.715749845558774,8.573637339269853],[7.715595852427791,8.57367511900673],[7.715441473454215,8.573827773485254],[7.715190993266888,8.573960962045096],[7.71507553046453,8.573979723766584],[7.714882813667728,8.574093958341267],[7.71415182781774,8.574129816234112],[7.714037330591762,8.573861390772864],[7.71392193219522,8.573861006355662],[7.713536884512765,8.573974599436573],[7.713498940528186,8.573878742984492],[7.713536520261882,8.573878868216003],[7.713556761567689,8.573783205659122],[7.713768647159982,8.57368818164798],[7.71396168586272,8.573478218694518],[7.713962072111863,8.573363343951792],[7.713789103515404,8.57332447573411],[7.713731661944528,8.573247700349272],[7.713732305787669,8.573056242459428],[7.713674606717108,8.57305605022747],[7.713423869029255,8.573265820775898],[7.713269296278188,8.573475911640895],[7.713191526722199,8.57372455042301],[7.713114530090778,8.573743439767993],[7.7132299284151,8.573743824421266],[7.713229881826089,8.573757672079834],[7.7128709,8.5739206],[7.7129794,8.5741846],[7.713325079321908,8.574045662835823],[7.713498031959867,8.574089345967897],[7.713555215975233,8.574242704542417],[7.713862945307175,8.574243729915894],[7.713862494600956,8.574377750437671],[7.714208883374997,8.574321466333899],[7.714323187721032,8.574647329152087],[7.714226571581613,8.574781029387113],[7.714264072242825,8.575068344382077],[7.714359851681891,8.575183539442303],[7.714647962604352,8.575299375003468],[7.714743677869818,8.575433715787014],[7.714474285041672,8.575471110674028],[7.714377926179963,8.575528227752555],[7.714224125338957,8.575508569435167],[7.714205922226797,8.575202172719052],[7.714129118446881,8.575163624858641],[7.713840492684235,8.575200955250374],[7.713783308462022,8.57504759668752],[7.713687271644313,8.575008984661421],[7.713746065751132,8.57468369854895],[7.713746258936314,8.574626261186136],[7.713669906108484,8.574453692746884],[7.713554571953015,8.574434162407153],[7.713400707224384,8.57443364961687],[7.713361081592934,8.574778145535214],[7.713359857675774,8.575141915438634],[7.713205670543342,8.57523713144373],[7.712955768751508,8.575198006262852],[7.712956348694357,8.575025694232187],[7.712821587991233,8.575063536865187],[7.712648038761948,8.575196980053038],[7.712455643074014,8.575215484324714],[7.712417176829066,8.575215356011803],[7.712282738393566,8.575157469558386],[7.712110478571969,8.574907996973174],[7.712091632343791,8.574793058152832],[7.711899301365091,8.574792416399989],[7.711899494830085,8.574734979079361],[7.711822884912249,8.574638993487964],[7.711765959564839,8.574409051662228],[7.711592926380275,8.574389328197043],[7.711554782743346,8.574293470953682],[7.711478043983721,8.574235776859359],[7.711473334691964,8.575633418081647],[7.711281132389192,8.57559448442231],[7.711242988759849,8.575498627147736],[7.711108485936738,8.575459886064468],[7.711108937665751,8.575325865695895],[7.711032650548125,8.575134151129376],[7.711014127322043,8.574923483470728],[7.710880399200563,8.574654993149993],[7.71088091550385,8.574501827021844],[7.711054529407291,8.574349238901013],[7.711035425395486,8.574310883146799],[7.710765710686492,8.574444004336975],[7.710613330741531,8.574003137854849],[7.710440104207209,8.574040851198111],[7.71036284921505,8.57413632301466],[7.710074095144322,8.57421194217214],[7.709977671553521,8.574288203864786],[7.709823548745463,8.574364272690781],[7.709823161207646,8.57447914723979],[7.709707504432186,8.574555344564326],[7.709745260020653,8.574766076468181],[7.709629280123187,8.574938002534312],[7.709628763292011,8.575091168583194],[7.709744032666259,8.575129845852166],[7.709781723686039,8.575359723514657],[7.709569965660913,8.575416453534976],[7.709569577998661,8.575531328066214],[7.709413257458992,8.576258352259869],[7.709509164741778,8.576335256837762],[7.70947018144884,8.576488294242818],[7.709488639136209,8.57671810759777],[7.709681358583337,8.576603876165532],[7.709854457131628,8.576604454863082],[7.709930743806993,8.576796169604387],[7.709853358828969,8.576929932716432],[7.709699041012475,8.577063438585407],[7.709583641847518,8.577063052728713],[7.709507096825276,8.576947920952465],[7.709391826964765,8.576909243538699],[7.709391697703945,8.576947535043537],[7.70946850119718,8.576986083825915],[7.709409702901091,8.577311368658942],[7.709255643345763,8.57736829129853],[7.709236991907185,8.577195915209066],[7.709063634536777,8.57727191919353],[7.70910177769801,8.577367776620367],[7.708870655943261,8.577462733228124],[7.708851875362149,8.577328648641775],[7.708640439496595,8.57728964923272],[7.708602749162874,8.57705977155448],[7.708526139791744,8.576963785373236],[7.708584292028691,8.576829958237465],[7.708583839334417,8.576963978461764],[7.708737640124625,8.576983639069775],[7.708872466381091,8.576926652278154],[7.708872725005486,8.576850069284056],[7.70883458193736,8.576754211848213],[7.709066026464604,8.5765635264453],[7.709123725959215,8.576563719444184],[7.70904731045437,8.576410296108474],[7.709086099975235,8.576314696021631],[7.709316768554177,8.576353759436103],[7.709317608728544,8.57610486465301],[7.709164196030385,8.575970329813735],[7.709337617383681,8.57587517993577],[7.709318772005139,8.575760241101765],[7.708991744240301,8.575778293344825],[7.708915199613387,8.575663161508132],[7.708857500259414,8.575662968498186],[7.708704928395668,8.575279538789838],[7.708570620010796,8.575183359627177],[7.708243398778246,8.575258848540663],[7.708243204752188,8.575316285776676],[7.708050744432438,8.575353933555354],[7.707973553290716,8.575430259016533],[7.7077620539076,8.575410405032715],[7.707780963505411,8.575506198131329],[7.707780575301687,8.575621072580663],[7.707876482054607,8.575697977494587],[7.707914366018548,8.575870417948291],[7.708029700056755,8.5758899499939],[7.708259462657141,8.576197054412612],[7.708277919619985,8.576426867719059],[7.70847005712636,8.57648494863537],[7.708527174556931,8.57665745343758],[7.708411322822548,8.576791087464992],[7.708468181541579,8.577040175257473],[7.708429197733479,8.5771932124796],[7.708467664116715,8.57719334121932],[7.708428939009752,8.577269795458887],[7.708466758600139,8.577461381649552],[7.70817729009285,8.577747602115856],[7.708177031301694,8.57782418508531],[7.707830445047622,8.577937900382478],[7.707811858988609,8.577746378580454],[7.707465466950277,8.57780265633357],[7.70746520801486,8.577879239281208],[7.707388339879464,8.577859835841378],[7.707311407012389,8.577859578123105],[7.707176709752256,8.57787827281394],[7.707174961485586,8.578395207643258],[7.707097704732955,8.578490678534116],[7.707116549439245,8.578605617381855],[7.707308881971878,8.5786062618015],[7.707308493483869,8.578721136210941],[7.70715449789775,8.578758912143204],[7.706730524080804,8.579006388593166],[7.706422791784278,8.579005356966812],[7.706422921373949,8.578967065511087],[7.706307392182979,8.579004970043693],[7.706268925650412,8.579004841061655],[7.706056970849654,8.579119005942],[7.705922337961513,8.579118554394773],[7.705999984018201,8.578908209456682],[7.706250016400729,8.578909047936314],[7.706346377102037,8.578851933203207],[7.706346636291382,8.578775350293395],[7.706231171960112,8.5787941090844],[7.706154238940337,8.578793851107589],[7.705884519644317,8.578926968135315],[7.705634616953743,8.578887837973229],[7.705634487286329,8.57892612941713],[7.705422662085772,8.579002002487192],[7.705345210252855,8.57915491009967],[7.705210317961543,8.579231041176024],[7.704902585669826,8.579230008310535],[7.70490200180815,8.579402319754367],[7.704748070725413,8.57942094893383],[7.704574646796934,8.579516096323758],[7.704574452121866,8.579573533463542],[7.704574062767673,8.579688407742593],[7.704458403449292,8.579764603084813],[7.70445768954907,8.579975205917416],[7.70463078926529,8.579975787184093],[7.70470720336496,8.58012921121009],[7.704995508417639,8.580187616923018],[7.704975626329267,8.580379009514106],[7.704975496572958,8.58041730094504],[7.705129233454879,8.58045610888347],[7.705128649610687,8.580628420331886],[7.705166921677574,8.580685986601827],[7.705166597321811,8.58078171518477],[7.705184662974515,8.581126402641669],[7.705299803693701,8.581203372864236],[7.705299349613388,8.581337392883706],[7.705472385143826,8.581357119582593],[7.706049451395458,8.581339909905566],[7.706145099688147,8.581493398282042],[7.706298966816208,8.581493914385051],[7.706376418910343,8.581341006612746],[7.70653028599117,8.581341522614407],[7.706665567694947,8.581150516790885],[7.706722943843221,8.58124643889095],[7.70674133486285,8.581495397839527],[7.706529508290261,8.581571271329162],[7.706548093596634,8.581762793088428],[7.706643742188662,8.581916281383315],[7.706778505699474,8.58187844136949],[7.706835881960627,8.581974363469621],[7.706547380679252,8.581973396073959],[7.706662262737215,8.582126948871295],[7.70683523398263,8.582165820749054],[7.70664231641529,8.582337487364665],[7.706507811994431,8.582298744403268],[7.706488967459713,8.582183805547315],[7.706238868082645,8.582202112628329],[7.706008066971952,8.582201338351473],[7.70577655250376,8.582411166852957],[7.705852902587453,8.582583736493545],[7.705949004958364,8.582603204899312],[7.706140431685413,8.582871890307127],[7.70621645782203,8.583140188520808],[7.706543426898916,8.583141285314667],[7.706658633314653,8.583199109528774],[7.706812565968389,8.583180479802033],[7.706811982695164,8.583352791341268],[7.706965656208618,8.583410744472072],[7.706887814946734,8.583678526680403],[7.706887555715506,8.583755109587234],[7.706848505399611,8.58392729212882],[7.706944608186237,8.58394676034268],[7.707117191483059,8.584100506585267],[7.707328565945025,8.584158653080642],[7.707366514710316,8.584311947872507],[7.707789782195677,8.584275074664516],[7.708000768364726,8.584448095226943],[7.708039235471587,8.584448224117425],[7.708115781173309,8.584563356298366],[7.708346130711622,8.584698149683293],[7.708768945647795,8.584795295629501],[7.708922037685699,8.585025559774131],[7.709075453444576,8.58516009517345],[7.709267854124697,8.585141593361179],[7.709285534916152,8.585601155587149],[7.709361628312424,8.585850307807599],[7.709476900731525,8.58588898561134],[7.709573068918736,8.585889307515856],[7.709668913682616,8.585985358124406],[7.709976393313193,8.586062970984065],[7.710225784179101,8.586255265074863],[7.710379524168803,8.58629407133482],[7.711110532752927,8.586258224099037],[7.711360764259266,8.586201622702887],[7.711437569731145,8.586240171379247],[7.711431561370064,8.588020726853175],[7.711565487011095,8.58823178027681],[7.711814880084888,8.588424073645283],[7.711987854956924,8.588462943697309],[7.711987467423427,8.588577818260852],[7.712390021094784,8.588981228919046],[7.712505423987148,8.588981614467436],[7.712679432130346,8.588714152008382],[7.712679561241469,8.588675860477089],[7.712930439721846,8.588427800591147],[7.71306488266046,8.588485687483125],[7.713103866507914,8.588332649775307],[7.713219398287956,8.5882947435409],[7.713218753026109,8.588486201241164],[7.71314175331123,8.588505090139156],[7.713083406576155,8.58869635516309],[7.712967874661172,8.588734261336059],[7.712832398878026,8.588982706667002],[7.71277469742356,8.588982513946046],[7.71263896316474,8.589307542233534],[7.712503938918709,8.589421967035385],[7.712599139617484,8.589709474778749],[7.712445139646133,8.58974725222646],[7.712443718952501,8.590168459004087],[7.712289783369584,8.590187090598018],[7.712270097378909,8.590321046649711],[7.712058201693747,8.590416068342543],[7.711962742914399,8.590205143544905],[7.711539597736727,8.590203728903015],[7.711346935872261,8.590298814500622],[7.711346548061837,8.59041368902417],[7.711115482932889,8.590489500079592],[7.711038159497169,8.59060411723734],[7.710941990066889,8.590603795523062],[7.710998786548813,8.590872029067333],[7.711094503483681,8.591006371037476],[7.71094011494349,8.591159022282735],[7.71082458212927,8.59119692766694],[7.710747646471773,8.591196670237176],[7.710612685683612,8.5912919484356],[7.710612038885805,8.59148340590904],[7.710669029205913,8.591694202232842],[7.710553560892186,8.591712961760264],[7.710572018609093,8.591942775091933],[7.710533550708723,8.591942646342671],[7.710437057494571,8.592038053179829],[7.710397877927412,8.592248527610394],[7.710224189895501,8.592420259801024],[7.71012737291151,8.59261139524168],[7.709703060125142,8.59295460149446],[7.70951065543842,8.592973102938192],[7.709471734203058,8.593106994227137],[7.709509554715043,8.593298580471684],[7.709413319909437,8.593317404012094],[7.709508518700584,8.59360491226277],[7.709412089543538,8.593681172999245],[7.709277516107601,8.593661576129236],[7.709239630942103,8.593489135612174],[7.709162694870807,8.593488877797759],[7.708971067254262,8.593277630132285],[7.708759622777744,8.593238629512605],[7.708720830828498,8.593334229218792],[7.70858612799123,8.59335292359031],[7.708471112766937,8.593237662297874],[7.708395084027755,8.592969364133687],[7.708318342507147,8.592911668980827],[7.708106768714155,8.592910959495585],[7.708009302345619,8.59329355148242],[7.70800884856744,8.593427571562062],[7.707797080003956,8.593484299036481],[7.707508829322249,8.593406748186364],[7.707528906359651,8.593157918336138],[7.707721181412714,8.593177709358063],[7.707646579678074,8.592488205206312],[7.707743851582339,8.592163050493689],[7.707743981241216,8.592124759043973],[7.707647811553219,8.592124436451021],[7.707647552215581,8.592201019347456],[7.707570616452452,8.592200761253489],[7.707243769195528,8.59216137274078],[7.707224405548049,8.592199599640628],[7.70718593767278,8.592199470553341],[7.707012507906963,8.592294618209072],[7.706858571509037,8.592313247464585],[7.706801129198496,8.592236470904602],[7.706763958883288,8.591853427424237],[7.706205721024315,8.591985574685019],[7.705709145200472,8.5909500266267],[7.705920587881662,8.590989028692006],[7.705921107173165,8.590835862994105],[7.705575417153893,8.590681534404322],[7.705422650237244,8.590355540414004],[7.705365598087471,8.590163889466474],[7.705250844549721,8.589972044647721],[7.704888195152635,8.5891475512617],[7.7047738967794,8.588821686433084],[7.704277847704157,8.587632971925991],[7.704201302796752,8.587517839080855],[7.703972318131206,8.586980983479082],[7.703972708002288,8.58686610927082],[7.703934695570259,8.586731960030114],[7.704107863281722,8.586713396283116],[7.704108318068844,8.586579376364336],[7.703839242198142,8.586521033980684],[7.703801294814085,8.586367739035923],[7.70366711441591,8.586233266424877],[7.703495116861764,8.585907207429052],[7.703361716718069,8.58554298637255],[7.703151707599849,8.585082778050072],[7.702194518722949,8.583758489581637],[7.702136948393033,8.583720004004373],[7.701945654551162,8.583413025596242],[7.701830644174938,8.583297763004753],[7.701562677313594,8.582913942740426],[7.701562807450217,8.582875651366397],[7.701774700419699,8.582780635175522],[7.701813752751459,8.582608453459954],[7.701679053800851,8.582627145937677],[7.701640131534351,8.582761036254688],[7.701466965690355,8.58277959914512],[7.701026614937732,8.582184593238312],[7.700988473622195,8.582088735265325],[7.700777752747363,8.581839128781215],[7.700835843425377,8.581724449042143],[7.70083642928077,8.58155213789768],[7.700836950030873,8.58139897243461],[7.700933377110272,8.581322713590911],[7.700933767634015,8.581207839487927],[7.70104981845695,8.581016771268327],[7.701069832716744,8.580787087812297],[7.701127792959976,8.58071069935805],[7.701070548552252,8.58057648527234],[7.701148522896454,8.580270413335246],[7.701284392087988,8.579907098542739],[7.701286213688332,8.579371019275307],[7.701228383833442,8.579409116417676],[7.701228579007473,8.579351679353838],[7.70136386222944,8.579160675659923],[7.701363992328216,8.579122384281494],[7.701403044217334,8.578950202547697],[7.701326566658749,8.578815923779386],[7.701327412279821,8.578567029817467],[7.701385307030542,8.578509786948208],[7.701481473051904,8.578510110594616],[7.70167393516365,8.578472466431139],[7.701789334391732,8.57847285471597],[7.701712531625686,8.578434304478144],[7.701712661678362,8.578396013092958],[7.701597652666067,8.578280750637912],[7.701579069784838,8.578089229000064],[7.701579655053391,8.577916917772214],[7.701618316485844,8.577859610128225],[7.70161909679642,8.577629861817758],[7.701677901635143,8.577304579168334],[7.701678291749618,8.577189705007427],[7.701775497651943,8.576883697420538],[7.701775757696363,8.57680711464204],[7.701872508352263,8.576635126868087],[7.701872703365495,8.576577689781285],[7.702007660127629,8.576482414124792],[7.702106100286651,8.575812638116393],[7.7022604197302,8.575679135594502],[7.702261524332132,8.57535365870065],[7.702339041277777,8.575181606046286],[7.702281991869414,8.57498995506201],[7.702282251754145,8.57491337226058],[7.702340340649711,8.574798692031113],[7.702340730449555,8.574683817825045],[7.702418571983897,8.574416036614068],[7.702477829935307,8.573956733696038],[7.70255495671858,8.57389955515072],[7.702555216515121,8.573822972336657],[7.702690886413104,8.573517093505645],[7.702730196517275,8.573268328593242],[7.702730456259323,8.573191745771341],[7.702827724789991,8.57286659187472],[7.702848061456457,8.572541179474737],[7.702944875220644,8.572350045454675],[7.702984574411582,8.571986406207872],[7.70311985368935,8.571795401309172],[7.703005819507768,8.571392953828843],[7.702909200826941,8.571526650788492],[7.70300504060568,8.571622702340122],[7.702907383190905,8.572062730619487],[7.702810504579623,8.572273010347988],[7.702733443119874,8.572311043297143],[7.702521946140377,8.572291186734963],[7.702713495986572,8.572521581446232],[7.702673926281149,8.57284692919794],[7.7027123921394,8.572847058446232],[7.702711937601458,8.57298107838578],[7.702595500924203,8.57328702189602],[7.702441052765376,8.573458816135163],[7.702344758064062,8.573496784321387],[7.702556320623564,8.573497495373413],[7.702440078472227,8.573746001678659],[7.70243955883537,8.57389916730007],[7.702401092875504,8.573899038008857],[7.702266267128428,8.57395602256322],[7.702188555574312,8.574185512346974],[7.702130791624374,8.574204464064739],[7.702110454052085,8.574529876295701],[7.702109804279242,8.574721333289402],[7.702166723623981,8.574951275681917],[7.702089401614053,8.575065891202827],[7.702088816772585,8.575238202491034],[7.701934432488651,8.575390850662107],[7.7019145495007,8.575582242950961],[7.701760099994653,8.575754036714232],[7.701759904983516,8.575811473800904],[7.701816824173869,8.57604141622525],[7.701739761829192,8.576079448841048],[7.701739046742994,8.57629005148608],[7.701546585764134,8.576327695850662],[7.701526442380358,8.5765956708464],[7.70160317976223,8.576653366760587],[7.701640540687417,8.576978972964202],[7.70160090403085,8.577323466021204],[7.701465881829116,8.577437887163784],[7.701407271886414,8.577705732675986],[7.701425724616791,8.577935545692021],[7.701425529505076,8.577992982764574],[7.701405190651918,8.578318394776941],[7.701404930486762,8.57839497753816],[7.701289336157073,8.578452026209952],[7.701288555572419,8.578681774480488],[7.701230270458959,8.578853891459927],[7.701229880133036,8.57896876559046],[7.701095572861825,8.578872583930039],[7.701133193524432,8.579121607364605],[7.701132217595626,8.579408792674544],[7.701016622908059,8.579465841209991],[7.700996738949017,8.579657233312316],[7.700862106142168,8.579656779971398],[7.700899661571027,8.579924949092659],[7.701015061201989,8.57992533767428],[7.701014410465517,8.580116794531094],[7.700841050600983,8.580192794369433],[7.700840920433345,8.580231085737765],[7.700917853579866,8.580231344816896],[7.70095553920487,8.580461222569642],[7.70089738372527,8.580595048052208],[7.700896602707098,8.58082479626143],[7.700838447133709,8.580958621721347],[7.700818107247907,8.581284033556244],[7.700643965552287,8.581589781394236],[7.700528890984342,8.581493664224473],[7.700012000561266,8.580783524318003],[7.69997385960249,8.580687666296603],[7.699724868956337,8.580380492771921],[7.699724999238079,8.580342201420914],[7.699552551180219,8.580150161185678],[7.699361260964764,8.579843182015258],[7.699246252397185,8.579727918908208],[7.699054962611065,8.579420939647507],[7.69884424436786,8.579171332480595],[7.698844374719175,8.57913304114064],[7.698729366512244,8.579017777930435],[7.698576348276636,8.578768365270562],[7.698231780823443,8.578288555742672],[7.698078502339839,8.578115725628987],[7.698078632751567,8.578077434298647],[7.698021063698778,8.578038948285107],[7.69773406648263,8.577597624495619],[7.697619059052825,8.577482361064328],[7.697332062667126,8.577041037095048],[7.697121281525453,8.576810574979822],[7.697063582268998,8.576810380181234],[7.696621808761948,8.576636575540496],[7.696583473154625,8.57659815431817],[7.695757561503265,8.576269884263654],[7.695699862359843,8.576269689273406],[7.695258090296323,8.576095883252437],[7.695219754892557,8.576057461922149],[7.694336212295748,8.575709848468454],[7.694240112632525,8.575690377508735],[7.693895422613167,8.575248856533513],[7.693780351715239,8.575152737858188],[7.693800304053656,8.574942200953394],[7.693800500240031,8.574884764046695],[7.693742801350775,8.574884568795198],[7.693608563040873,8.57476923936978],[7.693473997763014,8.574749638075499],[7.693014108133534,8.574250289077876],[7.692995136929621,8.574173641440275],[7.692956736519112,8.57415436557421],[7.692803396674496,8.574000679562214],[7.692919252168213,8.573867050888994],[7.693420485049986,8.573524122240345],[7.69345895083423,8.573524252420585],[7.693613075552444,8.57344819056109],[7.693824571964625,8.5734680520304],[7.693940165452123,8.573411005522052],[7.694037245098941,8.573143291885826],[7.694171744519036,8.573182038545093],[7.694383371567157,8.573163608407322],[7.694614884897176,8.572953786743177],[7.694691816388371,8.572954046844693],[7.694750168328736,8.572762785462006],[7.694654330689515,8.572666732133015],[7.695194091615422,8.57230478508222],[7.69534821556499,8.572228722399915],[7.695443661549626,8.572439649472377],[7.695443530961168,8.572477940773554],[7.695770620072947,8.572440754030575],[7.696078345781873,8.572441793362012],[7.696366708173027,8.572481058827947],[7.696539151535978,8.572673099806174],[7.696616670158728,8.57250104858095],[7.696616865865605,8.572443611602287],[7.696636424898224,8.57234794822666],[7.696521419189397,8.572232684723065],[7.69656086342385,8.571945629682459],[7.696503556334894,8.571830560954172],[7.696619344701633,8.571716076524076],[7.696581727048302,8.571467053103836],[7.696505121963371,8.571371065124833],[7.696909923913987,8.57110438897792],[7.696985942197493,8.571372687857071],[7.697178009520202,8.571449919442042],[7.697293732390075,8.5713545804259],[7.697276064191898,8.570895019561368],[7.697430187242361,8.570818955895568],[7.697758056946883,8.57055201918435],[7.697893207633001,8.570399307759585],[7.698008604251517,8.570399696811386],[7.698104572668227,8.570457458013761],[7.698335365965237,8.570458235961855],[7.698835353074139,8.57047906672172],[7.699028071482065,8.570364840579039],[7.699047890132048,8.570192594243874],[7.69885556246185,8.570191946338072],[7.698855692673565,8.57015365498018],[7.698875185855754,8.570077137058176],[7.698875381167497,8.57001970002052]],[[7.734516814748048,8.592500824741416],[7.734304667505285,8.592672442990422],[7.734381477175318,8.592710987608784],[7.734593751384653,8.592501077463776],[7.734516814748048,8.592500824741416]],[[7.719142432727856,8.571389376884804],[7.719085246605418,8.571236018849023],[7.718815600306654,8.571350000588437],[7.718758414325995,8.571196642524054],[7.71862378355142,8.571196195817912],[7.718469535021254,8.571310560198606],[7.718488511462924,8.571387207331648],[7.718488319063667,8.571444644811308],[7.718564930330654,8.571540629247295],[7.718641028613225,8.571789780292534],[7.718756041861584,8.571905038176377],[7.718833358593087,8.571790418465058],[7.718948756588133,8.571790801322624],[7.718949397709681,8.571599343025207],[7.719046011404123,8.571465641225219],[7.71914217632603,8.57146596021064],[7.719142432727856,8.571389376884804]],[[7.721070671299856,8.570304442537038],[7.720897115125432,8.570054969012807],[7.720685104843077,8.570188289199487],[7.720550474321424,8.570187843217001],[7.720573640654233,8.570398526571733],[7.7202815,8.5704655],[7.7202107,8.5705749],[7.721051,8.5704414],[7.721070671299856,8.570304442537038]],[[7.719935724661962,8.570224098278057],[7.719877834251506,8.570032445894745],[7.719705122360861,8.569916997105924],[7.719512472902641,8.570012088684265],[7.71945432563769,8.57014591822938],[7.719454005260244,8.570241647404501],[7.719588571673687,8.570261239607902],[7.719723202170337,8.570261685929436],[7.719926922858619,8.570262361206735],[7.719964541291199,8.5702624858896],[7.719958375110024,8.570224173350503],[7.719935724661962,8.570224098278057]],[[7.719075178817147,8.568498101010519],[7.719170894453439,8.568632440720657],[7.719191729170901,8.568153858621898],[7.71905741984127,8.568057683053553],[7.719075883705528,8.568287496836986],[7.719075178817147,8.568498101010519]],[[7.705736593922644,8.582851389305246],[7.70558292088134,8.582793435743858],[7.705447832610579,8.582927003855662],[7.705581883004447,8.583099767224768],[7.705620349938664,8.583099896336403],[7.705754659912084,8.583196076790262],[7.705736269626521,8.582947117899115],[7.705736593922644,8.582851389305246]],[[7.706234135187347,8.583599750376042],[7.70627292636864,8.583504150819074],[7.705945957016328,8.583503053749899],[7.705926010119762,8.583713592122457],[7.706175656575327,8.583829305443468],[7.706234135187347,8.583599750376042]],[[7.713755530246414,8.57186926756544],[7.713235853867351,8.571982412155199],[7.713273869007869,8.572116560844892],[7.713273482609105,8.572231435563834],[7.71333111714874,8.572250773624242],[7.713426444933997,8.572499989298558],[7.713638007871071,8.572500694197556],[7.713964646968953,8.57259751231574],[7.714311420191226,8.57242635311113],[7.714311677589182,8.572349769934668],[7.71417762584176,8.572177009479642],[7.714158972052775,8.572004633292673],[7.714005365711028,8.571927537718453],[7.714005816236484,8.571793517172157],[7.713832462104606,8.571869523821485],[7.713755530246414,8.57186926756544]],[[7.699412885338957,8.575975885247916],[7.699471040358622,8.575842059930762],[7.699644202970113,8.575823497476332],[7.699624188572975,8.576053180826916],[7.699816844762431,8.575958100386785],[7.699778834361849,8.575823951041068],[7.699933089388954,8.57570959525347],[7.700086888722166,8.575729259170219],[7.700164211436281,8.57561464416379],[7.700318075832451,8.575615162299869],[7.70035738786514,8.575366397917405],[7.70004972436383,8.575346215962178],[7.699973052584937,8.575269374126792],[7.699838421378001,8.575268920658889],[7.699800345904778,8.575153917000966],[7.699646351516283,8.575191690046271],[7.699607039066835,8.57544045429221],[7.699453174784567,8.575439935883212],[7.699317762055144,8.575669230350913],[7.699298138250951,8.575784039598012],[7.699143948174186,8.575879249423041],[7.698931733117277,8.576069993042786],[7.699296640290781,8.576224390158693],[7.699431336928615,8.576205698188318],[7.699412885338957,8.575975885247916]],[[7.699498802551193,8.57333404072842],[7.699652665989149,8.573334558992942],[7.699671833830113,8.573353769453739],[7.699671508380558,8.573449497863656],[7.699767607978244,8.57346896743014],[7.69982608777493,8.57323941355091],[7.699769365235249,8.572952033991525],[7.69963460467798,8.572989871938438],[7.699153847015666,8.572969106522017],[7.698942285035157,8.572968393649349],[7.698826561952813,8.573063733140447],[7.698748978970399,8.573254930611181],[7.698922075251214,8.573255513985245],[7.699114143998522,8.573332744799025],[7.699209917953484,8.573447942888102],[7.69932544576702,8.57341004032507],[7.699325966620621,8.573256874889795],[7.699498802551193,8.57333404072842]],[[7.699523893606838,8.571610994157174],[7.699620513369494,8.571477298224849],[7.699583088950086,8.57117083775538],[7.699737602210328,8.570979899008746],[7.699739098733335,8.570539548251327],[7.699739424053869,8.570443819824442],[7.699547551714103,8.570309152455943],[7.699527668196639,8.570500544532175],[7.699392973610247,8.570519236841935],[7.699353271421862,8.570882875260228],[7.69952604128048,8.57097918661993],[7.699543516942188,8.571496184832434],[7.699504725848591,8.571591783701479],[7.699466260165688,8.571591654152487],[7.69940908235066,8.571438294367077],[7.699409993566783,8.57117025481829],[7.699449044955332,8.570998073223404],[7.699257107399701,8.570882551369438],[7.699257432854027,8.57078682296265],[7.69921916253239,8.570729256357673],[7.698892139912785,8.570747300616077],[7.69852671684532,8.570746069286812],[7.69848805587579,8.570803376679732],[7.698372659113457,8.570802987752993],[7.698256741226518,8.570955764181175],[7.698256480657878,8.571032346875402],[7.698410147688967,8.571090302520767],[7.698640941395807,8.571091080343253],[7.698658936846826,8.571454913006399],[7.698658546090605,8.571569787063092],[7.698637815285376,8.572010072787922],[7.698541455599499,8.572067185700822],[7.698425146451385,8.572334836164304],[7.698424951018499,8.57239227318477],[7.698270175889038,8.572659793897692],[7.698346651376435,8.572794072969883],[7.698654377686222,8.572795110291015],[7.698731634929313,8.572699641205752],[7.698713183617245,8.572469828279301],[7.698809348017468,8.572470152365044],[7.698848334765483,8.572317116579113],[7.699022081762278,8.572126243063458],[7.699176335311881,8.572011887368369],[7.699330198198314,8.572012405682072],[7.699426818143928,8.571878709826159],[7.699427078504436,8.571802127099522],[7.699523633271601,8.571687576887522],[7.699523893606838,8.571610994157174]],[[7.699509932111528,8.5700601290394],[7.699625263635649,8.570079663277875],[7.699778605296331,8.570233346784935],[7.69991323472801,8.57023380000951],[7.700086134587488,8.570291819722659],[7.700316472727616,8.570426616301269],[7.700489372758195,8.570484635855383],[7.700527253118,8.570657076507716],[7.700526993012967,8.570733659272468],[7.700507695179137,8.57075274024678],[7.700507435067245,8.570829323010557],[7.700641934704318,8.570868067396184],[7.700699633146829,8.570868261526334],[7.700699373069791,8.57094484429551],[7.700814444911132,8.571040960998923],[7.700813534692765,8.57130900069955],[7.701005668052733,8.571367084796734],[7.70100534301342,8.571462813267361],[7.701004952961275,8.571577687431473],[7.700985720108958,8.571577622732267],[7.700985330045619,8.571692496894801],[7.701003912795711,8.571884018532346],[7.701138217847906,8.571980199889516],[7.701426710969557,8.571981170208335],[7.701466151543031,8.571694114109667],[7.701639052369543,8.571752133256506],[7.701639312283364,8.57167555046186],[7.701697270770424,8.57159916166444],[7.701679337394176,8.571216183014252],[7.701371482006921,8.571253439686958],[7.701352769077428,8.571100209432382],[7.701448998217782,8.571081387111732],[7.701449778004201,8.570851638736295],[7.701488763473295,8.570698602489127],[7.701815656335695,8.570718847408672],[7.701969713726143,8.570661927486869],[7.702123316455259,8.570739027420275],[7.702123121614384,8.570796464530131],[7.702315319963368,8.570835402263633],[7.702334098226533,8.570969486824394],[7.702468663122922,8.570989084902541],[7.702622006405583,8.571142767497694],[7.702622720570229,8.57093216472266],[7.7025457892421,8.570931906261668],[7.702373472980587,8.570701576206748],[7.702373667781696,8.570644139090888],[7.702297256012876,8.57049071495045],[7.702009283514527,8.57033657982708],[7.702009803104452,8.570183414203708],[7.701913704109147,8.570163945298216],[7.701836772957163,8.570163686718994],[7.701587461381334,8.569952243531853],[7.701549710485748,8.569741511516794],[7.701377135419789,8.569587763967865],[7.701127239589598,8.569548631844427],[7.701106577057768,8.569969772490358],[7.70097292261421,8.56968213426388],[7.701031530776533,8.569414288571622],[7.700897031568627,8.569375544389182],[7.700800152830558,8.569585823578405],[7.700491713615414,8.569795390962893],[7.70031907399615,8.569660788691868],[7.700262156112599,8.569430846248409],[7.700069568573313,8.569506781759912],[7.70016527703092,8.569641125223638],[7.700165016884747,8.569717707981361],[7.700011089825151,8.569736335826034],[7.700011610177835,8.569583170319822],[7.699857618123696,8.569620943797567],[7.699646122996977,8.569601085900997],[7.699664054490681,8.569984064362078],[7.699510062255738,8.570021837671254],[7.699509932111528,8.5700601290394]],[[7.696495400612331,8.574223768217701],[7.696494943822036,8.574357787815481],[7.696341145430386,8.574338122575607],[7.696340688579861,8.57447214216433],[7.696475188801744,8.57451088812306],[7.696455433756533,8.57466398842608],[7.696686098940649,8.574703059054618],[7.696627877989187,8.574856029497356],[7.696627682228068,8.574913466469113],[7.697069780029366,8.57499154251875],[7.697185504126367,8.574896203716193],[7.697186091153144,8.574723892761838],[7.697321113329703,8.574609473149433],[7.697494144916512,8.574629202919255],[7.697494731785695,8.574456891941272],[7.697667372131612,8.574591495617737],[7.697666980932463,8.574706369610352],[7.697801481437288,8.57474511513873],[7.697917270488296,8.574630630409818],[7.697917661608767,8.574515756405274],[7.697802394136774,8.57447707580768],[7.697860810126742,8.57426666810422],[7.697995831954839,8.574152248198843],[7.697958148204767,8.573922370441988],[7.697592917834179,8.573863700779379],[7.697438858693551,8.573920618655654],[7.697361405242534,8.574073524382342],[7.697457374375582,8.57413128585803],[7.69745717875581,8.574188722850977],[7.696495531122483,8.57418547690388],[7.696495400612331,8.574223768217701]],[[7.69496146855717,8.572840083200608],[7.694827165113046,8.572743899885248],[7.694788111417208,8.572916080659857],[7.694883883821496,8.57303127961455],[7.6949800482157,8.573031604674977],[7.69496146855717,8.572840083200608]],[[7.697211780526141,8.572828537057472],[7.696981246782321,8.572751175576284],[7.696769554645296,8.572788752852185],[7.696673064065264,8.57288415654466],[7.696691905537286,8.572999095426443],[7.696614973975491,8.572998835722041],[7.696479691275452,8.573189837781403],[7.696691253170394,8.573190552021554],[7.696806715806939,8.573171795897952],[7.696806976731816,8.573095213256536],[7.696883908318894,8.573095472925582],[7.696941215662974,8.573210541635502],[7.697210671958122,8.573154013338483],[7.69730729291344,8.573020318174482],[7.697288516457101,8.572886233630799],[7.697288646867208,8.57284794230219],[7.697269479185335,8.572828731744197],[7.697211780526141,8.572828537057472]],[[7.697884149524613,8.573060555891848],[7.697826450816292,8.573060361291743],[7.697807674174244,8.572926276746106],[7.697596242711017,8.572887271806215],[7.697499687082063,8.573001821397785],[7.697498904724844,8.573231569385797],[7.69742158188164,8.57334618382462],[7.697478759025236,8.573499543813337],[7.697477650596311,8.573825020117777],[7.697554647549832,8.573806134009725],[7.6975547779475,8.573767842678865],[7.697555755910766,8.573480657694956],[7.697613454676244,8.573480852344979],[7.697824756094946,8.57355814865902],[7.697844836383507,8.573309319846595],[7.69771020598077,8.573308865739499],[7.697845097104813,8.573232737173962],[7.697884149524613,8.573060555891848]],[[7.698083971782792,8.570859452302582],[7.697795479891405,8.570858479612996],[7.697833424172027,8.57101177468044],[7.698064152626369,8.571031698512531],[7.698083711182545,8.570936034991908],[7.698083971782792,8.570859452302582]],[[7.696133107528383,8.573303542705437],[7.695709853151091,8.57334040478255],[7.695671126190891,8.57341685743499],[7.696190414651435,8.57341861149653],[7.696210039136637,8.573303802515001],[7.696133107528383,8.573303542705437]],[[7.694361655136045,8.573891077733947],[7.694362243364997,8.573718766965232],[7.694323842907216,8.573699491231276],[7.694323385384459,8.573833510716264],[7.694169391335913,8.573871281577043],[7.694187839824747,8.57410109430644],[7.694303041296118,8.57415892155299],[7.694246126901995,8.5739289787149],[7.694361655136045,8.573891077733947]],[[7.701574140111914,8.568209920105955],[7.701439381379793,8.568247758967482],[7.701361800963689,8.56843895734999],[7.70136147612614,8.568534685848672],[7.70139916192843,8.568764563561501],[7.701456600210465,8.568841340331888],[7.701668160121236,8.568842051487229],[7.701860747108628,8.568766115078702],[7.70186113677408,8.568651240858769],[7.701842423615474,8.568498010597606],[7.701938717014714,8.56846004234722],[7.701920003822312,8.568306812085115],[7.70186230573792,8.568306618194768],[7.701842943159039,8.56834484496987],[7.701746779679199,8.568344521793906],[7.701612605487227,8.568210049394382],[7.701574140111914,8.568209920105955]],[[7.701629110063955,8.569014233506934],[7.701552438998729,8.568937392102637],[7.701436263040808,8.56916675257222],[7.701647823129735,8.569167463765492],[7.701629110063955,8.569014233506934]],[[7.701425541104571,8.572325792747172],[7.70146361693702,8.57244079629199],[7.701617480136186,8.572441313720109],[7.701733267415368,8.572326827558701],[7.701733852215439,8.572154516268967],[7.701580054109212,8.572134853206606],[7.70132983162731,8.57219144944797],[7.701137502777496,8.5721908025287],[7.701079219028352,8.572362919678788],[7.701078828956817,8.572477793840939],[7.701367322446846,8.572478764260007],[7.701425671091981,8.572287501354278],[7.701425541104571,8.572325792747172]],[[7.704772469701446,8.566535814063574],[7.704715354875776,8.566363309093338],[7.704503277721426,8.566515765615755],[7.704579560300385,8.566707480815888],[7.704733291814567,8.566746288114322],[7.704772145789922,8.566631542701499],[7.704772469701446,8.566535814063574]],[[7.704926513524685,8.572165237757929],[7.704984601145681,8.572050556934668],[7.704907669520468,8.572050298910712],[7.704868814789585,8.572165044230152],[7.704926513524685,8.572165237757929]],[[7.7026483300609,8.580390335626635],[7.702879129769896,8.580391111751165],[7.702879584647975,8.580257091854028],[7.702745211482924,8.580180056343972],[7.702648915006781,8.580218024345955],[7.7026483300609,8.580390335626635]],[[7.704458137567841,8.568487646244803],[7.704323314048114,8.568544631862366],[7.704322925126529,8.56865950619541],[7.704206685985506,8.568908013482462],[7.704206167353198,8.56906117924973],[7.704513826564717,8.56908135717856],[7.70453383706907,8.568851673002461],[7.704458137567841,8.568487646244803]],[[7.706312575763866,8.577473311824162],[7.705946821154811,8.577567815190525],[7.705965535886775,8.577721045493101],[7.706099909078699,8.57779807985878],[7.706273591055037,8.577626348690705],[7.706408223436468,8.577626800037482],[7.706504907665579,8.577473956560068],[7.706312575763866,8.577473311824162]],[[7.706706046848557,8.57487078154441],[7.707089801876374,8.575140110456411],[7.707243731229393,8.575121480065933],[7.707243990124667,8.575044897114104],[7.707225015947077,8.574968249748201],[7.707225339564608,8.574872521058323],[7.707186873433745,8.57487239222938],[7.707129756783993,8.574699887342343],[7.707033979890739,8.574584690824642],[7.706918516859191,8.574603450017973],[7.706706370592245,8.574775052873745],[7.706706046848557,8.57487078154441]],[[7.707492919995606,8.575371211988829],[7.707320210497999,8.575255757885113],[7.707184802155188,8.575485055826885],[7.707164921743535,8.575676448774988],[7.707318657143182,8.575715255600292],[7.707376809520404,8.575581428672576],[7.707377068403123,8.57550484571853],[7.707492661140178,8.575447794946923],[7.707492919995606,8.575371211988829]],[[7.708187704447103,8.574665137337215],[7.708322723885299,8.574550713382274],[7.70824624433888,8.574416435725752],[7.708073211568217,8.574396710708731],[7.708110772198352,8.57466487987345],[7.708187704447103,8.574665137337215]],[[7.707143450633432,8.564954640110786],[7.707258522806039,8.565050754895793],[7.707354879592705,8.564993639330924],[7.707393797202921,8.564859747751958],[7.707393926478633,8.564821456253513],[7.707394572848198,8.564629998760129],[7.707529653119551,8.564496428784341],[7.707433684288138,8.564438669917493],[7.707337263024288,8.564514931275212],[7.70724110029653,8.564514609609487],[7.707183144076955,8.564590999590205],[7.707125446431914,8.564590806568932],[7.706970874815105,8.564800895011189],[7.70708575293451,8.564954447075458],[7.707143450633432,8.564954640110786]],[[7.704233397717632,8.58372705422793],[7.704022089160887,8.583649760434367],[7.704003375288212,8.5834965301558],[7.703714873182035,8.583495560471178],[7.703637484506444,8.58362932176729],[7.703502590250634,8.583705451944079],[7.70348303187573,8.583801115782581],[7.703732287600113,8.584031704798722],[7.704174788025956,8.583994900220842],[7.704233267835551,8.583765345640945],[7.704233397717632,8.58372705422793]],[[7.706089811586599,8.57509846774581],[7.706243611363572,8.57511812921964],[7.706186495140233,8.574945624252777],[7.706051734149415,8.574983464426687],[7.706089811586599,8.57509846774581]],[[7.703626422315826,8.575549704559906],[7.70376098892279,8.575569302432497],[7.703838310606272,8.575454686520148],[7.70404942016474,8.57558941690751],[7.704184505872603,8.575455848923722],[7.704088924471612,8.575283214641681],[7.703934995087026,8.575301843741007],[7.703896269389786,8.57537829742688],[7.703626811764028,8.575434830299542],[7.703626422315826,8.575549704559906]],[[7.70419822369816,8.577083299153893],[7.704371192320931,8.577122171770835],[7.704563978009664,8.576988797438446],[7.704737141244911,8.576970232739702],[7.704718621596026,8.57675956529901],[7.70454565307315,8.576720692856247],[7.704391723094121,8.576739322053776],[7.704352867528653,8.576854067200408],[7.704198418372392,8.577025862015294],[7.70419822369816,8.577083299153893]],[[7.70350011616847,8.57876579581416],[7.703365808270841,8.57866961486893],[7.703308628172561,8.578516255325553],[7.703193098955392,8.57855415890059],[7.703192384460372,8.57876476164046],[7.70350011616847,8.57876579581416]],[[7.704813907460824,8.582695124239915],[7.704641195972958,8.582579668608407],[7.70456510612859,8.582330515967554],[7.704392070272543,8.582310788804017],[7.704391875505671,8.582368225931338],[7.70433411031772,8.5823871778037],[7.704333785688063,8.582482906346558],[7.704545223555572,8.582521908467239],[7.704583106182918,8.582694349066308],[7.704813582939543,8.58279085279949],[7.704813907460824,8.582695124239915]],[[7.706945711237099,8.572248588756047],[7.706849870188641,8.572152538015578],[7.706637854886764,8.57228584957964],[7.70675299356679,8.572362819051214],[7.706945711237099,8.572248588756047]],[[7.706425383463694,8.578239527837558],[7.706521614393791,8.578220704488583],[7.706541430663939,8.578048457395214],[7.706349098470448,8.57804781263467],[7.706232662388566,8.578353757367543],[7.706425383463694,8.578239527837558]],[[7.706811084366715,8.57793448550827],[7.706869172600628,8.577819804480807],[7.706696527108616,8.577685204244856],[7.706676710950517,8.577857451362496],[7.706599259882253,8.578010359344399],[7.70667599843326,8.578068054401294],[7.706811084366715,8.57793448550827]],[[7.708707061836157,8.574647729067372],[7.708495498123969,8.574647021291176],[7.708495174832969,8.574742750030348],[7.708514019953406,8.574857688866395],[7.708802645377934,8.574820362496665],[7.708802903951846,8.57474377949635],[7.708783994099626,8.574647986411806],[7.708707061836157,8.574647729067372]],[[7.709140398365845,8.571624115104342],[7.709006414035581,8.571432207474947],[7.708929482412021,8.571431950270568],[7.708871589852075,8.57148919461889],[7.708948521485383,8.571489451836502],[7.708986147372393,8.57173847524944],[7.708946841548982,8.571987241445383],[7.709119744138406,8.572045257428764],[7.709119356495654,8.572160131959546],[7.709215198200027,8.572256182221203],[7.709446316559152,8.572161224903752],[7.709408625774055,8.571931347247961],[7.709312977868704,8.571777859766957],[7.709140269160702,8.571662406615825],[7.709140398365845,8.571624115104342]],[[7.709538993407528,8.573195417223879],[7.709404297817733,8.573214112956181],[7.709422755600856,8.57344392632294],[7.709557580463697,8.573386939081935],[7.709538735028362,8.573272000252633],[7.709538993407528,8.573195417223879]],[[7.71048283053773,8.572777359256806],[7.710252551168041,8.572623422255019],[7.709983095820654,8.572679960000826],[7.71000174768474,8.572852336110605],[7.710154772264926,8.57310174506881],[7.710153997498656,8.573331494211219],[7.710365496067862,8.573351346734349],[7.710403962094174,8.57335147522397],[7.710538851372429,8.573275341848765],[7.710674192362191,8.57306518805699],[7.710578995464812,8.57277768042313],[7.71048283053773,8.572777359256806]],[[7.708796855169988,8.570837981763402],[7.708970080258172,8.570800268960843],[7.709163119543357,8.570590308550514],[7.709413598864327,8.570457123863669],[7.709336925757899,8.570380283735648],[7.709202166590807,8.570418125302817],[7.708970532486991,8.570666248673367],[7.708796984396882,8.570799690255493],[7.708796855169988,8.570837981763402]],[[7.713778818375771,8.570663146786055],[7.713606365956694,8.570471112338977],[7.713395769838825,8.570183220749687],[7.713394997286003,8.570412970220863],[7.713509815241813,8.5705856667515],[7.713644059313039,8.570700989953366],[7.713701243085815,8.570854348466321],[7.71381683365248,8.57079729543994],[7.713778818375771,8.570663146786055]],[[7.708130287453791,8.58596105936679],[7.708206444859552,8.586191065975717],[7.708341404129187,8.586095788418007],[7.708456546974132,8.586172757994497],[7.708340691835229,8.58630639150603],[7.708436147825188,8.586517316803146],[7.708532121889805,8.58657507619977],[7.708820562140083,8.58659518836343],[7.708936676138652,8.586384971739426],[7.709186907842784,8.586328371815],[7.70914973478915,8.585945328181731],[7.708995542096686,8.586040541652958],[7.708842384968511,8.585829423222053],[7.708629908728559,8.586096754932324],[7.708591700408082,8.58602004312695],[7.708284156502125,8.585961574944163],[7.708130287453791,8.58596105936679]],[[7.710167329198741,8.592171171953023],[7.710359992284233,8.592076087137228],[7.710360574557471,8.591903775433677],[7.710168364509036,8.591864840059356],[7.710052831428444,8.591902745167873],[7.709821117965207,8.5921700126773],[7.709878237325048,8.592342517579855],[7.710167329198741,8.592171171953023]],[[7.709036282009139,8.59105691830431],[7.70897903363844,8.590922704821223],[7.708844396434404,8.59092225367855],[7.708805604827202,8.591017853442374],[7.708670708500386,8.59109398516601],[7.708670514174962,8.591151422364703],[7.708766295030815,8.591266619067422],[7.70893920587061,8.591324636361806],[7.709054738828439,8.591286731576728],[7.709036022982749,8.591133501247095],[7.709036282009139,8.59105691830431]],[[7.708655360890608,8.589945176701388],[7.708675501434132,8.589677200876151],[7.70854067037309,8.589734186892287],[7.708271396857372,8.589733284377502],[7.708155669977624,8.589828626179509],[7.708155346020453,8.589924354830645],[7.707982047152192,8.589981211664854],[7.707943125865206,8.590115102785381],[7.70848160861756,8.590136053897668],[7.708481738171397,8.590097762432745],[7.708655101821833,8.590021759637029],[7.708655360890608,8.589945176701388]],[[7.705583012584275,8.588441486219608],[7.705679181265805,8.588441809190503],[7.705660791288936,8.588192850331453],[7.705603349742448,8.588116073704382],[7.705314843963894,8.588115104699463],[7.705294441638242,8.588459662872957],[7.705583012584275,8.588441486219608]],[[7.707283359800659,8.586149679868216],[7.707322734318907,8.585881768667395],[7.707207397408131,8.585862235978942],[7.707110970064479,8.58593849639039],[7.70714878918322,8.586130082655819],[7.70710973857824,8.586302265184736],[7.707205453093966,8.586436607780495],[7.707282841342916,8.586302845686012],[7.707283359800659,8.586149679868216]],[[7.715510178282662,8.57055036778927],[7.715548491979934,8.570595810725676],[7.715548408383327,8.570620712291696],[7.715567469937367,8.570671821445472],[7.715567350415446,8.570707424544485],[7.715633868028189,8.57076505073315],[7.71581667160986,8.570918826817424],[7.715816350293057,8.571014555851793],[7.7158354623157,8.571050643738207],[7.715906716402027,8.571129732470306],[7.716104394614642,8.571149535761162],[7.716008936684851,8.57093861214037],[7.716086318168296,8.570804847256984],[7.716067663480252,8.57063247103344],[7.716202358162595,8.570613772791255],[7.716241209436268,8.570499025796027],[7.716241594864911,8.570384150932455],[7.716280253388638,8.570326841359877],[7.716184474299131,8.570211646841999],[7.716030739602659,8.570172843731292],[7.715904428363062,8.570038401632845],[7.7160485,8.5699544],[7.7160004,8.5698737],[7.715707219100736,8.570056891923338],[7.71564621023925,8.570133273125807],[7.715492526796003,8.570079237131047],[7.71551151650042,8.570151742074946],[7.715588227507235,8.570217702971398],[7.715588022265006,8.570278844553043],[7.715600307498619,8.570343726690357],[7.715606989956383,8.570357914062079],[7.715529591712216,8.570496659656913],[7.715491125895101,8.570496531720172],[7.715510178282662,8.57055036778927]],[[7.716206167434431,8.57005855075894],[7.716280831500223,8.570154529060071],[7.716280253388638,8.570326841359877],[7.716376353689223,8.570346306803529],[7.716548422292664,8.570653215087702],[7.716547908493055,8.570806381588682],[7.716721197536938,8.570749519379284],[7.716836338278356,8.570826486080714],[7.717028603435843,8.570846270896862],[7.717106241356011,8.570635922485703],[7.717058163490989,8.570367718353316],[7.7171982,8.5706922],[7.7172958,8.570651],[7.7171456,8.5703033],[7.717088042146571,8.570327562853258],[7.71720362560786,8.570272471384703],[7.717260618286116,8.570483267029337],[7.717318317050197,8.570483458668397],[7.71733851270889,8.570196335261803],[7.717607837593561,8.570178083598579],[7.71755052389003,8.570063017084896],[7.717435319005292,8.570005196426209],[7.717262158741636,8.570023767386154],[7.717199428781772,8.569946974912101],[7.717185732533009,8.569872765748887],[7.71714754846908,8.569788608831574],[7.717128557546756,8.569716373457595],[7.717128748053318,8.569659549679637],[7.717051752347849,8.56967843996306],[7.716936355075868,8.56967805663241],[7.716936226680504,8.569716348265548],[7.716897760920522,8.569716220480428],[7.71689766048739,8.569746171854353],[7.716931878645172,8.569946086177442],[7.716782042614663,8.569811566178808],[7.716744154715135,8.569639126041114],[7.71662869325628,8.569657888434621],[7.716628500617299,8.569715325877404],[7.716704982660293,8.569849602200607],[7.716704777507855,8.56991077290245],[7.716627101381049,8.569887635475588],[7.716608657418061,8.569897230726314],[7.716608542508488,8.569931490827829],[7.716608240293706,8.5700215949929],[7.716550092075619,8.57015542395093],[7.716396100429447,8.57019320423175],[7.716281105093086,8.570072980547316],[7.7165318,8.5699358],[7.7164806,8.5698444],[7.7161788,8.5700096],[7.716206167434431,8.57005855075894]],[[7.715573006048973,8.569022560511453],[7.715688595825648,8.56896550679667],[7.715688981350153,8.568850631948994],[7.715457994638337,8.568907301931313],[7.71543837620793,8.569022112807644],[7.715476841876056,8.569022240727802],[7.715572877527181,8.56906085212533],[7.715573006048973,8.569022560511453]],[[7.711880592060801,8.563209027590116],[7.711842706652197,8.563036587336649],[7.711650510422155,8.562997654766344],[7.711516204994489,8.562901477097236],[7.711514207997452,8.5634949963414],[7.711879948042567,8.56340048543737],[7.711880592060801,8.563209027590116]],[[7.714901833443592,8.562702141904213],[7.714844649894909,8.562548783614838],[7.714594627352138,8.56254795227977],[7.714613281513795,8.56272032848868],[7.714709122789642,8.56281637728694],[7.714708223181324,8.563084418577116],[7.714746174182224,8.563237712934127],[7.714958053345931,8.563142687314874],[7.714901319469295,8.562855308368743],[7.714901833443592,8.562702141904213]],[[7.715477588725546,8.56306783013557],[7.715574008263362,8.562991566447025],[7.715555482095726,8.562780898595129],[7.71549810561564,8.5626849778008],[7.715190321146228,8.562703100910536],[7.714999730470554,8.562185524750362],[7.714884207063511,8.562223432756776],[7.714844714142715,8.562529637806966],[7.715017292760977,8.562683379723538],[7.714978313794266,8.56283641832086],[7.715208975577538,8.562875477130028],[7.71528513492192,8.563105482559143],[7.715419762674411,8.563105930009636],[7.715477460284856,8.563106121759784],[7.715477588725546,8.56306783013557]],[[7.713962590706622,8.561760863376781],[7.714193637310043,8.561685047860955],[7.714213126856404,8.561608528613144],[7.713905343351547,8.561626650819134],[7.713962590706622,8.561760863376781]],[[7.713502682551959,8.566986193875795],[7.713599875623128,8.566680181367671],[7.713600905069515,8.566373848655015],[7.713524103008792,8.5663353009276],[7.713503776459762,8.566660715386059],[7.713502682551959,8.566986193875795]],[[7.715151426438726,8.568561653988358],[7.715055036440684,8.568628631841653],[7.714920119392594,8.568713763795182],[7.714900499853316,8.56882886350366],[7.714862034213358,8.56882873552898],[7.714823311385772,8.568905190756317],[7.714881009856574,8.568905382724383],[7.714996406802203,8.568905766634671],[7.715073788092598,8.568772001932098],[7.715208482103335,8.568753303945524],[7.715151233603075,8.56861909140098],[7.715151426438726,8.568561653988358]],[[7.713233622698875,8.561203203315092],[7.713234330189476,8.560992599546582],[7.713118935708658,8.560992215462173],[7.71300315526232,8.561106706116002],[7.713041169805686,8.561240854730434],[7.713233622698875,8.561203203315092]],[[7.71427390897342,8.560689721873562],[7.71410094586156,8.56065085461139],[7.714081135008273,8.560823102880393],[7.714196143876469,8.560938361497847],[7.713964776343291,8.561109906098078],[7.713945158224191,8.561224716936511],[7.714195179839294,8.561225548564071],[7.714234801511393,8.560881052007215],[7.714311988222281,8.560804724619897],[7.71427390897342,8.560689721873562]],[[7.717219418071124,8.559818788053594],[7.717066007803534,8.559684256796926],[7.717047224234924,8.559550172193973],[7.716835668169487,8.559549470216382],[7.716835155160267,8.559702636822452],[7.717219161636215,8.559895371367281],[7.717219418071124,8.559818788053594]],[[7.716105736517952,8.559279002826356],[7.715932517039449,8.559316719724908],[7.715932067853402,8.559450740459255],[7.716201320865589,8.55945163448407],[7.716240170508849,8.5593368872576],[7.716105736517952,8.559279002826356]],[[7.717132791587455,8.568453363103696],[7.717055731951215,8.568491399243495],[7.716997392865365,8.568682297820043],[7.7167144,8.568838],[7.7167668,8.5689312],[7.7170945,8.5687509],[7.717045461818462,8.568663679418922],[7.717132391538802,8.56857270550535],[7.717140998670737,8.56856826655397],[7.717151657884152,8.56856276928332],[7.717305788614693,8.568483279466994],[7.717171257224078,8.568453490846734],[7.717132791587455,8.568453363103696]],[[7.717259865453764,8.564969206733355],[7.717106196764835,8.564911258512018],[7.717124531264618,8.565179363875357],[7.717259608870347,8.565045790027911],[7.717259865453764,8.564969206733355]],[[7.716046530304206,8.565465794111127],[7.7158718,8.5653779],[7.7157471,8.5656203],[7.7159173,8.5657536],[7.71602725726911,8.565769246426004],[7.716160481713453,8.565896934388723],[7.7159246,8.5657742],[7.715824,8.5659633],[7.7160602,8.5660862],[7.716141124226072,8.565934084998158],[7.716352143833534,8.566095808340355],[7.716371954308337,8.565923559890145],[7.716256558199153,8.565923176523146],[7.716334387711279,8.565655390682485],[7.716238930566753,8.565444467243442],[7.7162011714611,8.565233735483446],[7.716008395500415,8.56536711718284],[7.716046530304206,8.565465794111127]],[[7.716444998488462,8.569082897216868],[7.716495411712526,8.569255378982747],[7.716283593422486,8.56933125916152],[7.716417581201448,8.569523164716081],[7.716475447999586,8.56947321125206],[7.716493704245718,8.569446833578585],[7.71662298588284,8.56940897110979],[7.716610809054576,8.569255697564099],[7.716591832827667,8.569179115263694],[7.716549239851997,8.569178973738149],[7.716444998488462,8.569082897216868]],[[7.716186510467995,8.569407520588793],[7.7161665,8.569307],[7.715879257199908,8.569462907607837],[7.715859828135324,8.569521310749776],[7.716011641552859,8.569732421711626],[7.71601297679023,8.569734682415795],[7.716263332891473,8.569637528227178],[7.716302020336189,8.569571569283953],[7.7162667,8.5694833],[7.715974788443692,8.56965188647275],[7.716186510467995,8.569407520588793]],[[7.715525927844355,8.571587970520364],[7.715795189348373,8.571588866086023],[7.715872121212024,8.571589121927461],[7.715949502904676,8.571455357102307],[7.715795896300146,8.57137826221777],[7.715681936496784,8.571416175257212],[7.715680383060664,8.571412287203504],[7.715674276702517,8.57139700376239],[7.715661055273915,8.571440471004365],[7.715449253136136,8.571511131395887],[7.715429763028563,8.571587650630011],[7.715525927844355,8.571587970520364]],[[7.716518535785182,8.57201248355843],[7.716370765061066,8.572011992348568],[7.716178113888225,8.572107081975874],[7.716004567101323,8.572240527063434],[7.715946868102119,8.572240335189111],[7.715985110133851,8.572307187593875],[7.7156353,8.5724945],[7.7157847,8.5727172],[7.716022575490406,8.57254692327889],[7.716022883083627,8.572513793970806],[7.716109126632241,8.57243233496143],[7.716136902967722,8.572413281299744],[7.716221001764726,8.572451852970312],[7.716215559633413,8.572411216522626],[7.716331379914616,8.572285780174493],[7.71633158416326,8.57222491380763],[7.7163839,8.5723978],[7.7166429,8.5722689],[7.716562991405266,8.572043503754884],[7.716547244939873,8.57201257898498],[7.716518535785182,8.57201248355843]],[[7.71631415825642,8.571686321768311],[7.716121378740899,8.5718197030077],[7.716121057466056,8.571915432049101],[7.716351981778045,8.571877907741758],[7.716429106434963,8.57182072604899],[7.716391090155382,8.57168657750926],[7.71631415825642,8.571686321768311]],[[7.717632974429042,8.571288637027566],[7.717662263718501,8.571154712054506],[7.717469869964576,8.571173219164908],[7.717354180707196,8.57125978795005],[7.71729868834761,8.571287526790764],[7.7172771188547,8.571298308681119],[7.717260638984264,8.571306546432872],[7.717257853389416,8.571307938861114],[7.717222589617552,8.571325566070659],[7.717219322456261,8.571327199217777],[7.7171407,8.5713665],[7.7172384,8.5715577],[7.7176144,8.5713698],[7.717632974429042,8.571288637027566]],[[7.719356302655411,8.570700828558383],[7.71952946326814,8.570682256689937],[7.719645437581439,8.570510326765879],[7.719510871076405,8.570490734569244],[7.719318285359341,8.570566680164752],[7.719317836759884,8.570700700999712],[7.719356302655411,8.570700828558383]],[[7.719049152398395,8.570527495497737],[7.718953180024459,8.57046973903094],[7.718683213687245,8.570679449900075],[7.718778609031912,8.570909518899027],[7.719028893854631,8.570833765006446],[7.719106146151326,8.570738291022343],[7.719049152398395,8.570527495497737]],[[7.732295542268075,8.57212204158292],[7.732026405572056,8.572082865612117],[7.731929859215203,8.572197425370803],[7.731929414946862,8.57233144685495],[7.731813825783056,8.572388505628352],[7.731755237718913,8.572656359059408],[7.731889679282118,8.572714239039737],[7.731889234972517,8.572848260518212],[7.73192770127291,8.572848386856327],[7.731927637801443,8.572867532782034],[7.732004570407843,8.572867785447349],[7.7323131891747,8.572600752953708],[7.732390565860115,8.572466984028125],[7.732563473766967,8.57252499006208],[7.732583024084954,8.572429323540883],[7.732448899682073,8.572275714149963],[7.732333247143725,8.57235191902204],[7.732295351924837,8.572179479370346],[7.732295542268075,8.57212204158292]],[[7.732350069202747,8.573079527467792],[7.732292369708042,8.573079338017225],[7.732234099088849,8.5732514619072],[7.732367842955432,8.573519946972716],[7.732386378146103,8.573730615335318],[7.732443887383957,8.573788242572084],[7.732462486061582,8.573979765007598],[7.732597118543751,8.57398020703226],[7.732616795870471,8.57384624866629],[7.7327513014381,8.573884982491997],[7.732731306951937,8.574114670523578],[7.732904405938037,8.574115238720733],[7.732884792116212,8.574230051180722],[7.732903391006855,8.574421573625933],[7.732749144462601,8.574535944128622],[7.732633745017251,8.574535565274289],[7.73280640010319,8.574670155056499],[7.733094898847352,8.574671102013417],[7.733248447761098,8.574767336637464],[7.733402313819388,8.574767841537476],[7.733305830445962,8.574863255652273],[7.733305259682102,8.57503556905727],[7.733188591538864,8.575418109002252],[7.733187766967915,8.575667006123828],[7.73328348950085,8.575801343272126],[7.73345652587031,8.575821057266726],[7.733726299467143,8.575668773274277],[7.733726743281342,8.575534751719664],[7.733919646798382,8.575363069211223],[7.733882004305356,8.575114045842314],[7.733748512484899,8.574768977338401],[7.733537010033292,8.574749137338907],[7.733576110574046,8.574557804178735],[7.733672657197763,8.574443244036795],[7.733846073330867,8.574348082141238],[7.733980896154072,8.574291085883683],[7.733846263490118,8.57429064432565],[7.733788944111054,8.574175579442986],[7.733770598314061,8.573907473222048],[7.733924464057661,8.573907977863753],[7.734021263890846,8.57371683383038],[7.733887011703461,8.573601516678837],[7.733753203289091,8.573352177920578],[7.733675636649056,8.573543384970773],[7.733502284277542,8.573619400903773],[7.733406118275003,8.573619085415276],[7.73329052884926,8.573676144602674],[7.733232068285459,8.573905706493456],[7.732924590608836,8.573828112868684],[7.73292484432309,8.573751529139871],[7.733079597827037,8.57348399104019],[7.733079724663774,8.573445699172838],[7.733137551061766,8.573407596645492],[7.733137931549371,8.573292721040156],[7.733061379329038,8.573177592985623],[7.732926747105057,8.573177151163877],[7.73302380083091,8.572909423684175],[7.733158813424663,8.572794989849173],[7.732986095524436,8.572679546250654],[7.732909162926543,8.572679293786384],[7.732869935542767,8.572908918741902],[7.732812045778745,8.57296616716938],[7.732754346290779,8.572965977790323],[7.73275396570271,8.573080853380484],[7.732657672990021,8.573118829587084],[7.732484574471398,8.573118261344831],[7.732350069202747,8.573079527467792]],[[7.725638429057096,8.567064705860847],[7.725561242821735,8.567141035633298],[7.725560796589808,8.56727505681973],[7.725522330945076,8.567274929929283],[7.72552207594446,8.567351513462809],[7.725713958023025,8.567486169075508],[7.725791016837045,8.567448131050146],[7.725714914134444,8.56719898080365],[7.725868904161603,8.567161196489105],[7.725888455632466,8.567065530485134],[7.725773696098383,8.566873691053399],[7.725774205967713,8.566720523967202],[7.725639767616263,8.566662642282143],[7.725582069239904,8.566662451970329],[7.725658745453898,8.566739289257537],[7.72563868402577,8.566988122322709],[7.725638429057096,8.567064705860847]],[[7.720367899992758,8.573020854140726],[7.720291480141001,8.57286743244382],[7.720118254446719,8.572905150349573],[7.720098124474706,8.57317312831114],[7.72046304059404,8.57332750628896],[7.720597672215814,8.57332795246402],[7.720597800299601,8.573289660782947],[7.720694798206165,8.573041083510997],[7.720849175029876,8.57288842657017],[7.721176201236452,8.572870363829493],[7.721349106875233,8.57292837466425],[7.721484250355958,8.572775653728643],[7.721291919680723,8.572775016803638],[7.721292303696691,8.57266014172563],[7.721215499465669,8.572621595240607],[7.721254797620392,8.572372826637105],[7.721158632390827,8.57237250814428],[7.72115844036998,8.572429945681215],[7.720965341680939,8.572659058748107],[7.720772947075192,8.57267756741574],[7.720733968712696,8.572830606705876],[7.720618442248413,8.572868516018016],[7.720637034941904,8.573060038160806],[7.720444832282629,8.573021109113558],[7.720367899992758,8.573020854140726]],[[7.722196716684651,8.566766147094109],[7.722100488911144,8.56678497490062],[7.722063301722198,8.566401930509468],[7.721774810453938,8.566400976223067],[7.721735130208189,8.566764620227493],[7.721849376061932,8.567109627408083],[7.721848544929522,8.567358523535253],[7.721809248149834,8.56760729239417],[7.721692892112361,8.56789409839016],[7.722346808231026,8.567896261642943],[7.722327831057732,8.567819614598],[7.722058571514633,8.5678187239755],[7.7220401697449,8.567569764212566],[7.722099210535866,8.567167892062088],[7.722177036516444,8.566900104497238],[7.722253967630476,8.566900358929294],[7.72269638547044,8.566882675753899],[7.722696641022141,8.566806092303182],[7.722754531008586,8.566748845459461],[7.722696832684361,8.566748654714942],[7.722562650520119,8.566614188578068],[7.722389555625332,8.566613616241657],[7.722292880544656,8.566766465121953],[7.722196716684651,8.566766147094109]],[[7.720273848401713,8.572388722726268],[7.720388542134606,8.572599709417407],[7.72071582417697,8.572505063665002],[7.720716144324568,8.572409334453667],[7.72085109574681,8.572314051276209],[7.720851479874178,8.572199176215321],[7.720621195724573,8.572045244831576],[7.72063959634484,8.572294204502157],[7.720351164842624,8.57227410266129],[7.720274040554422,8.572331285209142],[7.720273848401713,8.572388722726268]],[[7.72130287709208,8.569496573545631],[7.721340432172785,8.569769246046198],[7.721436660727997,8.569750418547466],[7.721476022139785,8.569482503970217],[7.721572186655038,8.56948282227751],[7.72157231458302,8.569444530574199],[7.721514615879195,8.56944433959356],[7.721514807778712,8.569386902039744],[7.721458760560989,8.569310132267791],[7.721367969925933,8.569328977790068],[7.72136112573499,8.569332182693168],[7.721394672499524,8.569386504371273],[7.721344149082917,8.56946292136598],[7.72130287709208,8.569496573545631]],[[7.72235864113549,8.569676885254855],[7.72236054404503,8.569542869067359],[7.721918137942399,8.569556123191113],[7.721706571448784,8.569556768869823],[7.721706625109722,8.569540705425377],[7.72164892638836,8.569540514462672],[7.721629556440817,8.569581471524131],[7.7214918,8.5695856],[7.721496,8.5697208],[7.721658813441629,8.569693715696765],[7.72166405720058,8.569693733052304],[7.721667404922852,8.56976639045656],[7.721763725567498,8.569719993772953],[7.722122773046741,8.569695251012496],[7.722128254597504,8.569695269148482],[7.72235864113549,8.569676885254855]],[[7.721955397894601,8.569917290294963],[7.7218934,8.5700539],[7.72223906386778,8.570040264969785],[7.722225332806771,8.569887051001222],[7.722136818761494,8.569886758154414],[7.721955397894601,8.569917290294963]],[[7.722606610128259,8.564967771533231],[7.722605588057839,8.565274105352499],[7.722797978933776,8.565255595205908],[7.722779768163212,8.564949197798178],[7.722683540866984,8.564968025822848],[7.722606610128259,8.564967771533231]],[[7.720510179576833,8.575874087287229],[7.720455158623647,8.57587390488608],[7.720435095369185,8.575931276519471],[7.720512028246463,8.575931531564784],[7.720511707914267,8.576027260751031],[7.720722632822299,8.576219420441488],[7.720857329526617,8.576200720835708],[7.720878035869984,8.575760430259578],[7.720762252274015,8.575874922838597],[7.720510179576833,8.575874087287229]],[[7.721719688739864,8.577141734791153],[7.721757899266757,8.577218445587228],[7.721988698802299,8.577219210000106],[7.722046846678926,8.577085380148498],[7.722067039906636,8.576798256119934],[7.721855409885874,8.576816701336972],[7.72177892485194,8.576682425611306],[7.721837328704326,8.576472012399794],[7.721972217492635,8.576395874866819],[7.721876499230013,8.576261535474405],[7.721761099753657,8.576261153294],[7.721645316209126,8.576375646151668],[7.721491258148014,8.576432574003807],[7.721490745976542,8.57658574075643],[7.721375090307408,8.576661941818744],[7.721451575184596,8.57679621760322],[7.721393107022368,8.577025776557367],[7.721469399877339,8.577217489877137],[7.721661988871752,8.577141543662362],[7.721719688739864,8.577141734791153]],[[7.721164933246613,8.576240032304026],[7.721145123670485,8.576412281149372],[7.721298989663798,8.576412790970027],[7.721549277993199,8.576337035919261],[7.721530364834459,8.576241242985112],[7.721203399727024,8.576240159760426],[7.721164933246613,8.576240032304026]],[[7.723980003439025,8.568380311710975],[7.724230030711563,8.568381137534134],[7.724326641776494,8.568247434001282],[7.724076997556229,8.568131733023254],[7.724037829702799,8.568342210557436],[7.723980003439025,8.568380311710975]],[[7.724003719702061,8.57280313447028],[7.724080332737098,8.57289911804791],[7.724003081018592,8.57299459313516],[7.723849216237368,8.57299408459355],[7.723675990598628,8.573031804138838],[7.723675671168089,8.573127533458113],[7.723887299179968,8.573109086927513],[7.723887107552062,8.573166524523653],[7.723867363424159,8.573319627873307],[7.723636757741016,8.573261427338036],[7.723617013504251,8.573414530658765],[7.72361669404448,8.573510259973938],[7.723654649159364,8.573663554051416],[7.723654904724516,8.573586970598786],[7.724001164879406,8.573568969118156],[7.724097969196546,8.573377828280888],[7.72407924701924,8.573224597785195],[7.724348829844951,8.573129758212144],[7.724349468365606,8.5729382995227],[7.724292216048068,8.572804087799037],[7.724003719702061,8.57280313447028]],[[7.723643912429782,8.571117090517427],[7.723836050858411,8.57117516374993],[7.723874900037679,8.571060415661915],[7.723798542815163,8.570887848628457],[7.72372161085313,8.57088759438656],[7.723644295664287,8.571002215323736],[7.723643912429782,8.571117090517427]],[[7.725331377374212,8.572635205109387],[7.725349972467723,8.572826727371366],[7.725234318644849,8.57290292988377],[7.725061220724756,8.572902358328129],[7.72504109417923,8.573170337054918],[7.725348441215265,8.573286228405163],[7.72552153932848,8.57328679985744],[7.725521858303135,8.57319107046985],[7.725446456945412,8.572731315450119],[7.725485242100282,8.572635713039325],[7.725331377374212,8.572635205109387]],[[7.727008224653548,8.571568555731645],[7.726872828726512,8.571797862552057],[7.727007269017938,8.571855744083758],[7.727007141597347,8.571894035863707],[7.727045480311305,8.571932454454586],[7.727276850404001,8.571760902212043],[7.727335059126889,8.571607925242127],[7.72748885987598,8.571627578207265],[7.727489114612114,8.571550994631828],[7.727585725622209,8.571417290255344],[7.727509621290081,8.571168140126312],[7.727644188850006,8.571187729629044],[7.728028913228973,8.571169850924608],[7.728067379302797,8.571169977622647],[7.728105527125328,8.571265833811015],[7.728335496319811,8.571515490609404],[7.728470064084024,8.571535079847903],[7.728469618638672,8.571669101156095],[7.728662140174869,8.571612296717435],[7.728662521925243,8.571497421301514],[7.728836001146172,8.571383115725807],[7.729067052212186,8.571307291769553],[7.729201683575996,8.571307734841115],[7.729374844641844,8.571289158527406],[7.729413628673431,8.571193555550302],[7.72931790855688,8.571059217776583],[7.729606467760502,8.571041021033377],[7.729625255788153,8.571175105675346],[7.729682954935805,8.571175295482607],[7.729856179511373,8.571137573028787],[7.729856370197263,8.571080135292783],[7.729702442264831,8.571098775106472],[7.729702887248316,8.570964753729946],[7.729491641721998,8.570868328208391],[7.729569273164613,8.570657976288242],[7.729819366031014,8.57063965279898],[7.729915404039309,8.570678260897473],[7.730146200364278,8.570679019857794],[7.730261852687342,8.570602815624316],[7.730262297448774,8.57046879421516],[7.729992971657084,8.570487054764172],[7.729916039589587,8.570486801767819],[7.729685179835329,8.570505188598192],[7.729492531805119,8.570600285473203],[7.729242502569131,8.570599462844335],[7.729242438980219,8.57061860875225],[7.729165506908768,8.570618355602557],[7.728723211158558,8.570597753790555],[7.728550114045573,8.570597183950893],[7.72858781660057,8.570827061423833],[7.728587243984829,8.570999374548403],[7.728356065787126,8.571113490033559],[7.728356256697647,8.57105605233106],[7.72831849064599,8.570845320755964],[7.728222325534707,8.570845004078109],[7.728337787304574,8.57082623818772],[7.728338423655315,8.570634779177233],[7.728165581122344,8.570557625563119],[7.727992356762734,8.570595347273452],[7.727876958719698,8.570594967170715],[7.727742391339983,8.570575377777224],[7.727435427421642,8.570344613161682],[7.727435236388994,8.57040205084566],[7.727434854319717,8.570516926213093],[7.727203930955762,8.57055445743249],[7.727203357735354,8.57072677046647],[7.727260802003996,8.570803544197544],[7.72743428120584,8.570689239262935],[7.727587699566092,8.570823767508742],[7.727587508545462,8.570881205194713],[7.727510258080956,8.570976681181047],[7.727279652882622,8.5709184829407],[7.727240231458705,8.571205544555768],[7.72725901863943,8.571339629191987],[7.727220552560683,8.571339502410952],[7.727124769566085,8.571224310092973],[7.727009307667088,8.57124307559397],[7.72700905284421,8.57131965915628],[7.727085475369894,8.571473079884358],[7.727008543191369,8.571472826279969],[7.727008224653548,8.571568555731645]],[[7.726839969251738,8.570112897439765],[7.726725335929139,8.56988276633732],[7.726456138194259,8.569862732679482],[7.726456265639335,8.56982444090375],[7.726264127268659,8.569766369012347],[7.726263999805236,8.56980466078532],[7.726243619635702,8.570149223307677],[7.726455182337366,8.570149920994991],[7.726532177954287,8.570131028782617],[7.726686041745567,8.570131536087048],[7.726686105458706,8.57011239019774],[7.726839969251738,8.570112897439765]],[[7.727582216753525,8.56668819032105],[7.727447332501899,8.566764330515607],[7.727485225287965,8.566936770293585],[7.727638324144457,8.567167027824496],[7.727695195306368,8.567416114535845],[7.727693858786534,8.56781817842158],[7.727597248904559,8.567951882987545],[7.727424025744238,8.56798960461188],[7.727346839598666,8.568065934762426],[7.727384732380438,8.568238374551173],[7.727519362576338,8.568238818051567],[7.727692776794254,8.568143658703768],[7.727962037159014,8.568144545433261],[7.728116345620895,8.568011030737521],[7.728289377917881,8.56803074650429],[7.72828950515192,8.567992454697542],[7.72819391334769,8.567819824992188],[7.728020817526779,8.567819255098643],[7.727886569263866,8.567703936390854],[7.727887078337954,8.567550769184878],[7.72798387889023,8.567359626809022],[7.728118699669857,8.567302632347225],[7.728272307968136,8.567379722469449],[7.728310773664691,8.567379849087674],[7.72842559830311,8.567552542063774],[7.728463427963678,8.56774412771961],[7.728464318437462,8.567476085048593],[7.728426806804761,8.567188769868242],[7.728331278688316,8.566996994305462],[7.728331469509499,8.566939556591308],[7.728351147573567,8.566805598560022],[7.728139904639083,8.566709172663348],[7.728120035661886,8.566900568384163],[7.728004765972522,8.566861896677391],[7.72796719106136,8.566593727405035],[7.727774799373046,8.566612240063185],[7.727639915178825,8.566688380334785],[7.727582216753525,8.56668819032105]],[[7.727779316888224,8.565252881049435],[7.727625836766103,8.56513749905954],[7.727471911289348,8.565156138322617],[7.727375302147148,8.565289842937796],[7.727528973138965,8.565347787323345],[7.727779062400093,8.565329464658443],[7.727779316888224,8.565252881049435]],[[7.728987229282819,8.566386476983546],[7.729045626922292,8.566176061762894],[7.728834256930319,8.566117928086808],[7.728603844993051,8.566002293297798],[7.728603654233916,8.56605973102083],[7.728660971082547,8.56617479631636],[7.728487303628663,8.566346539899818],[7.728583213259433,8.566423439975539],[7.728583086078415,8.566461731789772],[7.728640784492109,8.566461921649084],[7.728756117741397,8.566481447250261],[7.728871832463914,8.56638609736308],[7.728987229282819,8.566386476983546]],[[7.725509322898965,8.571180689743244],[7.725701716860571,8.571162178569704],[7.725585553427026,8.57139154831691],[7.725431625409705,8.57141018637873],[7.725372841896275,8.57173547585815],[7.72550747321665,8.571735920239467],[7.725527088960328,8.571621108444079],[7.725738716188329,8.571602660762027],[7.725892771815046,8.57154573082317],[7.725970469080814,8.571316234060026],[7.726047401196669,8.571316487866586],[7.726028933217686,8.571086673816481],[7.725452197884497,8.57100818640031],[7.725451623844459,8.571180499312366],[7.725509322898965,8.571180689743244]],[[7.726332339349867,8.566607487681939],[7.726198410602564,8.566396439070138],[7.726102310402726,8.566376976139153],[7.726044612058989,8.5663767859027],[7.726005636741469,8.566529826176406],[7.726043656288007,8.56666397422374],[7.726216942583878,8.566607107258946],[7.726332339349867,8.566607487681939]],[[7.725485880014892,8.57244425425993],[7.725428563529354,8.57232918853172],[7.725178533560152,8.572328363107035],[7.725177767886784,8.572558113615854],[7.725370162542855,8.572539602712478],[7.72542786180048,8.572539793185484],[7.72548568864206,8.572501691893955],[7.725485880014892,8.57244425425993]],[[7.730167276084962,8.570123851562883],[7.730225229229527,8.570047457603033],[7.730226372844972,8.56970283111545],[7.729937814621608,8.56972102847458],[7.72989909446676,8.569797485638674],[7.72989807764869,8.57010382025407],[7.730032708632677,8.570104262974274],[7.730032645087028,8.570123408888573],[7.730167276084962,8.570123851562883]],[[7.728284924354891,8.569370959691534],[7.72838089822941,8.569428714007827],[7.728399431328679,8.569639382256648],[7.728514574633845,8.569716345774895],[7.728514192919569,8.56983122119476],[7.728687098850511,8.569889228713535],[7.728802623927903,8.56985131673247],[7.728900124387174,8.569449569197007],[7.728765493692904,8.569449126115641],[7.728285178863668,8.569294376083398],[7.728284924354891,8.569370959691534]],[[7.727917588925039,8.569944133331337],[7.728033177706232,8.569887075694568],[7.72801477210567,8.569638115659085],[7.727918670956886,8.569618653050867],[7.727861672230893,8.569407858128672],[7.727707745003255,8.569426497232623],[7.727668578855395,8.569636975393946],[7.727687175211452,8.569828497721915],[7.727917907174125,8.569848403837664],[7.727917588925039,8.569944133331337]],[[7.730738041457466,8.572002048234198],[7.73069906704337,8.57215508912858],[7.730794279717333,8.572442594005024],[7.731044310308791,8.572443415804704],[7.731102390734946,8.572328729907657],[7.731410184135819,8.572310595149206],[7.73129618236467,8.571889005713862],[7.731219440474511,8.571831315171801],[7.730969537289117,8.571792201704511],[7.730930499483376,8.571964388559651],[7.730795740754816,8.572002237893374],[7.730738041457466,8.572002048234198]],[[7.728588685601749,8.572052415434243],[7.728545914575954,8.571860813490993],[7.728334223467919,8.571898408610581],[7.728257023799727,8.571978581289907],[7.72822230675302,8.571993770563159],[7.728218501188579,8.571995435559291],[7.7281299,8.5720342],[7.7282529,8.5723092],[7.7286194,8.5721211],[7.728588685601749,8.572052415434243]],[[7.730896733110193,8.570547464085168],[7.73103111030562,8.57062449016513],[7.731126577015776,8.570835411275915],[7.731280695319226,8.570759333099806],[7.731300626709024,8.570548791129033],[7.731302213800166,8.570070143039981],[7.731225599203707,8.569974160700184],[7.730975443212951,8.570011631095587],[7.730917363205474,8.57012631703259],[7.730916664680258,8.570336922161125],[7.730897431663793,8.570336858960562],[7.730896733110193,8.570547464085168]],[[7.731956643677873,8.56991912314053],[7.731802843111556,8.569899472020237],[7.731859526855457,8.570205996321821],[7.731994284874281,8.570168146505937],[7.731956262987638,8.570033998713143],[7.731956643677873,8.56991912314053]],[[7.734741483349104,8.576935748435309],[7.734895350368995,8.576936252866805],[7.735202451048412,8.577128721005124],[7.735413828360124,8.577186852187543],[7.735413511711106,8.577282581923999],[7.735490318656777,8.577321125919166],[7.735663419279543,8.577321693089738],[7.735740732775435,8.577207069442514],[7.735894473352793,8.577245865393223],[7.735932940155282,8.577245991396461],[7.735991210063178,8.577073866829275],[7.7359919063508,8.576863261358998],[7.736126666614815,8.576825410394113],[7.736127046358403,8.576710534675836],[7.735973179355851,8.5767100307485],[7.735704165368116,8.576632564928119],[7.735473934847435,8.57645949523232],[7.735435848065683,8.576344493505133],[7.735320511281999,8.576324969427251],[7.735262304582163,8.576477947925502],[7.734627540492419,8.57649501340633],[7.734626970213897,8.576667326885211],[7.734742307032563,8.576686851179927],[7.73474173679281,8.576859164664773],[7.734741483349104,8.576935748435309]],[[7.733013017818887,8.576164232151559],[7.732994101706604,8.576068439360732],[7.732763365328096,8.576048535700938],[7.732648219262042,8.575971573072758],[7.732647330824611,8.576239616062686],[7.732801197439291,8.57624012128831],[7.732955317843984,8.576164042732456],[7.733013017818887,8.576164232151559]],[[7.731551920672723,8.575967971679953],[7.731724956913173,8.57598768644892],[7.73193614232564,8.576103257139328],[7.731994286712691,8.575969425248053],[7.732128983355426,8.575950721613637],[7.732341247956129,8.57574081135986],[7.732033451705078,8.575758946462653],[7.731956074069995,8.575892715179437],[7.731783164847118,8.575834708675208],[7.731783482350616,8.57573897906654],[7.731610573231396,8.575680972498434],[7.731533386020192,8.575757303352106],[7.731552047699719,8.575929679840254],[7.731551920672723,8.575967971679953]],[[7.736141009588818,8.584120143155777],[7.73612234594736,8.58394776660256],[7.735930008554281,8.583947136154139],[7.735775948563893,8.584004069556304],[7.735640932168061,8.584118503782012],[7.735678892709149,8.584271797449668],[7.735774998111712,8.584291258703304],[7.735775631750164,8.58409979927246],[7.735948482043146,8.58417695053736],[7.736140312785448,8.584330748559214],[7.736141009588818,8.584120143155777]],[[7.734205823441143,8.58187369707472],[7.734320908073521,8.5819698054531],[7.734301167073865,8.582122909811313],[7.734358550880078,8.582218828832515],[7.734512610239904,8.582161895917928],[7.734551711608596,8.58197056276955],[7.734417076210568,8.581970121018399],[7.73430199154971,8.581874012665196],[7.734205823441143,8.58187369707472]],[[7.734186780097338,8.581816196152904],[7.734206330837086,8.58172052960427],[7.734014629036034,8.581528439037337],[7.733841780380861,8.581451287125367],[7.733744977938862,8.58164243074188],[7.733937250571993,8.581662208043719],[7.734013804406736,8.581777336160133],[7.734186780097338,8.581816196152904]],[[7.73725490797426,8.590442024725293],[7.736966270155602,8.590479371046195],[7.736945959072482,8.59080478907178],[7.737061490321625,8.590766875455712],[7.737042636325834,8.590651936736181],[7.737158484232186,8.590518293347584],[7.737254717964271,8.590499462568822],[7.73725490797426,8.590442024725293]],[[7.741926338805683,8.585364418113775],[7.74165693870072,8.58540183133848],[7.741771837246619,8.58555537585845],[7.74206034520794,8.585556317300059],[7.742099254334738,8.585422420888962],[7.741926149612082,8.585421856076094],[7.741926338805683,8.585364418113775]],[[7.74022765838474,8.581376465414838],[7.740189569829701,8.581261463907813],[7.740016530249049,8.581241752532218],[7.739939027515086,8.581413815010803],[7.739804139466528,8.581489959070831],[7.739591495783423,8.581814749344549],[7.739591306318296,8.581872187265633],[7.739571820030914,8.581948708307118],[7.739398527553887,8.582005580503232],[7.739397959054721,8.582177894251403],[7.739667419984352,8.58212133632924],[7.73968715887301,8.581968231385135],[7.739976042711218,8.581854298136799],[7.740034248760952,8.58170131881419],[7.740169010606912,8.581663466634962],[7.740130985180079,8.581529319144241],[7.740227405904849,8.581453049330134],[7.74022765838474,8.581376465414838]],[[7.739515382201025,8.581565600278067],[7.739304127945546,8.58146917897183],[7.739380367703114,8.58168003611401],[7.739515382201025,8.581565600278067]],[[7.740128333773314,8.58233345020298],[7.739994076785355,8.582218134522227],[7.739897782092958,8.582256112289386],[7.739897276946087,8.582409280093183],[7.740051020203551,8.58244807474046],[7.740128144377254,8.582390888134437],[7.740128333773314,8.58233345020298]],[[7.740129470122059,8.581988822610574],[7.740244935275555,8.581970053570833],[7.740245440256849,8.581816885742985],[7.740110804616162,8.581816445986828],[7.740129470122059,8.581988822610574]],[[7.740969757894576,8.583810454398007],[7.740892507294568,8.583905933107713],[7.740949640688365,8.584078435343482],[7.74094875722265,8.58434647908294],[7.741064475499249,8.58425112596839],[7.741161464676181,8.5840025421558],[7.741085160512352,8.583810831164604],[7.740969757894576,8.583810454398007]],[[7.741043916571503,8.584653128791137],[7.741005764471451,8.584557273282677],[7.740794192602674,8.5845565824144],[7.740697707976193,8.584651998240728],[7.740677401079438,8.58497741706267],[7.740561934997572,8.584996186101003],[7.740561366822106,8.585168499899979],[7.740715300626486,8.585149856510851],[7.740715489996062,8.585092418574568],[7.740850126822536,8.58509285828614],[7.740965466711829,8.585112381125011],[7.740984132554026,8.585284757757567],[7.741061067929279,8.585285008979065],[7.741195704841592,8.585285448579771],[7.741196651330345,8.584998258845348],[7.741254542108162,8.584941009276186],[7.741254857580471,8.584845279361316],[7.74133198214533,8.584788092565187],[7.74133273921248,8.584558340760001],[7.741429412923209,8.584405486793829],[7.741430359137817,8.584118297020428],[7.741333937859149,8.584194567062736],[7.741294019232612,8.584634799123052],[7.74117918421784,8.584462108538279],[7.741120851821328,8.584653379982372],[7.741043916571503,8.584653128791137]],[[7.741074684749975,8.586989064040495],[7.740958839294626,8.587122708982898],[7.740958334282552,8.587275876810907],[7.740880956589132,8.587409647355615],[7.740957703004319,8.587467336594166],[7.74093771148644,8.587697025504875],[7.74107266486336,8.587601735376701],[7.741015341738934,8.587486671041846],[7.741073801067978,8.587257107752535],[7.741228303747941,8.58706615045362],[7.741132386540673,8.586989252481612],[7.741074684749975,8.586989064040495]],[[7.740864247839991,8.586643745408665],[7.740748276174465,8.586815682249313],[7.74068962734591,8.587102683405798],[7.740785670742916,8.587141289524304],[7.740863932202703,8.58673947530019],[7.740864247839991,8.586643745408665]],[[7.745481019644928,8.586467335215708],[7.74532752556816,8.586351958383522],[7.745154168568355,8.586427979000401],[7.745153854014306,8.586523709051281],[7.745211555825411,8.586523896871796],[7.745480830961209,8.586524773253398],[7.745481019644928,8.586467335215708]],[[7.7116779,8.5654199],[7.7114013,8.5654512],[7.7114247,8.5656528],[7.711701,8.5656189],[7.7116779,8.5654199]],[[7.7133263,8.5664274],[7.7133301,8.5662774],[7.7131948,8.566274],[7.713191,8.5664241],[7.7133263,8.5664274]],[[7.7130542,8.5664273],[7.7130492,8.5662779],[7.7129126,8.5662823],[7.7129175,8.5664317],[7.7130542,8.5664273]],[[7.7126347,8.566289],[7.7124954,8.5662935],[7.7125005,8.5664446],[7.7126398,8.56644],[7.7126347,8.566289]],[[7.7122278,8.5664503],[7.7123633,8.5664459],[7.7123583,8.5662949],[7.7122229,8.5662992],[7.7122278,8.5664503]],[[7.7119471,8.5664482],[7.7119448,8.5663173],[7.7118,8.5663198],[7.7118023,8.5664507],[7.7119471,8.5664482]],[[7.713317,8.5669111],[7.7133224,8.5667494],[7.7131858,8.5667449],[7.7131803,8.5669065],[7.713317,8.5669111]],[[7.712906,8.5667565],[7.7129092,8.5669172],[7.7130326,8.5669148],[7.7130293,8.566754],[7.712906,8.5667565]],[[7.7126176,8.5669167],[7.7126213,8.5667586],[7.7124968,8.5667558],[7.7124927,8.5669325],[7.7126176,8.5669167]],[[7.7122211,8.5669312],[7.7123594,8.5669328],[7.7123383,8.5667761],[7.712223,8.5667747],[7.7122211,8.5669312]],[[7.7119231,8.56678],[7.7117997,8.5667829],[7.7118036,8.566941],[7.7119269,8.566938],[7.7119231,8.56678]],[[7.7129482,8.5673601],[7.7130781,8.5673572],[7.7130747,8.5672077],[7.7129448,8.5672107],[7.7129482,8.5673601]],[[7.7126746,8.5672227],[7.7125207,8.5672272],[7.7125251,8.567373],[7.712679,8.5673685],[7.7126746,8.5672227]],[[7.7123976,8.5672273],[7.7122566,8.5672299],[7.7122596,8.567382],[7.7124005,8.5673793],[7.7123976,8.5672273]],[[7.7119796,8.5673933],[7.7119763,8.5672439],[7.7118396,8.5672468],[7.7118429,8.5673963],[7.7119796,8.5673933]],[[7.7131702,8.5677652],[7.713374,8.5677627],[7.7133725,8.5676434],[7.7131687,8.5676459],[7.7131702,8.5677652]],[[7.7128756,8.5677699],[7.7130793,8.5677747],[7.7130821,8.5676581],[7.7128783,8.5676533],[7.7128756,8.5677699]],[[7.7124838,8.5676716],[7.7124798,8.5677882],[7.7126834,8.567795],[7.7126874,8.5676784],[7.7124838,8.5676716]],[[7.7133758,8.5679928],[7.7130758,8.5680031],[7.7130801,8.568125],[7.7133789,8.5680802],[7.7133758,8.5679928]],[[7.7124636,8.5747074],[7.7127535,8.5745827],[7.7127215,8.5745099],[7.7121711,8.5747466],[7.7122149,8.5748462],[7.7124636,8.5747074]],[[7.7124469,8.5749964],[7.7127511,8.5748291],[7.7127032,8.574744],[7.712399,8.5749113],[7.7124469,8.5749964]],[[7.7125557,8.5752032],[7.7128669,8.5750367],[7.7128119,8.5749361],[7.7125007,8.5751027],[7.7125557,8.5752032]],[[7.7144201,8.5651693],[7.714784,8.5651515],[7.714766,8.5647917],[7.7144021,8.5648095],[7.7144201,8.5651693]],[[7.7158187,8.5684942],[7.7158948,8.5686413],[7.7159905,8.5685929],[7.7159143,8.5684458],[7.7158187,8.5684942]],[[7.7156347,8.5690809],[7.715683,8.5691707],[7.7159917,8.5690085],[7.7159434,8.5689186],[7.7156347,8.5690809]],[[7.7151424,8.5689075],[7.7149591,8.569044],[7.7150657,8.5693066],[7.7154515,8.5691535],[7.7153374,8.5688726],[7.7151424,8.5689075]],[[7.7157076,8.5693681],[7.7153867,8.5694911],[7.7154243,8.569587],[7.7157451,8.5694639],[7.7157076,8.5693681]],[[7.7154891,8.5696715],[7.7155286,8.569759],[7.715844,8.5696198],[7.7158046,8.5695323],[7.7154891,8.5696715]],[[7.7156326,8.5699385],[7.7159458,8.5697985],[7.7159055,8.5697104],[7.7155923,8.5698504],[7.7156326,8.5699385]],[[7.7154829,8.5713196],[7.7156025,8.5712547],[7.7154962,8.571063],[7.7153766,8.5711279],[7.7154829,8.5713196]],[[7.7170671,8.5579934],[7.7173722,8.5578208],[7.7173225,8.5577349],[7.7170174,8.5579075],[7.7170671,8.5579934]],[[7.7173828,8.561565],[7.7173832,8.561435],[7.7171027,8.5614318],[7.7171,8.5616612],[7.7173816,8.5616645],[7.7173828,8.561565]],[[7.7162954,8.5634729],[7.7162977,8.5635657],[7.7165121,8.5635605],[7.7165098,8.5634677],[7.7162954,8.5634729]],[[7.7164527,8.5636189],[7.7161125,8.5636398],[7.7161162,8.5638042],[7.7164567,8.5637966],[7.7164527,8.5636189]],[[7.7163118,8.5663295],[7.7162613,8.5661687],[7.71598,8.566255],[7.7161002,8.5666383],[7.7163841,8.5665513],[7.7163118,8.5663295]],[[7.7164891,8.5668729],[7.7164741,8.5667852],[7.7162315,8.5668007],[7.7164257,8.5669884],[7.7164891,8.5668729]],[[7.7165477,8.5679138],[7.7165223,8.5678644],[7.7161755,8.5680384],[7.7161966,8.5681286],[7.7163881,8.5685019],[7.7165147,8.5685112],[7.7168786,8.5683287],[7.7166415,8.5678668],[7.7165477,8.5679138]],[[7.7161861,8.5686548],[7.7162785,8.5686066],[7.7160722,8.5682196],[7.7159798,8.5682677],[7.7161861,8.5686548]],[[7.7166161,8.5689214],[7.7167168,8.5688741],[7.7165383,8.5685032],[7.7164377,8.5685506],[7.7166161,8.5689214]],[[7.7164948,8.5689877],[7.7163136,8.5686131],[7.7162176,8.5686586],[7.7163988,8.5690331],[7.7164948,8.5689877]],[[7.7170376,8.5688117],[7.7172232,8.5691394],[7.7173379,8.5691176],[7.7171344,8.5687581],[7.7170376,8.5688117]],[[7.7162008,8.5691565],[7.7162848,8.569108],[7.7161084,8.5688094],[7.7160244,8.5688579],[7.7162008,8.5691565]],[[7.7168988,8.5694382],[7.7172846,8.5692496],[7.717234,8.5691483],[7.7169503,8.569287],[7.7167719,8.56893],[7.7166697,8.56898],[7.7168988,8.5694382]],[[7.7157631,8.5692898],[7.7158058,8.5693852],[7.7161219,8.5692466],[7.7160792,8.5691513],[7.7157631,8.5692898]],[[7.7174645,8.5695789],[7.7175495,8.5695414],[7.7174526,8.5693269],[7.7169495,8.5695491],[7.7169924,8.5696442],[7.7174106,8.5694595],[7.7174645,8.5695789]],[[7.7163647,8.5696532],[7.7160628,8.5698192],[7.7161101,8.5699034],[7.716412,8.5697374],[7.7163647,8.5696532]],[[7.7161516,8.5706621],[7.7162621,8.5709722],[7.7163823,8.5709303],[7.7162717,8.5706202],[7.7161516,8.5706621]],[[7.7166155,8.5715932],[7.7166623,8.571694],[7.716979,8.5715501],[7.7169322,8.5714493],[7.7166155,8.5715932]],[[7.7166128,8.5717319],[7.716755,8.572032],[7.7168746,8.5719766],[7.7167325,8.5716765],[7.7166128,8.5717319]],[[7.7170439,8.5718173],[7.716851,8.5719076],[7.7168998,8.5720094],[7.7170926,8.5719192],[7.7170439,8.5718173]],[[7.7176284,8.557657],[7.7176343,8.5575555],[7.7173604,8.5577169],[7.717404,8.5577893],[7.7176284,8.557657]],[[7.7175648,8.5580508],[7.7178481,8.5578819],[7.7178031,8.557808],[7.7175197,8.5579768],[7.7175648,8.5580508]],[[7.7184775,8.5682521],[7.7182015,8.5682615],[7.7182041,8.5683344],[7.71848,8.5683249],[7.7184775,8.5682521]],[[7.7184854,8.5685842],[7.7182137,8.5685919],[7.718216,8.5686727],[7.7184878,8.568665],[7.7184854,8.5685842]],[[7.7186144,8.5696527],[7.7186086,8.5695044],[7.7184158,8.5695118],[7.7184126,8.5694311],[7.7182091,8.5694389],[7.7182144,8.5695753],[7.7184474,8.5695663],[7.7186144,8.5696527]],[[7.7177747,8.5703844],[7.7178719,8.5703428],[7.7177166,8.5699875],[7.7176194,8.570029],[7.7177747,8.5703844]],[[7.7173178,8.5706198],[7.7177254,8.5704407],[7.7176866,8.5703543],[7.717279,8.5705335],[7.7173178,8.5706198]],[[7.7180232,8.5714209],[7.7178471,8.5714656],[7.7179073,8.571697],[7.7180834,8.5716522],[7.7180232,8.5714209]],[[7.7180291,8.5719902],[7.7180048,8.5718984],[7.7175932,8.5720052],[7.7176176,8.572097],[7.7180291,8.5719902]],[[7.7180788,8.5720192],[7.7181448,8.5722955],[7.7182693,8.5722664],[7.7182033,8.5719901],[7.7180788,8.5720192]],[[7.7201673,8.5685555],[7.7201583,8.5682201],[7.7199374,8.5682259],[7.7199465,8.5685625],[7.7201673,8.5685555]],[[7.7193512,8.5683535],[7.7193469,8.5686331],[7.7196051,8.5685854],[7.7196086,8.5683574],[7.7193512,8.5683535]],[[7.7198669,8.5685779],[7.7198605,8.5684258],[7.7196658,8.5683899],[7.719674,8.5685832],[7.7198669,8.5685779]],[[7.7197529,8.5692334],[7.7195872,8.5692523],[7.7196214,8.5695454],[7.7200413,8.5694975],[7.7200064,8.5691991],[7.7197529,8.5692334]],[[7.7206391,8.5708774],[7.7207587,8.5708664],[7.7207251,8.5705088],[7.7206054,8.5705198],[7.7206391,8.5708774]],[[7.7204373,8.5710149],[7.7203775,8.5707108],[7.7202622,8.5707329],[7.720322,8.5710371],[7.7204373,8.5710149]],[[7.7203764,8.5713552],[7.7204961,8.5713345],[7.7204423,8.571032],[7.7203226,8.5710528],[7.7203764,8.5713552]],[[7.7204159,8.5716486],[7.7205377,8.5716403],[7.720519,8.5713699],[7.7203972,8.5713782],[7.7204159,8.5716486]],[[7.7209495,8.5715754],[7.7205187,8.5716457],[7.7205364,8.5717516],[7.7209672,8.5716812],[7.7209495,8.5715754]],[[7.7189023,8.5720614],[7.7189823,8.5721691],[7.719201,8.5721081],[7.7191121,8.5717961],[7.7188909,8.5718577],[7.7189023,8.5720614]],[[7.7190544,8.5725343],[7.7191987,8.5728122],[7.7193406,8.5727724],[7.7193222,8.5725648],[7.719219,8.5722982],[7.7190734,8.5723206],[7.7190544,8.5725343]],[[7.7230385,8.5651335],[7.7230108,8.5655706],[7.7232618,8.5655837],[7.7232852,8.5651464],[7.7230385,8.5651335]],[[7.7271365,8.5656686],[7.7269549,8.5656077],[7.7268405,8.5657047],[7.7269253,8.5658025],[7.7271365,8.5656686]],[[7.7266576,8.5656906],[7.7265873,8.5657454],[7.7267164,8.5659074],[7.7267867,8.5658525],[7.7266576,8.5656906]],[[7.7214956,8.5697518],[7.7214988,8.5699108],[7.7216114,8.5699086],[7.7216082,8.5697495],[7.7214956,8.5697518]],[[7.7216229,8.5697295],[7.7216385,8.5705276],[7.721786,8.5705247],[7.7217738,8.5699017],[7.7216612,8.5699038],[7.7216229,8.5697295]],[[7.7228278,8.5704312],[7.7228321,8.5706327],[7.722935,8.5706306],[7.7229307,8.5704291],[7.7228278,8.5704312]],[[7.7216059,8.5706191],[7.7222845,8.5706169],[7.7222842,8.5705346],[7.7216056,8.5705369],[7.7216059,8.5706191]],[[7.7210159,8.5708134],[7.72113,8.5707925],[7.721073,8.5704885],[7.7209589,8.5705094],[7.7210159,8.5708134]],[[7.7214203,8.5712801],[7.7217026,8.5712441],[7.7216775,8.571051],[7.7213952,8.571087],[7.7214203,8.5712801]],[[7.7217549,8.5715479],[7.7217271,8.5713566],[7.7214459,8.5713967],[7.7214738,8.5715879],[7.7217549,8.5715479]],[[7.7256652,8.5736996],[7.7256576,8.5735009],[7.7250294,8.5735247],[7.7250374,8.5737313],[7.7256652,8.5736996]],[[7.7243131,8.573826],[7.7243089,8.5735847],[7.7236841,8.5735953],[7.7236882,8.5738313],[7.7243131,8.573826]]],[[[7.717969597531717,8.565531755177155],[7.717911723750679,8.565584043258786],[7.717820335410449,8.565583740028785],[7.717969597531717,8.565531755177155]]],[[[7.718065841633275,8.56550797041142],[7.717983698978896,8.565526843936352],[7.7179547,8.5653237],[7.718105099684325,8.565271354084212],[7.718105027621041,8.565292876537095],[7.718099661082047,8.565374060310294],[7.718066197421186,8.56540171604621],[7.718239144272433,8.565446257520176],[7.718142772343462,8.565508225620809],[7.718065841633275,8.56550797041142]]],[[[7.718061708531588,8.56257861208406],[7.718132897625898,8.562712870484676],[7.718055647032624,8.562808344515211],[7.718018269090654,8.562808220549277],[7.718061708531588,8.56257861208406]]],[[[7.717999038955053,8.562482674020366],[7.717998910775337,8.562520965683728],[7.718056550925306,8.562538314327474],[7.7178382,8.5624979],[7.717786512429007,8.562771322523819],[7.717787032485464,8.562615993135298],[7.717652597103222,8.562558109047595],[7.717653045852778,8.562424088243999],[7.717634903139944,8.562098545345577],[7.717827228175142,8.562099183302783],[7.717884412943826,8.562252541320426],[7.717980639596473,8.562233714422819],[7.717980895950237,8.562157131095434],[7.717923582969386,8.562042064750909],[7.718019937737183,8.561984946170622],[7.718078340130838,8.561774533346064],[7.718193478773084,8.561851499320444],[7.718192838013681,8.562042957657333],[7.718327337406536,8.562081695709432],[7.718519214057449,8.562216354172557],[7.718518893747154,8.562312083351696],[7.718268102087605,8.562541004420913],[7.718210788973781,8.562425938100048],[7.718210917130873,8.56238764643331],[7.718153347728864,8.56234916344111],[7.718153604051608,8.562272580108985],[7.718032044428825,8.562387053259885],[7.718001978292823,8.56238695354715],[7.717999322904147,8.562397848086501],[7.717997315486458,8.562406084127318],[7.717999038955053,8.562482674020366]]],[[[7.720627061122742,8.570291255891568],[7.720703761653204,8.570360665506467],[7.720904009739879,8.570361328772792],[7.7206859,8.570396],[7.720627061122742,8.570291255891568]]],[[[7.716177245352511,8.572365876331148],[7.716152677761461,8.57231760364352],[7.716177460975825,8.572301628611282],[7.716235257177555,8.572272860568228],[7.716235227154183,8.57228180687869],[7.716225985575042,8.57233699340776],[7.716177245352511,8.572365876331148]]],[[[7.705092648043102,8.579900753981859],[7.70499667615301,8.57984299403498],[7.704823576471768,8.57984241294137],[7.704901158430918,8.57965121405934],[7.705035661712967,8.57968995742397],[7.705035337362546,8.579785686006852],[7.705169775846412,8.579843575050974],[7.705208761339748,8.579690538412194],[7.705535792179221,8.579672489902197],[7.705496936509856,8.57978723515384],[7.705381471861719,8.579805993637988],[7.705399862068669,8.580054952528759],[7.705015195851989,8.580053661474526],[7.705092648043102,8.579900753981859]]],[[[7.705300711832252,8.58093533282244],[7.705416176830361,8.580916574414749],[7.70554990236356,8.581185066301153],[7.705511111334549,8.581280665804632],[7.705357568667583,8.581184420812404],[7.705300711832252,8.58093533282244]]],[[[7.707611370259567,8.580158097331058],[7.707649254241323,8.580330537819812],[7.707572061877627,8.580406863020798],[7.707456920815205,8.58032989344134],[7.707611370259567,8.580158097331058]]],[[[7.70673764112661,8.58258670429234],[7.706737900352069,8.582510121385434],[7.706988842258959,8.582242919532801],[7.707142385819709,8.58233916399425],[7.707065128115004,8.582434634740277],[7.707006715060428,8.582645044318975],[7.707006067116629,8.582836501604735],[7.706678903805363,8.582892842419588],[7.70667968153801,8.582663093706918],[7.70673764112661,8.58258670429234]]],[[[7.707430985338955,8.593674530124192],[7.707584598055486,8.593751629328752],[7.707661793514013,8.59367530457543],[7.707892212705671,8.59379095323491],[7.707834121609397,8.593905634010108],[7.707525793483427,8.594076912980315],[7.707449311355491,8.593942634760733],[7.707526636588174,8.593828018601945],[7.707430790767702,8.593731967287],[7.707430985338955,8.593674530124192]]],[[[7.707102385249655,8.5941520757044],[7.707333063952317,8.59419114183467],[7.707371142845071,8.594306145256617],[7.707350870930244,8.594612412218419],[7.707235790938228,8.594516296282036],[7.707102190617968,8.594209512858308],[7.707102385249655,8.5941520757044]]],[[[7.710595559270419,8.562151713420645],[7.710538184213613,8.562055792084376],[7.710365414536567,8.561959485794107],[7.709961533315602,8.561958138200563],[7.710115844175221,8.561824631209879],[7.710597815182063,8.561481611243702],[7.710694106170223,8.56144364040645],[7.710925539534401,8.56125295223404],[7.71094374099814,8.561559348833852],[7.711097793684886,8.5615024244963],[7.711463338571806,8.5614653510608],[7.711519940925934,8.561791021687117],[7.71142326341345,8.561943867424693],[7.71138383225811,8.562230925938746],[7.711172468471126,8.562172783302694],[7.711037841272228,8.562172334421623],[7.710980337217345,8.562114704692485],[7.711000665073864,8.561789290573788],[7.710885077134241,8.561846343123278],[7.710769682503323,8.561845958299724],[7.710577551497156,8.561787879521622],[7.710576842479208,8.56199848306049],[7.710768909138211,8.562075707631498],[7.71076839354951,8.562228873851135],[7.710595236982376,8.562247442301128],[7.710595559270419,8.562151713420645]]],[[[7.710242220548208,8.575686744117963],[7.710300242812772,8.5755912081186],[7.710742604730481,8.575592685975728],[7.71080043321595,8.575554587173494],[7.710915831981237,8.575554972599132],[7.710915896524772,8.575535826833804],[7.710992829034104,8.575536083764492],[7.711030456287113,8.575785107183192],[7.711145984199863,8.575747201016643],[7.711376652839263,8.575786263181211],[7.711472947591475,8.575748292698055],[7.711472108855297,8.575997187697867],[7.71170329376247,8.57588308352718],[7.712030257342246,8.575884174753712],[7.712029934888712,8.575979903620587],[7.711664440407406,8.575997829753005],[7.711471979816721,8.576035479236005],[7.711471528176997,8.576169499618887],[7.711356129200933,8.576169114331977],[7.711355548458557,8.576341426243573],[7.7112975908234,8.576417816652832],[7.711373878241911,8.576609531212041],[7.711469979642358,8.576628998067257],[7.711468431021651,8.577088496504432],[7.711199230646813,8.577068451584307],[7.711045623194969,8.576991354639425],[7.711065501860008,8.576799961226664],[7.711008060478295,8.576723185453485],[7.710989601866702,8.576493372036206],[7.710855550618446,8.576320610470368],[7.710856325237404,8.57609086129971],[7.710972046889733,8.575995517906248],[7.71089537247946,8.575918677898706],[7.710625979326189,8.575956069991967],[7.710645858066979,8.575764676613936],[7.710453526709554,8.575764034068627],[7.710203237642611,8.575839781655263],[7.710184521160379,8.575686551305832],[7.710242220548208,8.575686744117963]]],[[[7.708655792235217,8.578438458349051],[7.708809205585212,8.578572993493877],[7.708731367052471,8.578840776476813],[7.708750082907231,8.578994006809074],[7.708519024743211,8.579069817296196],[7.708384521135164,8.579031075125163],[7.708018959343391,8.579068143084209],[7.707903947975246,8.578952882201145],[7.707904789327854,8.578703987590732],[7.707808946626854,8.5786079368442],[7.707809464402231,8.578454770933522],[7.708078859335202,8.578417381113043],[7.708194064734188,8.57847520470567],[7.708347995466747,8.57845657406868],[7.708502378995285,8.57830392315828],[7.708617325723849,8.578438329609543],[7.708655792235217,8.578438458349051]]],[[[7.709749502983468,8.579207955944545],[7.709499340773575,8.579245411205353],[7.709423183311715,8.579015404860954],[7.70963507268766,8.57892038372505],[7.709808172281524,8.57892096259843],[7.709674444089848,8.578652471832225],[7.709770804336698,8.578595356157518],[7.709866647600954,8.578691406489114],[7.709885299300403,8.578863782587932],[7.710019738468257,8.57892167000494],[7.710134427512332,8.579132659129842],[7.710076404540283,8.57922819500162],[7.709922731957608,8.579170243277431],[7.709749502983468,8.579207955944545]]],[[[7.711897116349087,8.581148876363201],[7.712050725569656,8.581225973224901],[7.711877237543344,8.58134026980498],[7.711723241042378,8.581378047467336],[7.711818891832203,8.581531534774616],[7.712280494327848,8.581533076117518],[7.712433974763573,8.581648464400784],[7.712299082560073,8.581724598025884],[7.712240995065397,8.581839280001816],[7.711894341112013,8.581972144335092],[7.711874591292458,8.582125246230158],[7.711739569717567,8.582239671146356],[7.711604935427284,8.582239221419522],[7.711451455080348,8.58212383281162],[7.711452810953458,8.581721771787056],[7.711260799403109,8.581625400391907],[7.71116495511064,8.581529350260494],[7.711242599126662,8.581319003937883],[7.71145429588173,8.58128141922651],[7.711339799274975,8.58101299302476],[7.711109773312942,8.580782472767932],[7.71111016075322,8.580667598197905],[7.710956745725467,8.580533063738498],[7.71093796440701,8.580398979143961],[7.710803847492979,8.58024536315509],[7.710689157807179,8.580034374137124],[7.710400528342435,8.580071701353479],[7.710363547535149,8.579631220355331],[7.710440803842628,8.579535748729198],[7.710574597422096,8.579785093584459],[7.710728012031526,8.579919628136727],[7.710785195398018,8.580072987041497],[7.71091944141135,8.580188311506664],[7.710976624883052,8.580341670398258],[7.711245246423208,8.580534027675977],[7.711359678304399,8.580821599644759],[7.711436482775024,8.580860148172118],[7.711571374774588,8.580784014825783],[7.711917511393832,8.580804316774628],[7.711897439033148,8.58105314752693],[7.711897116349087,8.581148876363201]]],[[[7.709881357171811,8.58003167356056],[7.709920340879535,8.579878636170372],[7.71007453067977,8.579783421897995],[7.710112157326428,8.580032445326351],[7.71011170499629,8.580166465609503],[7.710169211209178,8.580224095797673],[7.710168306561071,8.580492136366411],[7.71030274632269,8.580550023771023],[7.710302423258434,8.580645752549454],[7.710186506027778,8.580798532750844],[7.710090597597357,8.580721628172903],[7.709609763103338,8.580720020016788],[7.709513078984535,8.580872864309786],[7.70947461221514,8.580872735619506],[7.709435369535336,8.581102355910218],[7.709262268979163,8.581101776723546],[7.709282989694718,8.58066148888489],[7.709167654132774,8.580641956996134],[7.709168494830619,8.580393062282901],[7.709207672865849,8.580182587771896],[7.709476616492468,8.58027921738673],[7.709591305508174,8.580490206674613],[7.709803066455791,8.580433477072308],[7.709880904760793,8.58016569383148],[7.709881357171811,8.58003167356056]]],[[[7.708630284336455,8.580295531172832],[7.708649970535327,8.58016157535154],[7.708823005940039,8.580181300494852],[7.708822359094781,8.580372757942776],[7.708744455324552,8.580659686595032],[7.708533276491758,8.580544103893375],[7.708553221544746,8.580333565115023],[7.708630284336455,8.580295531172832]]],[[[7.708993001471434,8.581100875612204],[7.708646994531398,8.581042279536444],[7.708647965002278,8.580755093393714],[7.708974867672943,8.580775333570038],[7.708993260199427,8.581024292630975],[7.708993001471434,8.581100875612204]]],[[[7.708105870594647,8.581806305808753],[7.708164282871311,8.581595895946029],[7.708164865413652,8.581423584298788],[7.707934388284078,8.581327082559024],[7.707973955551359,8.58100173387258],[7.708166677689998,8.580887503608418],[7.708281948511818,8.580926181539768],[7.708281301338531,8.581117638939297],[7.708396572243036,8.581156316847927],[7.708376238700297,8.581481730031964],[7.708413864217226,8.581730753465765],[7.708240504546057,8.581806756734265],[7.708105870594647,8.581806305808753]]],[[[7.710203219150112,8.581545281481045],[7.710357732712563,8.581354338416002],[7.710415174506623,8.581431114351659],[7.710799842932578,8.581432400227161],[7.710857284834715,8.581509176111508],[7.710837470064726,8.58168142365788],[7.710664175340596,8.581738282333543],[7.710318038116741,8.58171797914548],[7.71033765926567,8.581603168925948],[7.710203219150112,8.581545281481045]]],[[[7.709393798792013,8.582021223106079],[7.709239672553909,8.582097291190802],[7.709259940804799,8.581791023614011],[7.709125306804586,8.58179057304511],[7.709086839948729,8.581790444302511],[7.708990802186783,8.581751830940068],[7.708663898685328,8.581731590654536],[7.70856799041172,8.581654685712188],[7.70872224595051,8.581540326402111],[7.708665063326047,8.58138696729271],[7.708972733127816,8.581407143159383],[7.709029786516194,8.581598793731862],[7.709241095424059,8.58167608477078],[7.7094141962389,8.58167666400541],[7.709393992799117,8.581963785863811],[7.709393798792013,8.582021223106079]]],[[[7.709353779757301,8.58248059231168],[7.70923928448584,8.582212165667357],[7.709450917114486,8.582193727907471],[7.709508100144292,8.582347086958592],[7.70952642827784,8.582615191784765],[7.709353779757301,8.58248059231168]]],[[[7.708469493576461,8.58234361036971],[7.708604063025189,8.582363206937393],[7.708699000838785,8.58272729801903],[7.70858353529429,8.582746057350914],[7.708526223185878,8.582630989692268],[7.708391783100571,8.58257310160585],[7.708314849254261,8.582572843947224],[7.708256889948202,8.582649233645963],[7.707929856322798,8.582667284102584],[7.707872026433003,8.582705382259247],[7.707872220684542,8.582647945053623],[7.707969294416766,8.58238022693221],[7.70818086236428,8.582380935630269],[7.708258249266691,8.58224717314044],[7.708296716155902,8.582247301972464],[7.708315625973911,8.582343095081793],[7.708469493576461,8.58234361036971]]],[[[7.709445355137384,8.58384026213395],[7.709388301364307,8.583648611564302],[7.709466852366337,8.583170225376676],[7.709620526371355,8.583228177498448],[7.709754643616568,8.583381793960235],[7.709754190981814,8.58351581420122],[7.710003515590313,8.583727253948581],[7.710118722847856,8.583785077230573],[7.710156284882594,8.584053246418048],[7.710252387991682,8.58407271383675],[7.710251482990087,8.584340754360964],[7.71005888873164,8.584416693981897],[7.709903662263376,8.584818239927145],[7.7096921574976,8.58479838622769],[7.709577014721632,8.584721417039447],[7.709461613250059,8.584721030804458],[7.709424763258198,8.58424225842214],[7.70942515136367,8.584127383949216],[7.709406888070319,8.583840133392767],[7.709445355137384,8.58384026213395]]],[[[7.708733261476288,8.583971899984997],[7.708849050954607,8.58385741195615],[7.709060684493662,8.58383897454956],[7.709213841121286,8.584050092814747],[7.709040609839771,8.584087804816647],[7.708982585681115,8.584183340348279],[7.708694341368707,8.584105791351506],[7.708733261476288,8.583971899984997]]],[[[7.709651685256713,8.585391775632525],[7.709825305165785,8.585239188952453],[7.709844021397827,8.585392419293418],[7.709689958442508,8.585449341611188],[7.70959333755978,8.585583039970315],[7.709478129903347,8.585525216468154],[7.709651685256713,8.585391775632525]]],[[[7.708815186831216,8.59387063207214],[7.708873536786999,8.593679368176918],[7.709123514351591,8.593699351957508],[7.709122672301143,8.593948246494957],[7.70916055742672,8.594120687018457],[7.70939065363944,8.594332063561408],[7.709351732154023,8.594465954802352],[7.709255497043394,8.594484778257586],[7.709159780133902,8.594350435820726],[7.708948140686787,8.59436887241157],[7.708909672566598,8.59436874346408],[7.70894865897047,8.594215706556682],[7.708737602760698,8.594061831467494],[7.708603029263161,8.594042234347421],[7.708603612464966,8.593869922781217],[7.708776718763278,8.593870503118792],[7.708815186831216,8.59387063207214]]],[[[7.709924287015926,8.595788943923623],[7.710135797819401,8.595808798385564],[7.71005821383227,8.595999998067855],[7.709692764991865,8.595998773734316],[7.709674048936103,8.595845543400175],[7.709924287015926,8.595788943923623]]],[[[7.708769526056729,8.595995679137394],[7.708904359448099,8.59593869338095],[7.709077466705552,8.595939273721946],[7.709173119110491,8.596092761954864],[7.708769526056729,8.595995679137394]]],[[[7.709630075272195,8.597472801952762],[7.709708760943004,8.596956124954977],[7.709554952151421,8.596936463558027],[7.709613237680139,8.59676434532922],[7.709863217353095,8.596784328930541],[7.709900002006918,8.597282246964083],[7.709841975545281,8.597377782297096],[7.709841392661242,8.597550093916455],[7.709783366135477,8.597645629231167],[7.709552555364699,8.597644855696615],[7.7095146699434,8.597472415164543],[7.709630075272195,8.597472801952762]]],[[[7.709489734297305,8.599157175112138],[7.709509551747992,8.598984928010667],[7.709663490916184,8.598966298080027],[7.709758431548941,8.599330389354897],[7.709508579833211,8.599272113980374],[7.709489734297305,8.599157175112138]]],[[[7.709565051683673,8.599636076316854],[7.710006987909034,8.599771579271136],[7.71010348345965,8.599676172883456],[7.710179837918075,8.599848742315919],[7.710467835105479,8.600002874890562],[7.710698647386823,8.600003648086822],[7.710699035831857,8.599888773649749],[7.711102957254401,8.59989012639205],[7.711006267676782,8.600042970283537],[7.710833158424855,8.600042390535004],[7.710659725465578,8.600137539404045],[7.710678636111417,8.600233332529381],[7.711120897196465,8.600273105649324],[7.711216874918085,8.600330864907376],[7.711389984327221,8.600331444502649],[7.711391990236947,8.599737926418127],[7.711526824779822,8.599680939891066],[7.711777712200917,8.599432882070447],[7.711950950588617,8.59939516985449],[7.712008394914109,8.599471945930405],[7.7121625282992,8.599395877758287],[7.712432520184922,8.59918617527267],[7.712547926165339,8.599186561262758],[7.712528110040285,8.599358808719648],[7.712623893896582,8.599474004890581],[7.712796938380973,8.599493729551765],[7.712700249543547,8.59964657398676],[7.712872906334113,8.5997811731626],[7.713084225855411,8.599858463621942],[7.713430379909049,8.599878766752445],[7.71356450374138,8.600032382847216],[7.713891617400255,8.599995184014132],[7.713929892425918,8.60005274983913],[7.714160705052965,8.60005352096415],[7.714737801253335,8.600036302401637],[7.714872635582211,8.599979314644994],[7.715161925615083,8.599750528535216],[7.715335293055394,8.599674523218711],[7.715335680088681,8.599559648569484],[7.71564355901443,8.599522383968695],[7.715643945947911,8.599407509304617],[7.715798143275673,8.599312293786943],[7.715798272235377,8.599274002229581],[7.715702100439354,8.599273681382234],[7.715722108590295,8.599043996214768],[7.715645687082208,8.598890573307582],[7.715761415510801,8.59879522942716],[7.715915225726517,8.598814888499396],[7.71599216307694,8.598815145123016],[7.71610698895483,8.598987842062238],[7.716280355900381,8.59891183623846],[7.716262346149128,8.598548002225726],[7.71601281562015,8.598394002095027],[7.71607071194864,8.598336757195247],[7.715763543200692,8.598163418712918],[7.715783035390998,8.598086899754119],[7.715917675491813,8.59808734884388],[7.716032694542311,8.598202608430045],[7.716128866080777,8.598202929155175],[7.71611021187005,8.598030552972286],[7.716283513906186,8.597973692863068],[7.716533495355582,8.597993672299095],[7.716533753086608,8.597917089156889],[7.716726482595397,8.597802855589144],[7.716976463999925,8.597822834724607],[7.717014932590851,8.597822962917636],[7.716956778827636,8.597956791148292],[7.716956585592384,8.598014228514419],[7.717091225729737,8.598014677190074],[7.717186817651302,8.598187309756836],[7.717340692178347,8.59818782244341],[7.717456420019135,8.598092477956419],[7.717571310838787,8.598246028737353],[7.717687038651987,8.59815068417543],[7.717840913194523,8.59815119665994],[7.717840526980087,8.598266071430803],[7.718089993988483,8.598439216270245],[7.718128012160101,8.598573364940227],[7.718127497295958,8.59872653131516],[7.718243353862301,8.598592894993747],[7.718263167357432,8.598420646850922],[7.71826361780014,8.598286626263658],[7.718265162119832,8.597827127100068],[7.718168540143796,8.597960827507858],[7.718110837210596,8.597960635386686],[7.718053713481439,8.597788131083187],[7.718150335440753,8.59765443070254],[7.718112252954478,8.59753942783867],[7.718247150358654,8.597463292890069],[7.718458727522398,8.5974639971768],[7.718863162104515,8.59731217497236],[7.718863483657381,8.597216445953489],[7.718767698151681,8.597101251128834],[7.71876814834698,8.596967230505834],[7.718748914081332,8.596967166503694],[7.71874910702284,8.59690972909398],[7.71890336696171,8.59679536625386],[7.719095709549913,8.596796006142235],[7.719152319335985,8.59712167679636],[7.719229192151616,8.597141078529795],[7.719189823476555,8.597408991855156],[7.719343376371076,8.597505232731299],[7.719419863566263,8.597639509284821],[7.719554182306174,8.597735686122556],[7.719631119548989,8.597735941987176],[7.719707992522348,8.597755343646076],[7.719765052763168,8.597946993623113],[7.719880651495211,8.597889939928113],[7.719899307440268,8.598062316178275],[7.720033690717591,8.598139347074444],[7.720225969819937,8.598159132310585],[7.720360867149059,8.598082996593833],[7.720418248956274,8.598178917453561],[7.72051442065453,8.598179237082476],[7.720534233091711,8.598006988665796],[7.720630725886722,8.597911579177563],[7.720612005376565,8.597758348730682],[7.720439153446525,8.597681190192489],[7.720458837393053,8.597547233407546],[7.720670479009047,8.597528790668838],[7.72074780154927,8.597414171397933],[7.720901932816097,8.597338099339936],[7.721056385028946,8.597166298109416],[7.721056192428998,8.597223735570385],[7.721190062172036,8.597453932626038],[7.721170185894185,8.59764532694956],[7.721304376784034,8.597779794884579],[7.721342845436008,8.597779922644614],[7.72161263942388,8.597627650265377],[7.721670342386021,8.597627841854433],[7.72192070936836,8.597532942841678],[7.722152226809892,8.597323104841573],[7.722286866977943,8.597323551664894],[7.722266991258774,8.597514946127765],[7.722036243585699,8.597495034259914],[7.721939622893655,8.597628735822425],[7.721361887194344,8.59783742398922],[7.721284564715909,8.597952043395484],[7.721130561641392,8.597989823939079],[7.720918149183899,8.598238016716598],[7.720802614668854,8.598275924912151],[7.720744269382842,8.598467191346888],[7.72062899170971,8.598428516213712],[7.720436519701396,8.598466168599575],[7.720397601291641,8.598600061437226],[7.720224299296578,8.598656923445395],[7.720167110252516,8.598503565118728],[7.719955789429597,8.598426278443076],[7.719705807191747,8.598406301162532],[7.719706128574661,8.598310572117404],[7.719706257126786,8.598272280499222],[7.719590979660892,8.598233605078772],[7.719418642115186,8.598003279625468],[7.719418899267237,8.597926696396442],[7.719245854698429,8.597906974765369],[7.719169496127747,8.597734406569016],[7.718996323059301,8.597752976448906],[7.718938941689431,8.597657055436857],[7.718669725802066,8.597637013565667],[7.718496231125839,8.597751312226592],[7.718495073113233,8.598095936632985],[7.718494622761992,8.598229957233766],[7.718493786376075,8.598478852632686],[7.718493400343334,8.598593727431076],[7.718300349047412,8.598803690888396],[7.718531096976579,8.598823605082107],[7.718608034407922,8.598823861183277],[7.718607326711406,8.599034464985479],[7.718664643811833,8.599149531858862],[7.718587255938391,8.599283296357727],[7.718586934237724,8.599379025355958],[7.718740358997128,8.599513558158247],[7.718739779986692,8.59968587036303],[7.718528265912751,8.599666020251334],[7.71848921797898,8.599838204368714],[7.718488896232632,8.599933933360509],[7.718411701165751,8.600010260393503],[7.718238527060546,8.600028829773443],[7.718162168692398,8.599856261400257],[7.718162876703404,8.59964565764386],[7.718240393523056,8.59947360167162],[7.718048049649259,8.599472961158217],[7.717989831515924,8.599625935344973],[7.717816721976743,8.599625358764436],[7.717624184885691,8.599682155404397],[7.717605787576593,8.599433196028606],[7.717375039413544,8.599413281233694],[7.717394531393526,8.599336762160032],[7.717394724592992,8.599279324787947],[7.717375554621626,8.599260114909526],[7.717317851509849,8.599259922640705],[7.717202123242945,8.599355267023366],[7.717240141132799,8.599489415742454],[7.717105436051167,8.599508112830858],[7.717123382104844,8.59989109269925],[7.717046186814985,8.599967419419666],[7.717045284887812,8.600235460441592],[7.716928976348008,8.60050311675897],[7.716813505331749,8.600521877808784],[7.71679381982363,8.600655834177033],[7.716697067629865,8.600827825583451],[7.716427140811302,8.601018385436157],[7.716215239482773,8.601113408644254],[7.716004047378759,8.600997828156899],[7.716005079079543,8.600691495697733],[7.715639431390266,8.600747713675242],[7.715638915394342,8.60090087988295],[7.715504403328385,8.600862139000121],[7.715562493660637,8.600747456923902],[7.715197039477441,8.600746237145152],[7.714966097271161,8.600783758121795],[7.714889353164511,8.60072606392368],[7.714947637238396,8.600553944650699],[7.715140045945169,8.600535441020643],[7.715140691161245,8.600343983294808],[7.715256033100151,8.60036351429812],[7.715429723352735,8.600191780104934],[7.715718239415615,8.600192742881005],[7.715718884315302,8.600001285108169],[7.715661181129002,8.600001092574592],[7.715603155467104,8.600096628914685],[7.715449086764041,8.600153552746375],[7.715198975043264,8.60017186395519],[7.715121714838876,8.600267335996186],[7.714987461175906,8.600152011885141],[7.714872054792283,8.600151626583385],[7.714756067559901,8.600323553176029],[7.714602192327741,8.600323039330016],[7.714564046267679,8.600227182016921],[7.714410235642623,8.600207522332568],[7.71439067845738,8.60030318692431],[7.714082928063362,8.600302158881114],[7.714005861315497,8.60034019336017],[7.714005603003059,8.600416776416496],[7.713716828592676,8.600492395379277],[7.713717216150889,8.6003775208082],[7.7134482576017,8.60028089200545],[7.713044335391137,8.600279541662964],[7.713178588404785,8.600394866371454],[7.713216669487895,8.60050986953035],[7.713196401151422,8.600816137347723],[7.71315754456969,8.600930883271939],[7.713291927061435,8.601007916459814],[7.713522869422596,8.600970396532675],[7.714080603315244,8.600991406399132],[7.714388547955314,8.600934997226753],[7.714388096009758,8.601069017591207],[7.714483880850007,8.601184213435],[7.714444895456226,8.60133725107149],[7.714271527092335,8.601413255843264],[7.713906007865869,8.601431180507433],[7.714039809438249,8.60168052534831],[7.714019993679059,8.601852772940406],[7.713904328445803,8.601928970320241],[7.713942151466049,8.602120556500758],[7.713845849823322,8.602158526606512],[7.713845139217537,8.602369129977527],[7.713979393157286,8.602484454538223],[7.714171996584241,8.602408514254394],[7.714171415311115,8.602580826123507],[7.714075113559595,8.602618796272038],[7.714074338448458,8.602848545419226],[7.713900775494134,8.602981987188539],[7.713900323267913,8.603116007513],[7.713784528373525,8.603230496311337],[7.713745413149683,8.603421825307345],[7.713668474937839,8.603421568098145],[7.713533380694191,8.603555138247067],[7.713532992935233,8.603670012790895],[7.713301790342062,8.60378411550035],[7.713263773691839,8.6036499665618],[7.713148237035318,8.603687872096327],[7.713071298787903,8.60368761475984],[7.712667373028142,8.603686263491046],[7.712474898090698,8.603723911379202],[7.712474768729405,8.60376220287756],[7.712436040876015,8.603838657138128],[7.71220522611451,8.603837884641937],[7.711993322405816,8.60393290512586],[7.711973505468864,8.604105152439683],[7.711838669305769,8.604162138889981],[7.711664975600078,8.604333870923464],[7.711376456864576,8.604332904648313],[7.711511616800672,8.60418018967256],[7.711684792701424,8.604161623649803],[7.711781224451611,8.604085362707897],[7.711781612757519,8.60397048824598],[7.711627671509008,8.60398911873691],[7.711474118649481,8.603892874715573],[7.711474571770208,8.603758854524855],[7.711609472540838,8.603682722445368],[7.711648524130985,8.603510539573932],[7.711475995816238,8.60333764820496],[7.711379499494593,8.60343305483329],[7.711378204798773,8.60381596965346],[7.711340447800069,8.603605237661364],[7.711244275080674,8.603604915539623],[7.711108856291115,8.603834213395318],[7.710994549795634,8.603508349219833],[7.710861656506711,8.602990963215255],[7.710785236542971,8.602837539544563],[7.710575859104605,8.60218587557757],[7.710518997663496,8.601936787655765],[7.710079909222045,8.60095887263821],[7.709927459303696,8.600537150762104],[7.709850910514997,8.600422018480026],[7.709564727704853,8.599731804972782],[7.709565051683673,8.599636076316854]],[[7.711554551994319,8.602859262278676],[7.711381053050654,8.602973557038803],[7.711399769728686,8.603126787387453],[7.711534346653022,8.603146384014568],[7.711554551994319,8.602859262278676]],[[7.717895526423987,8.599070386993898],[7.717645544074559,8.599050408329676],[7.717625923392278,8.599165219011887],[7.717779540821618,8.599242314755596],[7.717856478314701,8.599242571019325],[7.717913988315675,8.59930020059096],[7.717990925824503,8.599300456829532],[7.718068120798393,8.599224129869498],[7.718010932617741,8.599070771341337],[7.717895526423987,8.599070386993898]]],[[[7.711691938085493,8.56211707690886],[7.711807397236467,8.562098315683887],[7.71190265803632,8.562366677127253],[7.711767901929596,8.562404520059935],[7.711672190397071,8.56227017908613],[7.711691938085493,8.56211707690886]]],[[[7.712170045584553,8.56292280210015],[7.712342687481229,8.563057399287338],[7.712323133079715,8.56315306415735],[7.712054006661407,8.563113875475398],[7.712170045584553,8.56292280210015]]],[[[7.713030897018694,8.575734344656382],[7.713089240833238,8.575543079227458],[7.713281572279772,8.575543720443193],[7.713203995402487,8.575734921793781],[7.713030897018694,8.575734344656382]]],[[[7.711854836910502,8.57657284486357],[7.711892980769345,8.57666870211096],[7.711700261782859,8.576782934740448],[7.711604353879062,8.576706030627216],[7.711700842400247,8.576610622809314],[7.711854836910502,8.57657284486357]]],[[[7.711098481489215,8.57842747969598],[7.711099062490818,8.578255167820469],[7.711311402939993,8.578026125275837],[7.71146539805679,8.577988347578144],[7.711389045880436,8.577815778769597],[7.711235631733323,8.577681244556368],[7.711408989015213,8.577605239561004],[7.711543621662925,8.577605689115284],[7.711658569422964,8.577740094792073],[7.711677351007889,8.577874179387523],[7.711772936590443,8.57804681237046],[7.711464688166283,8.578198951014729],[7.71146159025067,8.579117947801391],[7.711326892524477,8.579136643904757],[7.711230080410495,8.57932778032908],[7.711134236617218,8.57923173026515],[7.71119245301987,8.579078756903572],[7.711174123504872,8.578810651961142],[7.710962815546352,8.578733362146634],[7.711001798627207,8.578580324553554],[7.711098029590707,8.578561500042516],[7.711098481489215,8.57842747969598]]],[[[7.711945584353988,8.578181410620518],[7.711945906912654,8.578085681767728],[7.712176770580483,8.578067306352837],[7.712253445653014,8.578144146199072],[7.712195100848115,8.57833541135624],[7.712060016352462,8.578468982389403],[7.711945584353988,8.578181410620518]]],[[[7.712192133653906,8.5792161168589],[7.712384402381793,8.579235904567033],[7.712287719733399,8.57938874978645],[7.71201864666266,8.579330413655072],[7.71203820256843,8.579234749011814],[7.712192133653906,8.5792161168589]]],[[[7.710672830860776,8.579172750681526],[7.710788359867198,8.57913484478507],[7.710883880671804,8.579326623725954],[7.710691418336965,8.579364272554258],[7.710672830860776,8.579172750681526]]],[[[7.71205446806301,8.580115518631308],[7.712054855188817,8.580000644014445],[7.712285913557627,8.579924831392079],[7.712304759868805,8.580039770219177],[7.71222750385077,8.580135242269991],[7.712245898551417,8.580384201492343],[7.712130498267903,8.580383816249194],[7.712150247792877,8.580230714299173],[7.71205446806301,8.580115518631308]]],[[[7.712281333087089,8.58128418110946],[7.712263067442781,8.580996930350086],[7.71214792506618,8.580919962007618],[7.712514520889077,8.580576557984232],[7.712725701267909,8.580692138686022],[7.712744354241032,8.580864514834046],[7.712628824792787,8.580902421264598],[7.712551504136205,8.581017039134695],[7.712416676702378,8.581074027068476],[7.712473667360464,8.581284823153847],[7.712281333087089,8.58128418110946]]],[[[7.712259196112342,8.582145676522499],[7.712661034728466,8.582759689556784],[7.712967093866202,8.583258506764006],[7.713101728588022,8.583258956068352],[7.713081914604773,8.583431203850795],[7.713196864421967,8.583565609367952],[7.713215646539963,8.583699693970981],[7.713502860333087,8.584083572104257],[7.713637173010345,8.584179750151431],[7.713694164577302,8.584390546190956],[7.713904767180764,8.584678438598472],[7.713961952320953,8.584831797288446],[7.714115176720498,8.585023768273969],[7.714345271382695,8.585235141550616],[7.71438328755533,8.585369290293077],[7.714248587570156,8.585387987107373],[7.714191273351348,8.585272919995965],[7.713846486148468,8.584850558139005],[7.713827574872245,8.584754765090011],[7.713693326430334,8.584639441297806],[7.713405918633134,8.584313000553927],[7.713058488495633,8.584675614918167],[7.713154140500016,8.584829102069541],[7.713115028227469,8.58502043141035],[7.712979941293446,8.58515400241963],[7.712979618724132,8.585249731276512],[7.713113996117161,8.585326763769116],[7.713113286519161,8.585537367262873],[7.712881902068213,8.585708908734176],[7.712843821905436,8.585593905688603],[7.712652130760426,8.585401805822952],[7.712556737007683,8.585171735487343],[7.712479286197121,8.585324644722672],[7.712287014439249,8.585304856615203],[7.712326385347139,8.585036944360349],[7.712211048205893,8.585017413168305],[7.712135469369822,8.58461509512603],[7.71198172974797,8.584576289636633],[7.711827731898646,8.58461406714361],[7.711789652128991,8.584499064050444],[7.711828894082494,8.584269443401952],[7.711713815493862,8.584173329047085],[7.711675348358759,8.584173200527209],[7.711502375418009,8.584134330617815],[7.711810758099167,8.583943901165972],[7.711907313230972,8.58382934782877],[7.712523819368593,8.583525070923768],[7.712755266990121,8.583334383705694],[7.712755718562545,8.58320036330451],[7.712602624553847,8.582970100428003],[7.712525755019029,8.58295069782727],[7.71237330648633,8.582528977198312],[7.712123981020931,8.582317538892578],[7.712086094890373,8.582145098533118],[7.712259196112342,8.582145676522499]],[[7.712831491538622,8.58354524399333],[7.71273513027654,8.583602360301871],[7.712657550905662,8.583793561183304],[7.712830652913457,8.583794139026345],[7.712927594759424,8.583564710746856],[7.712831943095568,8.583411223589573],[7.712831491538622,8.58354524399333]]],[[[7.711546137426196,8.582564506641436],[7.71183463972464,8.582565470364491],[7.711891630148689,8.582776266505487],[7.712044852714034,8.58296823805891],[7.711967402292049,8.58312114724405],[7.711679222372902,8.583024454740132],[7.711544523240089,8.583043150714111],[7.711448032821838,8.58313855821643],[7.711450099141336,8.582525893827608],[7.711546137426196,8.582564506641436]]],[[[7.710750069455056,8.58478277906742],[7.710769884633149,8.584610531582044],[7.7111551377152,8.584439505752135],[7.711231619850714,8.584573783211683],[7.711019856611093,8.584630513279109],[7.710884704596118,8.584783229224932],[7.710750069455056,8.58478277906742]]],[[[7.71167024675314,8.585685715706743],[7.711785454884009,8.585743538609316],[7.711746470946672,8.585896576164808],[7.711650108916936,8.585953692083912],[7.711630100202916,8.586183376931869],[7.711437634330154,8.586221025620548],[7.711439636825323,8.585627507091244],[7.711613062507121,8.58553235680016],[7.71167024675314,8.585685715706743]]],[[[7.712442491931657,8.590532228486273],[7.712615596979001,8.590532806875936],[7.712711314475554,8.590667148517959],[7.712633603982325,8.590896640639427],[7.712633151956052,8.591030660980783],[7.712536594871892,8.59114521422188],[7.712401957400019,8.59114476431055],[7.712383175596343,8.59101067970635],[7.71226815965679,8.590895419469199],[7.712267836690034,8.590991148270748],[7.712209424373068,8.591201558777444],[7.7120360606213,8.591277563193705],[7.711920721669575,8.59125803164515],[7.711881866124427,8.591372777582833],[7.711747099361317,8.591410618942781],[7.71174761634088,8.5912574528949],[7.711613237384564,8.591180419681749],[7.711555535625728,8.591180226729323],[7.711573993975301,8.591410040104341],[7.711919817070551,8.591526072246442],[7.711977518889967,8.591526265152027],[7.712093568591202,8.591335193352242],[7.712132036454068,8.591335321936745],[7.712266738575139,8.591316626192361],[7.712343286745861,8.59143175788512],[7.712342576210497,8.591642361248274],[7.712476374195552,8.591891706100125],[7.712341801060397,8.591872110369033],[7.712303656131715,8.59177625299898],[7.711976549687623,8.591813451512861],[7.711841912009834,8.591813001371131],[7.711879216743064,8.59215775360199],[7.712052322489034,8.592158332353284],[7.711686036813962,8.59240600526344],[7.711687264827397,8.592042235925211],[7.711610199703554,8.59208027015102],[7.711514029879651,8.592079948524674],[7.711553079543949,8.591907765393357],[7.71155320881679,8.591869473885424],[7.711573347650621,8.591601497649348],[7.711458267201947,8.591505382937251],[7.711361645023475,8.591639081564166],[7.711208032106122,8.591561983870895],[7.711015563431719,8.591599631932374],[7.710958184941625,8.591503710132121],[7.711036025885273,8.591235927021069],[7.7111134141304,8.59110216413497],[7.711248051518724,8.591102614494272],[7.71134480284834,8.590930624371437],[7.711556440443569,8.590912186161798],[7.711633828439265,8.590778423132377],[7.711749231840385,8.590778808987247],[7.711807450459942,8.590625835845218],[7.711942216931447,8.590587994420927],[7.71203838639575,8.590588315885023],[7.712153531371159,8.590665284649306],[7.712327088573478,8.590531842849986],[7.712442491931657,8.590532228486273]]],[[[7.71212822460754,8.59246492167753],[7.712165981865242,8.592675653612552],[7.712146230959932,8.592828755373306],[7.711915229010418,8.5928854209514],[7.711896641263309,8.592693899080611],[7.711897029012656,8.592579024545664],[7.711993586691891,8.59246447155494],[7.71212822460754,8.59246492167753]]],[[[7.711608777696899,8.592501476738889],[7.711723599919032,8.592674174469117],[7.711550493961587,8.592673595535665],[7.711608777696899,8.592501476738889]]],[[[7.713066816069858,8.593616817075807],[7.713046225915858,8.594018813844043],[7.712969289622032,8.594018556774085],[7.713027250155952,8.593942166525851],[7.712738932903696,8.593883765145865],[7.712854724809656,8.593769276236747],[7.712855176904374,8.59363525590267],[7.712989879856453,8.59361656002189],[7.713066816069858,8.593616817075807]]],[[[7.71229008727548,8.59579686211787],[7.712308675142543,8.595988383991036],[7.712135567641658,8.59598780509903],[7.712174746967322,8.595777330446666],[7.71229008727548,8.59579686211787]]],[[[7.712383479075711,8.5966204511953],[7.712537352679457,8.59662096570833],[7.712480490203062,8.59637187793985],[7.712788301839985,8.596353761038563],[7.712710331265833,8.596659835978052],[7.712729177784676,8.59677477482794],[7.712940560293791,8.596832919368941],[7.71303621456718,8.596986406897173],[7.713189959171487,8.597025212693659],[7.713460271616415,8.5967197803143],[7.713594781969452,8.59675852167445],[7.713594459111868,8.596854250497055],[7.713805712742004,8.596950686120522],[7.713978239807793,8.597123576230835],[7.714074798292825,8.597009022821771],[7.714017353802836,8.596932247038117],[7.714075572869636,8.596779273605025],[7.714171550347384,8.596837032072845],[7.714402361050443,8.596837802766991],[7.714632591092165,8.597010885273047],[7.714689132452976,8.59735570179777],[7.714496983506654,8.59729762235465],[7.714420627306091,8.597125053544064],[7.714227833107212,8.597258431678823],[7.71422738130128,8.597392452060319],[7.714477168472202,8.597469870072256],[7.714515249804892,8.597584873134275],[7.714553718334535,8.597585001569653],[7.714514991678722,8.597661456216914],[7.714052659162853,8.597870518116196],[7.713994762657544,8.597927762679637],[7.713783121037711,8.59794620166729],[7.713494606894374,8.597945237690809],[7.713186793911078,8.597963354971379],[7.713168141047383,8.597790978840973],[7.713034147261482,8.59759907121117],[7.713092496045119,8.597407806484709],[7.713092689848359,8.597350369204227],[7.712958437800585,8.597235044609564],[7.712881242417391,8.597311370461304],[7.71245951108344,8.59688874904348],[7.712479003808889,8.596812230334976],[7.712479391571508,8.596697355798108],[7.712383349813647,8.596658742706367],[7.712383479075711,8.5966204511953]]],[[[7.711799469014242,8.598686262239404],[7.71197283638462,8.598610258461049],[7.712049450258194,8.598706244621416],[7.712068167255187,8.598859474979294],[7.711894670430253,8.598973770284836],[7.711779264543996,8.598973384108417],[7.711626101584093,8.598762265929185],[7.711799469014242,8.598686262239404]]],[[[7.711756164558803,8.605808415135401],[7.712006409292421,8.605751815251189],[7.712044360862603,8.605905110009306],[7.711794180758566,8.605942564161953],[7.711755905627553,8.605884998102022],[7.711756164558803,8.605808415135401]]],[[[7.711946375216689,8.606440868775897],[7.712081276947026,8.60636473666709],[7.712350692023269,8.606327346757213],[7.71248565834944,8.606232068741543],[7.712678199279789,8.606175275290656],[7.71275552612553,8.606060658285926],[7.713044046326145,8.60606162371931],[7.713121243714299,8.60598529812449],[7.713275121142225,8.605985812898458],[7.713216899817245,8.606138785885316],[7.713082192347849,8.60615748118452],[7.713062504971323,8.606291437088325],[7.71337038938676,8.606254175151197],[7.71342789951108,8.606311805428831],[7.713292545378415,8.606521958321288],[7.71317687847596,8.606598155234698],[7.712906363601141,8.606961023446702],[7.712867247288424,8.60715235219621],[7.712924692756342,8.607229128304354],[7.71309787009096,8.607210561841793],[7.713096641223802,8.607574331096718],[7.713154216146461,8.607612815684195],[7.713153698733386,8.607765981687338],[7.713191586186004,8.607938422164423],[7.712998850302727,8.608052652994257],[7.712768032937548,8.608051880460478],[7.712690835008774,8.608128205904437],[7.712691287927901,8.607994185678756],[7.712422518799071,8.607840118209527],[7.712307498523765,8.607724857333064],[7.712307822119103,8.607629128613016],[7.712174408596585,8.607264908643947],[7.712174667485863,8.607188325670146],[7.712117351639057,8.60707325798661],[7.712117610533951,8.606996675013775],[7.711946116304349,8.606517451745763],[7.711946375216689,8.606440868775897]]],[[[7.71364391037065,8.576463936193683],[7.713796552184822,8.576828218941863],[7.713507989569361,8.576846403107975],[7.713392912441699,8.576750289485663],[7.713470167393074,8.57665481704128],[7.713336565852407,8.576348035685513],[7.713586790533696,8.576291431810452],[7.71364391037065,8.576463936193683]]],[[[7.714758921028322,8.576620819051893],[7.714835274667178,8.576793387393053],[7.714546712012115,8.576811572347287],[7.714527993767688,8.576658341952081],[7.714758921028322,8.576620819051893]]],[[[7.713988175928084,8.577039463559464],[7.714122486539879,8.577135641124881],[7.71404458761228,8.577422571579447],[7.713890914877641,8.577364621449243],[7.713910792186899,8.577173227686096],[7.713988175928084,8.577039463559464]]],[[[7.713098549409549,8.578491593537054],[7.713136242525946,8.578721471179776],[7.712982440561872,8.578701812190502],[7.713098549409549,8.578491593537054]]],[[[7.713867430288984,8.578628179174064],[7.713963532401261,8.578647645499716],[7.713924163942082,8.578915558274332],[7.713942753077992,8.579107080231434],[7.713769781972481,8.579068211633489],[7.713770232961441,8.578934191149092],[7.713847488352463,8.57883871869083],[7.713790174952742,8.578723651644342],[7.713867430288984,8.578628179174064]]],[[[7.714230286952165,8.57939522857829],[7.714365049180252,8.579357385666063],[7.714499231846221,8.579491854800066],[7.714594561539482,8.57974107047331],[7.714536475072646,8.579855752952481],[7.714210216290508,8.57964405970162],[7.714152258562947,8.57972045053737],[7.713940562740691,8.579758036899463],[7.713902418145081,8.579662179748246],[7.714075647199778,8.579624465186608],[7.714133798161712,8.579490637004962],[7.714076420186284,8.579394715763103],[7.71405789540391,8.579184048017817],[7.714230673391152,8.579280353858522],[7.714230286952165,8.57939522857829]]],[[[7.715016086338024,8.58022112485391],[7.714881774485998,8.580124947421744],[7.714844917208727,8.57964617450991],[7.715191375219748,8.579570744427452],[7.715440958507091,8.579705597583729],[7.715382743577135,8.579858571818436],[7.715190409800789,8.579857931329983],[7.715094049815945,8.57991504842763],[7.715093534870036,8.58006821476759],[7.715227975493887,8.580126100544485],[7.715246693987232,8.580279330945283],[7.71513103612341,8.580355529774145],[7.715016086338024,8.58022112485391]]],[[[7.71537650065926,8.581715713823204],[7.715414452676144,8.581869008282588],[7.715336875047517,8.582060209969256],[7.715335458831617,8.582481417394733],[7.715276985755782,8.582710974688537],[7.715161584631721,8.582710590248583],[7.715182427720015,8.58223200955673],[7.715241029486532,8.58196416068603],[7.715203656921507,8.581638554094708],[7.715376886859797,8.58160083906533],[7.71537650065926,8.581715713823204]]],[[[7.714824566296369,8.585696243482532],[7.714709228722047,8.585676712990571],[7.714709744163696,8.585523546718228],[7.714594599956262,8.585446578850375],[7.714595115429849,8.58529341258313],[7.714691799087009,8.585140566914776],[7.714865352772803,8.585007123434451],[7.715116549294309,8.584663332575648],[7.71527041824458,8.584663845288247],[7.715231500224236,8.584797737637757],[7.715307919571328,8.584951160297],[7.715211107394208,8.585142297741303],[7.715056916206533,8.585237513912045],[7.715056078863531,8.585486409141696],[7.71511339338456,8.585601476166334],[7.714997476064061,8.585754257838099],[7.714824373020188,8.585753680836895],[7.714824566296369,8.585696243482532]]],[[[7.713071206734941,8.592314905099458],[7.713089795089977,8.59250642700134],[7.712992979406262,8.592697563369937],[7.712801478873684,8.592448025822282],[7.712782761508557,8.592294795453409],[7.713071400424858,8.592257467804314],[7.713071206734941,8.592314905099458]]],[[[7.713596525335952,8.596241586023984],[7.713520234279517,8.596049871351882],[7.713712898881621,8.595954785042483],[7.713713415349559,8.595801618911793],[7.713560187653529,8.595609647263757],[7.713599172462272,8.595456609638722],[7.713772215269747,8.595476333604651],[7.713905886140053,8.595763969782794],[7.714078735502044,8.595841130940881],[7.714097453359594,8.595994361321528],[7.714288956271795,8.596243898566621],[7.713942547129793,8.596300179753875],[7.713903626870437,8.596434071647533],[7.713615501260208,8.59631823333889],[7.713596525335952,8.596241586023984]]],[[[7.714377963772558,8.59836940012084],[7.714474457984959,8.598273992417145],[7.714550685292088,8.598484852784619],[7.714530999217175,8.598618808949611],[7.714300187424738,8.598618038174182],[7.714300832916391,8.5984265804927],[7.714377963772558,8.59836940012084]]],[[[7.71459689891182,8.601892992292886],[7.714635884336787,8.601739954644675],[7.71486637532123,8.601836454342308],[7.7150394856632,8.60183703239685],[7.714884770704994,8.602085413573368],[7.714961385966637,8.602181399347574],[7.714941570557365,8.602353647040127],[7.71476833087749,8.602391360442827],[7.714710046322608,8.602563479619509],[7.714594703786808,8.60254394836102],[7.714402358640209,8.60254330579874],[7.714326195517625,8.602313299573355],[7.714230475078299,8.602178957898207],[7.714250419938961,8.601968418757966],[7.714443023055949,8.601892478290212],[7.71459689891182,8.601892992292886]]],[[[7.714217426765268,8.60604640182694],[7.714064066198111,8.605892721354508],[7.714160756496091,8.605739876777497],[7.714603154023568,8.605741355349645],[7.714679188525959,8.606009653132704],[7.714794532092814,8.606029184517112],[7.714755416865269,8.606220513621071],[7.714524600450059,8.60621974230431],[7.714409450658735,8.606142773548545],[7.714217103710039,8.606142130626973],[7.714217426765268,8.60604640182694]]],[[[7.713774317980142,8.606255526081934],[7.713813627584582,8.606006759879952],[7.713910124134879,8.605911352659499],[7.713986481259646,8.60608392171947],[7.714004940479265,8.60631373512668],[7.713870039052897,8.606389867969748],[7.713774317980142,8.606255526081934]]],[[[7.714753866783066,8.606680011950068],[7.714831322358336,8.606527102925762],[7.715119972286002,8.606489775321391],[7.715100091863412,8.606681168728338],[7.715022184310367,8.606968098173796],[7.714906646695114,8.607006004108166],[7.714829966072151,8.606929163969882],[7.714753866783066,8.606680011950068]]],[[[7.713560861555549,8.606810045388455],[7.713695892472867,8.6066956211755],[7.713752756309206,8.606944708977718],[7.713637153984544,8.607001760267897],[7.71352206885119,8.606905645487082],[7.713560861555549,8.606810045388455]]],[[[7.714134995234858,8.607673534119183],[7.714211417327704,8.607826957427728],[7.714018746370947,8.607922043066017],[7.71394206579632,8.607845202753424],[7.713942388985547,8.60774947397223],[7.713865643817359,8.607691779406876],[7.713905341470284,8.607328138688418],[7.714059284116403,8.607309507470802],[7.714135189115831,8.607616096845645],[7.714134995234858,8.607673534119183]]],[[[7.714959765336575,8.608365546157785],[7.714786458234752,8.608422404918194],[7.714690736400279,8.608288063149898],[7.714806791213513,8.608096991243988],[7.71488385958916,8.60805895683801],[7.715249385313073,8.608041032177315],[7.715229633910733,8.608194134042526],[7.71509460277637,8.60830855877514],[7.714960217470199,8.608231525813828],[7.714959765336575,8.608365546157785]]],[[[7.714973121834771,8.610107874831286],[7.715396806326793,8.609956122826466],[7.715396289672537,8.61010928894641],[7.714953434698883,8.610241830872845],[7.714973121834771,8.610107874831286]]],[[[7.714644254510363,8.610662008797464],[7.714547627476168,8.610795707545266],[7.714431054415984,8.611139945260568],[7.714354243909745,8.611101396447575],[7.71433565538964,8.610909874560035],[7.714123747841453,8.61100489568416],[7.714182228451443,8.610775339633136],[7.714317066874096,8.610718352672485],[7.714317390078569,8.6106226238914],[7.714509997819279,8.610546684063827],[7.714548855424317,8.610431938142957],[7.714664329527921,8.61041317823954],[7.714644513006733,8.610585425762538],[7.714644254510363,8.610662008797464]]],[[[7.715922686064434,8.573714498268336],[7.716018272960151,8.573887130365014],[7.71578760455051,8.57384807107038],[7.715922686064434,8.573714498268336]]],[[[7.716088905957313,8.57576367513324],[7.716126986604594,8.575878677914904],[7.715896188409557,8.575877910115933],[7.715800472608536,8.575743569545267],[7.715800987007887,8.57559040312842],[7.716204819265305,8.575610892546244],[7.716262133117845,8.575725959290361],[7.716396765361582,8.575726407054358],[7.716531076291771,8.575822583808948],[7.716607302152568,8.576033443516318],[7.716529983773086,8.576148062532903],[7.716280723524568,8.575917481315253],[7.716185071847879,8.575763995014002],[7.716088905957313,8.57576367513324]]],[[[7.71547183637368,8.576240272311898],[7.715586656717789,8.576412968570153],[7.715336239069042,8.576527011167162],[7.715336689373427,8.57639299058242],[7.71547183637368,8.576240272311898]]],[[[7.716508693919502,8.576760664386473],[7.716624414641791,8.576665319122895],[7.716893679836358,8.576666214448544],[7.717008500985116,8.576838910393278],[7.716912142032874,8.576896028105773],[7.716930539976691,8.577144987571895],[7.716757055118221,8.577259286858393],[7.716468684821523,8.57722003579463],[7.71643053971332,8.577124178825098],[7.716430732551069,8.577066741408773],[7.716315847352203,8.576913191127161],[7.71614274822277,8.576912615306645],[7.716046967824798,8.576797420556122],[7.716354828075772,8.57676015263575],[7.716508501100447,8.576818101805465],[7.716508693919502,8.576760664386473]]],[[[7.716180314615465,8.577180784523943],[7.716334180617881,8.577181296369133],[7.716333602049259,8.577353608610004],[7.716217945325994,8.577429807938218],[7.716180314615465,8.577180784523943]]],[[[7.715544845555113,8.577408422097331],[7.715794813586627,8.577428400048529],[7.715832572667762,8.57763913186318],[7.715774294006031,8.577811252042114],[7.715658765691668,8.577849159566375],[7.715544845555113,8.577408422097331]]],[[[7.716096179500304,8.579324858380158],[7.715826397901613,8.579477128611526],[7.715826848191366,8.579343108021348],[7.715942505610943,8.57926690891441],[7.716096179500304,8.579324858380158]]],[[[7.716073665939827,8.580301230178861],[7.716074759384065,8.579975751583236],[7.716266771738038,8.580072120646133],[7.716306074523653,8.579823353225567],[7.716440836811199,8.579785509580802],[7.716499179915696,8.579594243514933],[7.71659534678523,8.579594563435196],[7.716672665997803,8.579479944525081],[7.716788066215061,8.579480328369563],[7.716690356500849,8.57993950781714],[7.716439936607801,8.580053550818867],[7.716439679401472,8.580130134029046],[7.716169832971117,8.580301550231331],[7.715957557897968,8.58051144986888],[7.715919091067097,8.580511321826496],[7.715552304838493,8.580912166932826],[7.715437740887253,8.580662887329275],[7.715553077055124,8.580682417390923],[7.715611227748741,8.580548588941147],[7.71572649955854,8.580587264743937],[7.715784650175856,8.580453436256306],[7.715996732317475,8.580300974119632],[7.716073665939827,8.580301230178861]]],[[[7.716063629971746,8.583287974676411],[7.715949000833219,8.583057840896675],[7.715737818015123,8.582942261637845],[7.715738075447679,8.582865678459966],[7.715873353681696,8.582674668820506],[7.715969521302626,8.582674989010746],[7.716046069353721,8.582790119927466],[7.716257059215805,8.582963136414737],[7.716487475792585,8.583078779427112],[7.716602362554248,8.583232329892637],[7.71650542289268,8.583461759437379],[7.716236152952212,8.58346086313691],[7.716063629971746,8.583287974676411]]],[[[7.71527460360245,8.58341936894907],[7.715121507858203,8.583189106838804],[7.715275311831503,8.58320876525277],[7.715447641242664,8.583439091384342],[7.71527460360245,8.58341936894907]]],[[[7.715503925659374,8.583860491005408],[7.715427055718666,8.58384108893597],[7.715485400228931,8.583649823228363],[7.715600801651376,8.583650207613164],[7.71560035105289,8.583784228161566],[7.715715173221538,8.583956924658034],[7.715541813438078,8.584032931266432],[7.715503925659374,8.583860491005408]]],[[[7.71570860698274,8.585909795468941],[7.715478704270372,8.585640985473216],[7.715498453063834,8.585487883234604],[7.715632895555791,8.585545769144167],[7.715651807307797,8.585641562173171],[7.715863248957568,8.585680558508558],[7.715958001198883,8.58610208626243],[7.715823429701632,8.586082492015827],[7.715747074353901,8.585909923612244],[7.71570860698274,8.585909795468941]]],[[[7.715797306600174,8.588131027560756],[7.715663120826274,8.587996558423301],[7.715663571627168,8.587862537900794],[7.71541411215838,8.587689392573857],[7.715434054430399,8.58747885301091],[7.715818922873573,8.587422697405838],[7.715818343371303,8.587595009520495],[7.716067223593319,8.587940466732897],[7.716047410368614,8.588112714788249],[7.715797306600174,8.588131027560756]]],[[[7.7153742274971,8.588110471680242],[7.715547009608146,8.5882067775308],[7.715661897187054,8.58836032840816],[7.715507833489687,8.58841725299472],[7.715296261586646,8.588416547823586],[7.715277607580965,8.588244171640765],[7.7153742274971,8.588110471680242]]],[[[7.715504419463703,8.589431979692923],[7.714985105263613,8.589430248403625],[7.714927919275369,8.589276889739216],[7.71542780613488,8.58933599432119],[7.715485700961708,8.589278749294161],[7.715774273184428,8.589260565027917],[7.71590968293552,8.58903126418845],[7.716121190844633,8.589051114864235],[7.716216716263967,8.589242893147608],[7.716235499447646,8.589376977762198],[7.715966096573482,8.589414372239904],[7.715965838987296,8.589490955398713],[7.716485089099627,8.589511831172322],[7.716465340246779,8.58966493345798],[7.716561509650067,8.589665253759224],[7.716484123518395,8.589799018073476],[7.71602244587248,8.589816626082113],[7.716022703457223,8.589740042922886],[7.71588851711065,8.589605573780048],[7.715542307422075,8.589604419986763],[7.715504226204437,8.589489417051563],[7.715504419463703,8.589431979692923]]],[[[7.715676171560362,8.589834618168158],[7.715502615658399,8.5899680617001],[7.715290978462109,8.589986502183871],[7.71531072781295,8.589833400032575],[7.715676171560362,8.589834618168158]]],[[[7.715283266132603,8.597989502414254],[7.715340840019906,8.598027986512797],[7.715339808109952,8.598334318934109],[7.715109512468487,8.598180382472691],[7.715052390145123,8.598007877920042],[7.715283524114519,8.59791291930973],[7.715283266132603,8.597989502414254]]],[[[7.715269137984005,8.6021824269112],[7.715289082279248,8.60197188763291],[7.715500532667461,8.602010885459634],[7.715846818106393,8.601992895167347],[7.715884771127888,8.602146189747614],[7.71574961355916,8.602298906639323],[7.715730379047439,8.60229884244695],[7.715692168055517,8.602222130959577],[7.715480653000203,8.60220227899193],[7.715404166630836,8.602068001755553],[7.715269525151791,8.602067552279896],[7.715269137984005,8.6021824269112]]],[[[7.716266043721536,8.603162199516515],[7.716342595065456,8.60327733087205],[7.715938669219606,8.603275983100756],[7.715939314243265,8.603084525341895],[7.716131724271291,8.603066021398662],[7.716266043721536,8.603162199516515]]],[[[7.716335372054209,8.60542165797898],[7.716566317126186,8.605384136581641],[7.716603367752586,8.60580547205456],[7.71643006200807,8.605862331770012],[7.716315363364039,8.605651343109418],[7.716335372054209,8.60542165797898]]],[[[7.715833012132478,8.606090090864203],[7.715967655062332,8.606090540351156],[7.715947775109774,8.606281933871328],[7.71577459815284,8.606300501700744],[7.715659448031465,8.606223533278982],[7.715833012132478,8.606090090864203]]],[[[7.716349833428114,8.606838509593599],[7.716445684631627,8.606934559439138],[7.716214674078344,8.606991226395731],[7.716215254729962,8.606818914427311],[7.716349833428114,8.606838509593599]]],[[[7.716322856347138,8.609135938282042],[7.716553868242259,8.609079271454892],[7.716533730125119,8.609347248093908],[7.716245142505564,8.609365430685067],[7.716322856347138,8.609135938282042]]],[[[7.716630033523275,8.60930927755615],[7.716707295563868,8.609213805469276],[7.716841875140984,8.60923340058867],[7.716840714061914,8.609578024565764],[7.716763516473662,8.60965435089611],[7.716609830905642,8.609596399976693],[7.716630033523275,8.60930927755615]]],[[[7.71605208380094,8.609575391918279],[7.716206091931544,8.609537614189389],[7.715993475467426,8.60984323999953],[7.715897688325388,8.609728044195709],[7.71605208380094,8.609575391918279]]],[[[7.71497454307874,8.609686668068626],[7.714859198414596,8.609667136577938],[7.714802075258517,8.609494631852098],[7.71486016748794,8.609379950156203],[7.71505277449526,8.609304009943747],[7.715187353932706,8.60932360563452],[7.715186901820771,8.609457625982879],[7.715571728364728,8.609420619717344],[7.715551266651619,8.609784325028599],[7.715397452131201,8.60976466517478],[7.715243120932643,8.609898171374097],[7.715225048626888,8.609553483348137],[7.715148109132117,8.609553226253118],[7.71497454307874,8.609686668068626]]],[[[7.716031041564377,8.61011140924638],[7.716108239383949,8.610035083100003],[7.716261860474346,8.610112180004903],[7.716261215077985,8.610303637718301],[7.716049308213144,8.610398660027005],[7.71599211987754,8.610245301158544],[7.716031041564377,8.61011140924638]]],[[[7.718269686950545,8.556318543729484],[7.718326807359244,8.556491047465359],[7.718211157867008,8.556567248456957],[7.718057620243106,8.556471009388531],[7.717864785604798,8.556623538654325],[7.717864657500686,8.556661830327235],[7.71788344137004,8.556795914931238],[7.717998898850215,8.55677715157038],[7.718017426580163,8.556987819524048],[7.718402007564967,8.55700824004711],[7.718439959858072,8.557161534217462],[7.718285589490019,8.557314191107347],[7.718285461417453,8.557352482785223],[7.718131283043988,8.557447702078647],[7.717867843756624,8.55740853677713],[7.717900955706023,8.55730946779515],[7.717824463522131,8.557178640396444],[7.717824684277772,8.557112660208],[7.7179954,8.5573626],[7.7180654,8.5573159],[7.7178831,8.557049],[7.717824767064811,8.557087916402853],[7.717824911925463,8.557044619546607],[7.717671548862111,8.556896195881551],[7.7177622,8.5570438],[7.7178375,8.5569986],[7.717633587371755,8.556745748687703],[7.71763412698544,8.556584481932827],[7.7177690778738,8.55648769787983],[7.717788374811916,8.556468418151223],[7.718193270342732,8.556165122102396],[7.718269815008982,8.556280252049799],[7.718269686950545,8.556318543729484]],[[7.7176799,8.5566137],[7.7177304,8.5566895],[7.717994,8.5565177],[7.7179434,8.5564419],[7.7176799,8.5566137]]],[[[7.718185066488324,8.575847226384886],[7.718186606811686,8.575387726702006],[7.718321431552455,8.575330736313147],[7.718533638061341,8.575139980529375],[7.718687631687562,8.575102199667047],[7.718725648968209,8.575236348125886],[7.718860217026454,8.575255940830957],[7.718898170234654,8.575409235108587],[7.718801555293076,8.575542936691054],[7.718532034037339,8.575618626103537],[7.718454267103587,8.575867266359115],[7.718242766082398,8.57584741800476],[7.718185066488324,8.575847226384886]]],[[[7.717299954186867,8.575959162013097],[7.717088324794003,8.575977604650458],[7.717031331845269,8.575766808932233],[7.71724302534629,8.575729220496278],[7.717281684394195,8.575671910896249],[7.717647243296717,8.575634833541692],[7.717646601216934,8.575826291701212],[7.71766551336903,8.575922084681885],[7.717434586567676,8.575959609427212],[7.717299954186867,8.575959162013097]]],[[[7.71700683047732,8.577336701447951],[7.717026513496455,8.577202744723632],[7.717257119877049,8.577260949398969],[7.717296614177295,8.576954744268718],[7.717392587722388,8.577012501331051],[7.717391303083553,8.577395417582535],[7.717237565412934,8.57735661452362],[7.717235959345645,8.577835259799064],[7.717216147839456,8.578007508156754],[7.717177681241489,8.578007380276881],[7.717178323721828,8.577815922174256],[7.717043690701013,8.577815474574667],[7.717005673913005,8.57768132601657],[7.716871297994139,8.577604295130849],[7.716891173863939,8.577412900998565],[7.71700650921429,8.577432430495422],[7.71700683047732,8.577336701447951]]],[[[7.717352001472342,8.577644185284711],[7.717409958255073,8.577567793819718],[7.717602291047301,8.577568433032493],[7.717699420722757,8.577281565382954],[7.717891432353488,8.57737793351138],[7.717891111310361,8.57747366259195],[7.718044528121466,8.577608194492536],[7.718025038021842,8.577684713864928],[7.717774170451372,8.577932778725474],[7.717754551833355,8.578047589701544],[7.717754359172098,8.578105027144867],[7.717676783688488,8.578296229623051],[7.717426365144581,8.578410273476264],[7.717445341510753,8.578486920654246],[7.717291089432642,8.57860128403773],[7.717137351311176,8.57856248087142],[7.717061060587787,8.578370766987415],[7.717138379372408,8.578256147919927],[7.717349881560852,8.57827599706478],[7.71748477170069,8.578199861332395],[7.717485157107189,8.578084986458322],[7.717581837462871,8.57793213957142],[7.717505289659861,8.577817009006393],[7.717351744522001,8.577720768531908],[7.717352001472342,8.577644185284711]]],[[[7.717732235741293,8.578966524853827],[7.717866804982275,8.578986118087174],[7.71788558878679,8.579120202701715],[7.717635298178717,8.57919595499074],[7.717635747819335,8.579061934303219],[7.717732235741293,8.578966524853827]]],[[[7.718096064145916,8.579446384564926],[7.718231532474974,8.579197936263432],[7.718346932677843,8.579198319629208],[7.718423159990776,8.579409179188099],[7.718268971939677,8.579504397128733],[7.718229927302311,8.579676581680381],[7.718037529183583,8.579695088439578],[7.71801868110776,8.579580149639288],[7.718096064145916,8.579446384564926]]],[[[7.717158721378886,8.583655393430124],[7.716965421006035,8.58394194058871],[7.71675468754451,8.583692341165769],[7.716928368520607,8.583520604938501],[7.717043319884109,8.583655009511236],[7.717158721378886,8.583655393430124]]],[[[7.718657592697241,8.58406244336087],[7.718522315116402,8.584253454096325],[7.718291447406664,8.584271832799379],[7.718139570057024,8.583677801159048],[7.718274911798217,8.583467644737517],[7.718467247624641,8.58346828395514],[7.718487316116782,8.583219452280037],[7.71858341975566,8.583238917654283],[7.718756008235846,8.583392659335127],[7.718794475399664,8.583392787137232],[7.718986105028895,8.583604030092001],[7.719159078997795,8.583642896721086],[7.719178055828604,8.58371954388278],[7.718889294997409,8.583795168793682],[7.718869483516695,8.58396741724864],[7.718754146065078,8.58394788801166],[7.718657721138239,8.584024151730206],[7.718657592697241,8.58406244336087]]],[[[7.716550706865545,8.587157090541563],[7.716531794862786,8.587061297519817],[7.716705284660847,8.586946999055396],[7.717051620744519,8.586909859849477],[7.717242736235058,8.587274270163311],[7.716992246989717,8.5874074585987],[7.716646103490414,8.587387160292636],[7.716550706865545,8.587157090541563]]],[[[7.717924221933992,8.590531360620519],[7.717732139855276,8.590454137402164],[7.717540508135013,8.590242893494143],[7.71748332099024,8.590089535046632],[7.717349198279872,8.58993592052169],[7.717484157206591,8.589840639638451],[7.717580069417299,8.589917542897743],[7.717772665676009,8.589841599727086],[7.717733554762364,8.590032929753136],[7.717886718674766,8.5902440455775],[7.717924800686905,8.590359048389278],[7.717924221933992,8.590531360620519]]],[[[7.717095875877826,8.590911523834148],[7.717288086680886,8.590950455786574],[7.717383484386623,8.591180525515492],[7.717267823229033,8.591256724521063],[7.716999320002904,8.59102607839608],[7.717095875877826,8.590911523834148]]],[[[7.717205166102736,8.592730758747182],[7.717339418270715,8.592846081842932],[7.717339096501496,8.592941810826122],[7.717012117638915,8.592940721951807],[7.716993398557345,8.592787491539248],[7.717205166102736,8.592730758747182]]],[[[7.717819304539584,8.593134869609129],[7.717723069878123,8.593153695292779],[7.717512910767457,8.592731783398708],[7.717724485246538,8.592732487704115],[7.717781672732369,8.592885846167697],[7.717897334352254,8.592809647071473],[7.718070376487767,8.592829368964669],[7.718108265753044,8.59300180919629],[7.718031007909275,8.593097282175808],[7.717819304539584,8.593134869609129]]],[[[7.717778906336567,8.593709115548727],[7.717952141846911,8.59367140015182],[7.717932200114904,8.593881939935809],[7.717989001810639,8.594150173199212],[7.717757935036838,8.594225988087047],[7.717701133505248,8.593957754812754],[7.717778327288694,8.593881427740206],[7.717778906336567,8.593709115548727]]],[[[7.71812035991949,8.595127057154848],[7.718236022232649,8.595050858055227],[7.718275198110574,8.594840382263353],[7.718198969064578,8.594629522399297],[7.718314888468821,8.594476740040232],[7.718411187778305,8.594438768451418],[7.718392532451723,8.594266392222064],[7.718642640410568,8.594248078341952],[7.718814526027827,8.594612424511904],[7.71896846349655,8.594593790529618],[7.718910182457217,8.59476591086314],[7.718563967676547,8.594764759098025],[7.718409515621143,8.5949365593274],[7.718466960851432,8.595013334549048],[7.718216273453217,8.595203960448893],[7.71812035991949,8.595127057154848]]],[[[7.717367008830206,8.596081849337175],[7.71731001436577,8.595871053410615],[7.71750222763063,8.595909985616228],[7.71752075378065,8.596120653416861],[7.717636159064979,8.596121037745807],[7.717693475542987,8.596236104673617],[7.717500811485603,8.596331193098774],[7.717367008830206,8.596081849337175]]],[[[7.716802419755137,8.603814952560212],[7.716898205981624,8.603930147995223],[7.717071381863962,8.603911579491603],[7.717244751066787,8.603835573552391],[7.717244171084864,8.604007885617264],[7.71710920657195,8.604103165604053],[7.716897625836568,8.604102460035763],[7.716840115394485,8.604044830242497],[7.716802419755137,8.603814952560212]]],[[[7.719426815400768,8.607021080752144],[7.719272357899522,8.607192880551347],[7.719271778604849,8.607365192723545],[7.719098601088267,8.607383762000698],[7.718944980275095,8.607306666295866],[7.71882931399033,8.60738286503756],[7.718731980918815,8.60772716891435],[7.718654784083625,8.607803495742061],[7.718539697249285,8.607707382245957],[7.718385689979114,8.60774516105556],[7.718212834415878,8.607668000959084],[7.718232455742418,8.6075531903345],[7.718097876602843,8.607533595776726],[7.71809845643992,8.607361283685508],[7.71823348644974,8.607246857710907],[7.71842589866846,8.6072283529154],[7.718446035136189,8.606960375937186],[7.718599848882997,8.606980034431144],[7.718601651957036,8.606443952243248],[7.718448804420713,8.606137106905548],[7.718449190810654,8.606022232154084],[7.718295892698925,8.605849407329366],[7.718469262678131,8.605773400938952],[7.718661416605987,8.60583147908865],[7.718718412522375,8.606042275036618],[7.71889133190873,8.606100289023958],[7.718986668706457,8.60634950467229],[7.719159588284059,8.606407518564474],[7.719332186138345,8.606561261377053],[7.719447787719742,8.606504208228717],[7.719659241318806,8.606543204190942],[7.719756122787704,8.606332920502867],[7.719851846206069,8.606467261213012],[7.719697324792912,8.606658207049371],[7.719677575298901,8.60681130942613],[7.719619870991895,8.606811117335134],[7.719504140625824,8.606906462122561],[7.719465284956905,8.607021208836176],[7.719426815400768,8.607021080752144]]],[[[7.717093734139922,8.608698153151726],[7.717209659051769,8.608545371926207],[7.717229925524844,8.608239103603879],[7.717577183677974,8.60793392582749],[7.717500695656006,8.607799648769966],[7.717847051011098,8.607762511653627],[7.717924441284721,8.607628747651232],[7.718078384096069,8.607610114813594],[7.718000865009444,8.607782170429312],[7.717750554763118,8.607857919929053],[7.71788474733444,8.607992389337197],[7.717845697709855,8.608164573149244],[7.717634179113189,8.608144721871987],[7.717460807873533,8.608220727694325],[7.717671681943577,8.60843203690998],[7.71763256769278,8.608623366459105],[7.717459325156494,8.608661080683161],[7.717246839150443,8.608928415859078],[7.717112324123924,8.60888967511485],[7.717035771647653,8.608774543745826],[7.717093734139922,8.608698153151726]]],[[[7.716956510386312,8.609463535032116],[7.717168029614991,8.609483386783031],[7.717109938008732,8.609598068926688],[7.71714782737025,8.609770509287388],[7.716936630496306,8.609654928617807],[7.716956510386312,8.609463535032116]]],[[[7.717971705490405,8.610730557230118],[7.718068524784059,8.610539420088617],[7.718107768056948,8.610309798940166],[7.718031279478783,8.610175521907115],[7.718473811687032,8.610138705206198],[7.718492209052447,8.61038766456448],[7.718587803936124,8.610560297222692],[7.718587546233418,8.61063688037656],[7.718241188195783,8.610674017782676],[7.718087115218426,8.610730942071699],[7.717971705490405,8.610730557230118]]],[[[7.718424569023073,8.556012720050465],[7.718887165866397,8.55570791544678],[7.719212961523162,8.556053623308268],[7.718846653541689,8.556320455085949],[7.718538361860428,8.556491748378706],[7.718442200721298,8.556491429796065],[7.718519833823768,8.556281080406098],[7.718501241774412,8.556089558275168],[7.718424376964478,8.556070157574247],[7.718424569023073,8.556012720050465]]],[[[7.718802556304374,8.558005161874684],[7.718648249693747,8.558138673033222],[7.718532919856375,8.558119144850947],[7.718591128997824,8.557966169301645],[7.718783580063189,8.55792851479378],[7.718802556304374,8.558005161874684]]],[[[7.719339845122866,8.55837071651575],[7.719474279471301,8.558428599850002],[7.719512424218207,8.558524456447113],[7.719473383663796,8.558696641703298],[7.719242595523643,8.558695877427262],[7.719243107509406,8.55854271066829],[7.719185684684503,8.55846049670908],[7.719185853374626,8.558410032158513],[7.719185986499312,8.558370206979815],[7.719339845122866,8.55837071651575]]],[[[7.719723724045248,8.558601740271403],[7.719838478415681,8.55879358077165],[7.719838350475815,8.55883187246997],[7.719665195304014,8.55885044527802],[7.719530568822154,8.558849999525878],[7.719530952733059,8.558735124444686],[7.719685259359482,8.55860161292792],[7.719723724045248,8.558601740271403]]],[[[7.719585514490928,8.559673461981662],[7.719758734019539,8.559635743417617],[7.719912273321598,8.559731982044704],[7.719738925788351,8.559807992368091],[7.719604362955278,8.559788400745711],[7.719585514490928,8.559673461981662]]],[[[7.719755662800998,8.560554744087089],[7.719640908078915,8.560362903507757],[7.719622443547761,8.560133089666005],[7.719776046972111,8.560210182521807],[7.719870801524195,8.560631709562129],[7.719948115176451,8.560517089178852],[7.719871441337895,8.560440251085113],[7.719949394694352,8.560134172208995],[7.720160951341469,8.560134872530764],[7.720276090050312,8.56021183788011],[7.720159927900959,8.560441206132692],[7.720159672034895,8.5605177895324],[7.720313275741886,8.56059488221179],[7.720351356887757,8.560709884629407],[7.720350205607296,8.561054509946757],[7.720311164990297,8.561226695283105],[7.720253467553295,8.561226504295979],[7.72011864828214,8.561283496172441],[7.72004171836084,8.561283241481048],[7.719965172333372,8.561168111688003],[7.719908306696992,8.56091902463335],[7.719755406850682,8.560631327474198],[7.719755662800998,8.560554744087089]]],[[[7.718449138158306,8.560167494647477],[7.718583829088708,8.560148795005777],[7.718602485118648,8.560321171290353],[7.718717303304132,8.560493866260984],[7.718582612249469,8.560512565931969],[7.71846760197562,8.560397308441548],[7.718448946008743,8.560224932159507],[7.718449138158306,8.560167494647477]]],[[[7.720310205504341,8.561513883035811],[7.720311101025606,8.561245841133422],[7.720388542630165,8.56109292896242],[7.720696326162911,8.56107480148437],[7.720716006236652,8.560940844149489],[7.720773703641103,8.560941035061274],[7.72092788304923,8.560845814840878],[7.721024620703813,8.560673820260927],[7.721120782989923,8.560674138355866],[7.721560701327514,8.561403143961044],[7.721694881532589,8.561537610161592],[7.722154162114279,8.562228387238772],[7.722326233048848,8.562535293218946],[7.722326041426725,8.56259273081134],[7.722210646051384,8.562592349369421],[7.722168984534815,8.562726234166197],[7.722229165121568,8.562806258324615],[7.722055955006407,8.562840736932076],[7.721960558863846,8.562610668655172],[7.721806251073295,8.562744180932622],[7.721806442776804,8.562686743352376],[7.721767082994798,8.56295465819142],[7.721632071487011,8.56306908811008],[7.721477507706553,8.563279183637727],[7.721439042524701,8.563279056399702],[7.721304286531539,8.563316902747962],[7.721303966875576,8.563412632026317],[7.721111065441758,8.563584308388585],[7.72095586163064,8.563985862155256],[7.720955733723724,8.564024153860103],[7.720878163644793,8.564215357771708],[7.720627947506006,8.564271967727956],[7.720627691617333,8.56434855112659],[7.720608267058094,8.564405925006227],[7.72037760334607,8.564366869206607],[7.720300672797659,8.564366614475748],[7.720050520528534,8.564404078185268],[7.720070585163016,8.564155245890651],[7.719916724172131,8.564154736303916],[7.719608874174723,8.564192008631078],[7.719569896731559,8.564345047927663],[7.71956964062908,8.564421631294206],[7.719492261882102,8.564555397287583],[7.719376866043669,8.564555014912898],[7.719319616398968,8.564420802835086],[7.719511942727595,8.56442144012568],[7.719493542468411,8.56417248046604],[7.719320448885757,8.56417190691711],[7.71907074508616,8.564075349130073],[7.719071513654236,8.563845599070412],[7.719437957538902,8.563540476533461],[7.71966958078838,8.563292345158665],[7.719669708812787,8.5632540534717],[7.719843570034549,8.563024876664223],[7.71994062880725,8.562757153297099],[7.72007570459624,8.562623578178563],[7.720134425966196,8.562317435658889],[7.720250780787439,8.562030629974366],[7.720462530395656,8.56197389273306],[7.720462914169293,8.561859017628363],[7.720675495012683,8.561553384167789],[7.72061779751823,8.561553193227798],[7.720540547747791,8.56164866788616],[7.720309821700612,8.561628758135672],[7.720310205504341,8.561513883035811]],[[7.7205885,8.563571],[7.7205102,8.563611],[7.7206077,8.5637972],[7.720686,8.5637571],[7.7205885,8.563571]]],[[[7.719903955549473,8.5622209422255],[7.719654124737482,8.562162676660469],[7.719654572765728,8.562028655748747],[7.720117112847332,8.56174299653862],[7.720289949506927,8.561820152967995],[7.720193467087733,8.561915563868215],[7.720193019254031,8.562049584809069],[7.720115705290335,8.562164205197803],[7.720115577327046,8.562202496893624],[7.720095896917473,8.56233645414904],[7.719980309750914,8.562393509592953],[7.719903763571275,8.562278379764265],[7.719903955549473,8.5622209422255]]],[[[7.718708720783338,8.563059408521994],[7.718843476804435,8.563021563102838],[7.718863157713551,8.562887605985429],[7.719035994519717,8.562964763010028],[7.719035610267814,8.563079638043822],[7.718919830602893,8.563194130626087],[7.718708272369383,8.5631934293768],[7.718708720783338,8.563059408521994]]],[[[7.719318527724532,8.564746282107498],[7.719395266207616,8.564803974564853],[7.719394625824832,8.564995432962968],[7.719380921944433,8.565014533601804],[7.719383902610483,8.56509112768663],[7.719375012371167,8.565109212732203],[7.719393416700635,8.56535691867677],[7.719162680962921,8.565339293162372],[7.719163257435953,8.565166980622907],[7.719182490104441,8.56516704436956],[7.719183707045302,8.56480327344501],[7.719318271559604,8.564822865464894],[7.719318527724532,8.564746282107498]]],[[[7.719565112373791,8.577268614271523],[7.719449135527583,8.577440543806663],[7.719353289767849,8.577344495541421],[7.719526966440517,8.577172757493585],[7.719622812213614,8.577268805716598],[7.719565112373791,8.577268614271523]]],[[[7.7185409994274,8.578682021369085],[7.718618510430928,8.57850996448933],[7.718714548756289,8.578548575483788],[7.718675568653651,8.578701614311917],[7.718560168585814,8.578701231066436],[7.718520674890815,8.579007436421321],[7.718424636483741,8.578968825365425],[7.718464001866702,8.578700911668852],[7.7185409994274,8.578682021369085]]],[[[7.719827902422661,8.579203236428183],[7.719713271711464,8.578973103567039],[7.719752443835225,8.578762627092928],[7.71961781034484,8.578762180342391],[7.719560559222533,8.578627968071617],[7.719445094996801,8.578646730920646],[7.719310846441759,8.578531409115026],[7.719330528794322,8.57839745217162],[7.719484587884949,8.578340525351342],[7.719733979986764,8.57853281332916],[7.720001836341509,8.578954914953648],[7.720231611099498,8.579262013883175],[7.720096400392969,8.579433879751203],[7.719942853860321,8.579337640124834],[7.719807578878544,8.579528651696453],[7.719827902422661,8.579203236428183]]],[[[7.720159290405616,8.583627071553385],[7.719928423012672,8.583645451304491],[7.719756154688191,8.583395980943603],[7.719257365093836,8.583011404050039],[7.719122986889214,8.582934373627632],[7.719161774944769,8.582838772285038],[7.719334299360453,8.583011659539146],[7.719756539648764,8.583281105997871],[7.720005614025827,8.583569123374886],[7.720159482831227,8.583569634072203],[7.720159290405616,8.583627071553385]]],[[[7.719615267423102,8.590996488156346],[7.71963424449594,8.59107313533414],[7.719421964178275,8.591283036166297],[7.719403501040759,8.59105322247224],[7.719615267423102,8.590996488156346]]],[[[7.718632535343165,8.591529309852934],[7.718959705990915,8.591472959744205],[7.719248215861215,8.591473918909085],[7.719556280917229,8.591379212706464],[7.719690597727239,8.591475389209243],[7.719844598133581,8.591437608865185],[7.719902621188939,8.59134207149509],[7.720114195096343,8.591342774375454],[7.720326025789595,8.591266893857002],[7.720402576621892,8.591382024303952],[7.720420398452201,8.59180329624666],[7.720458609730808,8.591880007291413],[7.720303260979793,8.592319850076702],[7.720110920556622,8.592319211121639],[7.720053218432565,8.592319019416408],[7.720033470672329,8.592472122051952],[7.720340894468295,8.592568873511825],[7.720667937624235,8.592550813692474],[7.720706149008911,8.592627524728016],[7.720705635540747,8.592780691305169],[7.720878742170623,8.592781266132485],[7.720916632744665,8.592953706273438],[7.71951254532703,8.59294904158854],[7.719722835370423,8.593332661100135],[7.719568834166497,8.59337044127809],[7.719569348126664,8.593217274773945],[7.719453943632875,8.593216891152863],[7.719454843121308,8.592948849779752],[7.719129149241652,8.592564846495353],[7.719397976167724,8.592699762403798],[7.719705978006113,8.592624202041513],[7.719840873291063,8.592548066214338],[7.719860813805629,8.592337526152761],[7.719784841032495,8.592050083257481],[7.71978522637839,8.591935208361894],[7.719669693802856,8.591973116492452],[7.719439078287799,8.591914911945919],[7.719303861942063,8.592086776717183],[7.718976819293825,8.592104835427387],[7.718765630713728,8.591989257011386],[7.718632213948283,8.591625038891312],[7.718555599381927,8.591529053972183],[7.718632535343165,8.591529309852934]]],[[[7.721842096204133,8.563529288383911],[7.72168823535782,8.56352877953922],[7.721688746658948,8.563375612671463],[7.721919601740166,8.563357230041404],[7.721842096204133,8.563529288383911]]],[[[7.721937364612993,8.563797648422593],[7.721975318642547,8.56395094250033],[7.721898068598017,8.56404641739724],[7.721744207540574,8.564045908544346],[7.721666765665091,8.564198820956111],[7.721551497685661,8.564160147532943],[7.721551817308069,8.564064418248993],[7.721494247269227,8.564025935671397],[7.721514310920053,8.563777103156351],[7.721629642702735,8.563796630716203],[7.72166861926486,8.563643591078465],[7.721822607970612,8.563605808219119],[7.721860434131871,8.56379739401895],[7.721937364612993,8.563797648422593]]],[[[7.722648971675711,8.563800000930842],[7.7227261576336,8.563723671713845],[7.722918228455013,8.563800890727652],[7.723014072350657,8.563896937806906],[7.722859764280365,8.564030450474293],[7.722802385668272,8.563934530474032],[7.722629419706775,8.563895666692446],[7.722648971675711,8.563800000930842]]],[[[7.721453800153678,8.564619329955548],[7.721472585282537,8.564753414573602],[7.721299363418708,8.564791133580849],[7.721300194655279,8.564542237474276],[7.721453800153678,8.564619329955548]]],[[[7.720888493460325,8.578383473946168],[7.720888173129437,8.578479203134425],[7.721061273290856,8.578479776930735],[7.721060696763892,8.578652089480062],[7.720830088659011,8.578593886874408],[7.720772901172851,8.578440528886924],[7.720888493460325,8.578383473946168]]],[[[7.72080848456391,8.579302219063043],[7.720982161699581,8.579130480411528],[7.721097754189041,8.579073425436054],[7.721328490735566,8.57909333624809],[7.721346699330462,8.579399733434277],[7.721134875689544,8.57947561555305],[7.721076791091962,8.579590299313079],[7.720961390647086,8.579589916746341],[7.720846438743453,8.579455513291327],[7.72080848456391,8.579302219063043]]],[[[7.721558074622943,8.579457872078677],[7.721596029120361,8.579611166278314],[7.721480500554488,8.579649075547763],[7.721480116277326,8.579763950592763],[7.721191743120319,8.57972470271634],[7.72117308625456,8.579552326415023],[7.721384973984928,8.579457298440325],[7.721558074622943,8.579457872078677]]],[[[7.721970067976217,8.582790650686464],[7.721951410808443,8.582618274376093],[7.722105343385234,8.58259963839846],[7.72222016850545,8.58277233334703],[7.722238889826348,8.582925563818577],[7.721989109419163,8.582848151947994],[7.721970067976217,8.582790650686464]]],[[[7.722133050570055,8.58581626719576],[7.722152988937277,8.58560572670748],[7.722306986791137,8.585567944985694],[7.722421940794862,8.585702348308384],[7.722324939515514,8.58595092554982],[7.722133050570055,8.58581626719576]]],[[[7.721551295791008,8.587231145983363],[7.721667403593959,8.587020924527776],[7.721822491469203,8.586657663875267],[7.722034703644008,8.586466906939894],[7.722035728739041,8.58616057352461],[7.722131705282242,8.586218329824796],[7.722400977789706,8.586219222293677],[7.722496185864159,8.586506728615028],[7.722630245868701,8.58667948734435],[7.722784244152288,8.586641705490345],[7.72278353977618,8.586852309770395],[7.722936705762351,8.587063423843233],[7.723090448109302,8.5871022252682],[7.723089999955084,8.587236246186839],[7.722897725914844,8.587216463153066],[7.722898110104409,8.587101588088537],[7.72266794493782,8.5869093649212],[7.722668265142132,8.586813635707903],[7.722495673485061,8.586659895348179],[7.722342571951607,8.586429635314449],[7.722227233443539,8.586410106984234],[7.722130423994989,8.586601246606376],[7.721956935632302,8.586715547776333],[7.721898657602635,8.586887669003948],[7.721821530226912,8.586944851420858],[7.721704973888263,8.58728909378505],[7.721551295791008,8.587231145983363]]],[[[7.721470257679917,8.588456224105862],[7.721682022424734,8.588399488390461],[7.721797040983479,8.58851474613844],[7.721911739148986,8.588725733037508],[7.7217771020338,8.588725286526454],[7.72168144550123,8.588571800893325],[7.721470257679917,8.588456224105862]]],[[[7.721905200902293,8.590678608120525],[7.722059457285756,8.590564243472814],[7.722232755273919,8.590507380037675],[7.7222130085729,8.590660482940638],[7.722386114343567,8.590661056950168],[7.722404771567604,8.590833433255737],[7.722808300878484,8.590949647354483],[7.722827278615024,8.59102629446864],[7.723173362489004,8.591065733591218],[7.723076487900522,8.59127601914419],[7.722980317845524,8.591275700409248],[7.722960186986298,8.59154367842423],[7.722748804947594,8.591485539574203],[7.722633657142737,8.591408573630575],[7.722518253057125,8.59140819100729],[7.722345082847156,8.591426762843318],[7.722248656394774,8.59150302726011],[7.722076191301358,8.591310994795881],[7.722135047118907,8.59096656115634],[7.721905008577574,8.5907360456199],[7.721905200902293,8.590678608120525]]],[[[7.720469112715767,8.594483902680453],[7.720565347688495,8.594465076341073],[7.720737363732321,8.594791130291329],[7.720871553591432,8.594925598227425],[7.720987664706079,8.594715377455708],[7.721390555637859,8.595023051804622],[7.721389785626206,8.595252801703058],[7.721235912038322,8.595252290807638],[7.721216228596403,8.595386247705086],[7.721081589168558,8.595385800607403],[7.720890210044399,8.595097974499684],[7.720775061713683,8.595021007909738],[7.720717359166077,8.595020816244196],[7.72054399469332,8.59509682447011],[7.720466672670633,8.595211443773263],[7.72031267071034,8.595249224144894],[7.72019771516309,8.595114819945449],[7.72035229503927,8.594904727258296],[7.720641192879748,8.59479081084302],[7.720641513890829,8.59469508174483],[7.720468920088416,8.594541340136171],[7.720469112715767,8.594483902680453]]],[[[7.72240381200109,8.596864434686156],[7.72242259738332,8.596998519320875],[7.722364445566025,8.597132348670335],[7.722172487419936,8.59701683541682],[7.722211340849484,8.59690208810355],[7.722192876239564,8.596672274322803],[7.722327516180054,8.596672721098361],[7.722386886326443,8.596175120951463],[7.722482865231121,8.596232877510943],[7.72248222401272,8.596424335829791],[7.722366241255811,8.596596265417041],[7.722404068519297,8.596787851362949],[7.72240381200109,8.596864434686156]]],[[[7.720652786006197,8.597069227145152],[7.720902831724964,8.597070057871719],[7.720844615182757,8.597223032730259],[7.720671570759518,8.597203311775413],[7.720652786006197,8.597069227145152]]],[[[7.721340534498702,8.59846917222019],[7.72141689421377,8.598641740144668],[7.72124346387888,8.598736894271614],[7.721225192537212,8.598449643077046],[7.721340534498702,8.59846917222019]]],[[[7.722617434450177,8.601996282857845],[7.722655454451325,8.602130431341259],[7.722635578308031,8.6023218257671],[7.722558447558498,8.60237900784715],[7.722366294413001,8.60232093180195],[7.722386299030292,8.602091245758892],[7.722617434450177,8.601996282857845]]],[[[7.722171252987219,8.603124417715254],[7.722249154155576,8.602837485862775],[7.72255652257668,8.602953382631954],[7.72269129307672,8.602915537950325],[7.722709950223773,8.603087914242112],[7.722575307998135,8.603087467269608],[7.722498112896691,8.60316379513665],[7.722344364410895,8.603124992569743],[7.722171252987219,8.603124417715254]]],[[[7.725205129736212,8.575889622731994],[7.725223405524968,8.576176874344679],[7.725146217111591,8.576253203718174],[7.724953884411985,8.576252568361447],[7.724934970376397,8.576156775469542],[7.72489650384817,8.576156648386227],[7.724723532192026,8.576117784726542],[7.724839761807617,8.575869269709063],[7.724954459021069,8.57608025552807],[7.725089091848607,8.576080700278768],[7.725128196725965,8.575889368623228],[7.725205129736212,8.575889622731994]]],[[[7.725069028667415,8.576329533071428],[7.725087815058011,8.576463617704286],[7.725222448027534,8.576464062428197],[7.725202640222643,8.576636311745798],[7.725010435018191,8.576597384648332],[7.724895546107528,8.576443836433345],[7.724972862299472,8.576329215383005],[7.725069028667415,8.576329533071428]]],[[[7.724287877600529,8.57986897564464],[7.724114840506694,8.579849257343223],[7.724269666659773,8.579562578256176],[7.724039696411312,8.5793129188167],[7.723962762747334,8.579312664374948],[7.723809342908928,8.579178134434171],[7.723578797773487,8.57910078750851],[7.723444163962072,8.579100342075499],[7.72321361897739,8.57902299494893],[7.723213874793037,8.57894641153073],[7.723425314223625,8.57898540330192],[7.72363713730939,8.578909519816996],[7.723964105011178,8.578910601314066],[7.723906021310775,8.579025285640293],[7.723982954915211,8.579025540084904],[7.724232477915791,8.579179533820556],[7.724386409105354,8.5791608967102],[7.724443087022816,8.579467421291259],[7.724577146006862,8.579640179172467],[7.724749735883963,8.579793918313579],[7.724787627839348,8.579966358254099],[7.724922198150691,8.57998594912931],[7.724902581430042,8.58010076075627],[7.724729416387728,8.58011933444052],[7.724729927475629,8.579966167521649],[7.72448002037709,8.579927049188537],[7.724364811386254,8.579869230037938],[7.724287877600529,8.57986897564464]]],[[[7.724017586625669,8.580174418900175],[7.723940588862392,8.580193310287473],[7.723844869081655,8.58005897116877],[7.723691001467497,8.580058462148338],[7.723633812638051,8.579905104396188],[7.723807361145886,8.579771656048306],[7.72396071726742,8.579925331879812],[7.723960014098703,8.580135936330013],[7.724017586625669,8.580174418900175]]],[[[7.724306024626089,8.580194518893322],[7.724402383651153,8.580137399303142],[7.724536762291691,8.580214427908347],[7.724690630019543,8.58021493660068],[7.724863028529381,8.580426113327672],[7.724862581350322,8.580560134385541],[7.724631332270944,8.58069339244127],[7.724611268110001,8.580942225073315],[7.724495547572901,8.581037572814841],[7.724399571771725,8.580979817226165],[7.724399955226692,8.580864942057058],[7.724457975245937,8.580769403548395],[7.724458103055819,8.580731111824148],[7.72447733654669,8.580731175421763],[7.724478295087502,8.58044398748526],[7.724305641173298,8.58030939406219],[7.724306024626089,8.580194518893322]]],[[[7.723245945667298,8.580861124213323],[7.723380324248239,8.580938153221817],[7.723475916109826,8.581110784167052],[7.723436873469984,8.581282969551742],[7.723244922184406,8.581167457857775],[7.723245689800128,8.580937707624901],[7.723245945667298,8.580861124213323]]],[[[7.722898975086752,8.581089728390104],[7.72297590907637,8.581089983096279],[7.722975461200456,8.581224004050583],[7.722974821365136,8.581415462555082],[7.722821337206494,8.581300078012248],[7.722822041099504,8.581089473668595],[7.722898975086752,8.581089728390104]]],[[[7.724704304645998,8.58188069032434],[7.724704751950413,8.58174666928392],[7.724991977380541,8.582130540374063],[7.724971465994058,8.582513394080161],[7.72481727782085,8.582608614679781],[7.724816638803563,8.582800073308553],[7.724508709506263,8.582856493240316],[7.724450305570207,8.583066906861083],[7.724373371138207,8.583066652390778],[7.724354776799741,8.5828751301793],[7.724163016244185,8.582702181220197],[7.723931701628503,8.582854584472964],[7.723835853420149,8.582758536984063],[7.723894129714925,8.582586415207878],[7.723894833123786,8.582375810789786],[7.723799112927187,8.582241471596928],[7.723549012673832,8.582259790023006],[7.723395464037607,8.582163551491448],[7.723511313107544,8.582029912467977],[7.723972854387998,8.582050585765568],[7.723973238019801,8.581935710622],[7.724165637433392,8.581917201026576],[7.724320017185335,8.58176454308702],[7.724415609657657,8.581937173884402],[7.724646603995158,8.581880499537208],[7.724704304645998,8.58188069032434]]],[[[7.722969830141362,8.582908838823464],[7.72306644602262,8.5827751363057],[7.723238396589921,8.583120334724212],[7.723103889361627,8.583081597266034],[7.723104337290899,8.582947576317865],[7.722969830141362,8.582908838823464]]],[[[7.723294177897205,8.583694901272786],[7.723352006756454,8.58365680060038],[7.723333796840611,8.58335040330958],[7.72356492006622,8.583255438057073],[7.723698212115456,8.583657946590877],[7.723544087169103,8.583734020709565],[7.723294177897205,8.583694901272786]]],[[[7.724141097237481,8.583506243604491],[7.724294646595295,8.58360248193891],[7.724602448678771,8.583584353993556],[7.724621426640492,8.583661001046973],[7.724448004252111,8.583756157800314],[7.724313368754919,8.583755712430934],[7.724160011160332,8.583602036523907],[7.724141097237481,8.583506243604491]]],[[[7.72416229537406,8.588675751636302],[7.724316422373869,8.588599677562765],[7.724373356399701,8.588829618790777],[7.72416229537406,8.588675751636302]]],[[[7.723276128093162,8.589094030337792],[7.723390827268147,8.58930501693533],[7.723255677627022,8.589457737667615],[7.723276128093162,8.589094030337792]]],[[[7.726190802197601,8.591764979787149],[7.726036610179992,8.591860200329455],[7.725862928346538,8.592031940634357],[7.725689438145484,8.592146243256586],[7.725554160256895,8.592337256478613],[7.725322711767136,8.592527951435164],[7.725303157916202,8.5926236170767],[7.725130051057926,8.592623044247652],[7.724763451633941,8.592966460031333],[7.724398003584918,8.592965250074599],[7.724417877677264,8.592773855267012],[7.724380113472222,8.592563123540735],[7.724207838780075,8.59231365426827],[7.724208158802728,8.592217925024046],[7.724093138458309,8.59210266774805],[7.723843543829553,8.591967818643523],[7.723863802176188,8.591661548807076],[7.723614720141057,8.59137353284323],[7.72338455229139,8.591181309716296],[7.723250106365065,8.591123426064856],[7.723327618740915,8.590951368405207],[7.723250938923709,8.59087453010681],[7.72328979114674,8.590759782510348],[7.723539640909163,8.59081804845705],[7.723559707228325,8.59056921618261],[7.723655621048398,8.590646118132376],[7.723944066819351,8.59066621953864],[7.723943554769233,8.590819386325643],[7.724136278706164,8.590705148158426],[7.724559362559644,8.590725694904124],[7.724752086306152,8.590611456394443],[7.724867234414808,8.59068842173514],[7.724827870949529,8.59095633640033],[7.72471240293213,8.590975100308023],[7.7247118911716,8.591128267138615],[7.724615593141026,8.591166240523247],[7.724634059450145,8.591396054425907],[7.724729909737028,8.591492102020407],[7.724883782019369,8.591492611298916],[7.72496046231917,8.591569449335974],[7.725095100605119,8.591569894881456],[7.725134208209226,8.59137856360591],[7.725019251716214,8.591244160741764],[7.725154529376826,8.591053147679604],[7.725250699457559,8.59105346586377],[7.725384953956212,8.591168786434112],[7.725230506263976,8.591340590092308],[7.725480484743483,8.591360563158682],[7.725596016804309,8.591322653172437],[7.725633653821344,8.59157167659318],[7.725729632281185,8.591629432259507],[7.725922036693627,8.591610922496823],[7.726056355508653,8.59170709702487],[7.726076228623186,8.591515701988675],[7.725941909862413,8.59141952747572],[7.7259422294164,8.59132379816217],[7.72599993152307,8.591323988963566],[7.726191377303243,8.591592667008737],[7.726191185602691,8.591650104601715],[7.726345058036593,8.591650613306005],[7.726382631661386,8.591918782590868],[7.726382184407949,8.592052803648633],[7.726535801469876,8.592129895766053],[7.726535482034323,8.592225625097802],[7.726688907558936,8.592360154770088],[7.726688524271481,8.592475029973626],[7.726477076976248,8.59243603888014],[7.726477524216613,8.592302017820069],[7.726286461320116,8.591918464657416],[7.72619061049306,8.591822417379607],[7.726190802197601,8.591764979787149]]],[[[7.723338142230246,8.593555266697091],[7.723376354261791,8.593631977556973],[7.72353035542277,8.593594195817074],[7.723531380180951,8.59328786233536],[7.723494000745726,8.59296225553518],[7.72334012795459,8.5929617456152],[7.723283002160358,8.592789241807601],[7.723148876028132,8.592635628842439],[7.722976025585655,8.592558471687578],[7.722938134063718,8.592386031615467],[7.723188369106748,8.592329422886703],[7.723227093453357,8.592252967012426],[7.723399687650533,8.592406707413742],[7.723418345308788,8.592579083734394],[7.723418153168591,8.592636521262163],[7.723552407505814,8.592751842462544],[7.7237246178474,8.593020457833495],[7.723859064496228,8.593078341421865],[7.724050829411643,8.593251291182762],[7.724261956652823,8.593386012877495],[7.724299656795329,8.593615890457167],[7.724395443455053,8.593731084042023],[7.724413077422881,8.594209793955782],[7.724355310903809,8.594228748701127],[7.724317866768141,8.593922287728342],[7.724316714536395,8.594266912989651],[7.72446969180721,8.594535464478056],[7.724584200873246,8.594803888544838],[7.724680179876906,8.594861644558712],[7.724621645208974,8.595110349521914],[7.724506175903062,8.595129113178949],[7.724313385597622,8.595262497042471],[7.724349997399719,8.595817854018295],[7.724080525802195,8.595874399455308],[7.723791948005824,8.595892589264997],[7.723735077970117,8.5956435020884],[7.723601335151876,8.595375014082794],[7.723332696772206,8.595182663115999],[7.723024244473923,8.595392247031105],[7.723024564909918,8.595296517846487],[7.723161126744392,8.594722589112195],[7.723449703607639,8.594704399649451],[7.723431045972586,8.594532023331572],[7.723181001669444,8.594531194489374],[7.723184141077843,8.593593048359702],[7.72318433327497,8.593535610840043],[7.723108614062776,8.593171584858046],[7.723262486924566,8.593172094882842],[7.723338910914615,8.593325516603095],[7.723338142230246,8.593555266697091]]],[[[7.724621645208974,8.595110349521914],[7.724678707827074,8.59530199909914],[7.724582088632819,8.595435701556063],[7.724466683241429,8.595435319338643],[7.724467579444135,8.595167277469775],[7.724621645208974,8.595110349521914]]],[[[7.723453943689017,8.599184589635604],[7.723281090391454,8.599107432200896],[7.723359117683819,8.598782208151672],[7.723493822520135,8.59876350879115],[7.723550948911097,8.598936012659957],[7.723531073613565,8.599127407252881],[7.723703670656345,8.599281147936527],[7.723857353791932,8.59933909560093],[7.724030527678156,8.599320523605869],[7.724145549856662,8.599435781173373],[7.724029694797498,8.599569419530987],[7.724029438521495,8.599646002891902],[7.724374697678644,8.599934338030414],[7.724373736849849,8.600221525665562],[7.724258778451356,8.60008712228475],[7.724047199351279,8.600086420972524],[7.723989239663745,8.60016281304304],[7.723816129473521,8.60016223912456],[7.723778621814944,8.599874924007496],[7.723818116003613,8.599568718134746],[7.723683539048285,8.599549125893489],[7.723510813722375,8.599433676859446],[7.723395343070227,8.59945243998018],[7.723357515227195,8.599260854046177],[7.723453687309041,8.599261172980787],[7.723453943689017,8.599184589635604]]],[[[7.724567298439051,8.599858392041101],[7.724548640381673,8.599686015711791],[7.724702644028989,8.59964823385418],[7.724624361388005,8.600050041680026],[7.724451379308006,8.600011176368668],[7.724567298439051,8.599858392041101]]],[[[7.72285453467686,8.60012075760995],[7.723182738610285,8.599758071587022],[7.723260445665353,8.599528576773073],[7.723414385199479,8.599509941275777],[7.723491002438348,8.599605925602573],[7.723490489665407,8.599759092291508],[7.723278333834501,8.59993070309289],[7.723238646798984,8.600294346336854],[7.723142217988576,8.600370610641953],[7.722911532616536,8.600331553211598],[7.72285453467686,8.60012075760995]]],[[[7.723102530717632,8.600734253838164],[7.723313981871746,8.60077324738948],[7.723390406956941,8.600926669265975],[7.723389958175835,8.601060690104415],[7.723197741356192,8.601021760381764],[7.723217681176384,8.60081122003027],[7.723102530717632,8.600734253838164]]],[[[7.723884351078759,8.602766328086055],[7.723557555303697,8.602707806037033],[7.723558068228158,8.602554639367485],[7.723712585967196,8.60236369141483],[7.723712906494151,8.60226796223899],[7.723982126402158,8.602288001093736],[7.724001040520349,8.602383794060183],[7.724212428648348,8.602441933100081],[7.724231342828048,8.602537726064014],[7.724134785372743,8.602652282231498],[7.724114973984542,8.602824530995461],[7.72419165604972,8.602901369451391],[7.724884037907766,8.602922810551348],[7.725057597717325,8.602789363259314],[7.725230645151575,8.602809082639347],[7.725346629046605,8.602637152329995],[7.725635276104699,8.602599816244743],[7.725789920950462,8.602370575607882],[7.725827622127747,8.602600453197274],[7.72592379514481,8.602600771637508],[7.726308871110508,8.60248717003201],[7.726424534599705,8.60241096858678],[7.726732288186096,8.602411987011406],[7.727079022508017,8.602259965562425],[7.727194430082261,8.602260347297582],[7.727174364369564,8.602509179870516],[7.7268857813103,8.60252737128405],[7.72665502999242,8.602507461713541],[7.726654902073973,8.602545753427497],[7.726519876032662,8.602660182998411],[7.726153970544271,8.602792994326721],[7.726115501314145,8.602792866973695],[7.725999709659938,8.60290736000211],[7.725692019772082,8.602887195084072],[7.725364583122399,8.60302013298492],[7.725326241940298,8.602981713856511],[7.72515313037968,8.602981140352824],[7.724979826690055,8.603038004303214],[7.724921738531145,8.603152688151484],[7.724748690979875,8.603132968612424],[7.724633091055062,8.60319002362908],[7.724364062652224,8.60311254761528],[7.724364254887673,8.603055110097426],[7.724133439518563,8.603054344825111],[7.723922115182957,8.602977059859771],[7.723844920337139,8.60305338804014],[7.723729769113207,8.602976421927208],[7.723325265240629,8.603147394439803],[7.723229220455041,8.603108783668636],[7.723132341856688,8.60331906866559],[7.723036361203619,8.60326131201398],[7.723036938516251,8.603088999550746],[7.723210563069728,8.602936407367798],[7.723325970674234,8.602936790292798],[7.723537807770723,8.602860908899014],[7.723615066738091,8.602765434948843],[7.723884351078759,8.602766328086055]]],[[[7.724090034786698,8.604528446680503],[7.7240334846109,8.604183630262021],[7.72384158671176,8.604048971455958],[7.723938336978409,8.603876977928765],[7.724149918173071,8.603877679607491],[7.724225574936479,8.604260851480044],[7.724321299681995,8.604395191245775],[7.724339829369962,8.60460585923892],[7.724224164825111,8.604682059891068],[7.724070351366894,8.604662403737658],[7.724090034786698,8.604528446680503]]],[[[7.723699184629778,8.60636517052922],[7.723564541194232,8.60636472373403],[7.723449645730305,8.606211174095222],[7.72343118074084,8.60598136030724],[7.723546974123455,8.60586686831846],[7.723701044531897,8.605809941420663],[7.723989501665749,8.60583004445142],[7.724104333165149,8.606002739781296],[7.724046180061327,8.606136569209768],[7.724103050863437,8.606385656466237],[7.724102473808352,8.606557968971918],[7.723987000948496,8.606576731952977],[7.72381350304778,8.606691032598711],[7.723775738939364,8.606480300808997],[7.723699184629778,8.60636517052922]]],[[[7.723063923715201,8.606516230406378],[7.723179075740009,8.606593196841288],[7.723043918875986,8.606745916459003],[7.722928766842818,8.606668949981458],[7.722910173835694,8.606477427866459],[7.723063923715201,8.606516230406378]]],[[[7.726799450127193,8.576507560323579],[7.726549927433306,8.576353568331347],[7.726453824775387,8.57633410512956],[7.726415804617824,8.57619995702653],[7.726242960249331,8.576122802262546],[7.726358678758578,8.576027453692122],[7.726435229209499,8.576142582848936],[7.726627561965106,8.576143217459494],[7.726743471666641,8.575990431109005],[7.726858743788372,8.576029103557538],[7.727089798015434,8.575953281269419],[7.727109859840778,8.575704448172004],[7.727110242242389,8.575589572849925],[7.727168834208634,8.57532172070314],[7.727515159956892,8.575284570386088],[7.72763055939823,8.57528495080331],[7.727919185405268,8.575247609908649],[7.727938609712996,8.575190235612638],[7.728054009144933,8.575190615899128],[7.72805343599281,8.575362928948987],[7.728225452722587,8.575688979548667],[7.728206028419425,8.575746353860263],[7.728319772464908,8.57624452737975],[7.728204372702999,8.57624414712634],[7.728088399738588,8.576416079881279],[7.727858300850111,8.576204714375152],[7.72780130171154,8.575993919375652],[7.727705390149894,8.57591701881561],[7.727647690331517,8.575916828608587],[7.727609032654069,8.575974139470455],[7.727684627871355,8.576376456793845],[7.727761306229265,8.576453293971896],[7.727549485061902,8.576529180049226],[7.727299388409314,8.576547501484715],[7.727106864177648,8.57660430483745],[7.72699152810846,8.576584778320404],[7.726837661703261,8.576584270758774],[7.72677926046565,8.576794685125991],[7.72668277509646,8.576890097259762],[7.726587118675664,8.576736612897205],[7.726683731545426,8.57660290901873],[7.726799322615612,8.576545852091222],[7.726799450127193,8.576507560323579]]],[[[7.727009486467308,8.576967759464281],[7.726931788145913,8.577197256294632],[7.726758688167509,8.577196685216242],[7.726547057769929,8.577215133007426],[7.726489931764355,8.577042629670485],[7.726605650535197,8.576947281062063],[7.726894086546137,8.57696737878731],[7.727009486467308,8.576967759464281]]],[[[7.725970249354956,8.577155790901035],[7.726220410135997,8.577118324516215],[7.726258557842416,8.577214180877457],[7.726200347528607,8.577367157454306],[7.726046672254947,8.577309211899161],[7.725950505603885,8.577308894418325],[7.725796511345774,8.57734667815023],[7.725739130428241,8.577250758250738],[7.725720790502778,8.576982652489232],[7.725855678913161,8.576906513513654],[7.725874337971634,8.577078889901513],[7.725970440760453,8.577098353269948],[7.725970249354956,8.577155790901035]]],[[[7.725583604407245,8.577748042868842],[7.72564060239352,8.577958838037048],[7.725352293523548,8.577900447532736],[7.725333507041972,8.577766362898597],[7.725487437663214,8.57774772525651],[7.725583604407245,8.577748042868842]]],[[[7.728676036617744,8.579002740425274],[7.728118394466455,8.578962610360305],[7.72808011873758,8.578905045880058],[7.727811041954825,8.57884672046099],[7.727465860218087,8.57853924461103],[7.7273697569467,8.578519781552577],[7.727369119516665,8.57871124041272],[7.727234549393399,8.578691650437214],[7.727080682125759,8.578691142848786],[7.727081064671311,8.578576267545747],[7.726965791786991,8.578537595053245],[7.726793839058852,8.57819239802635],[7.726601632816258,8.578153471586798],[7.726563166062116,8.578153344640254],[7.726755754918622,8.578077395806977],[7.726870836347229,8.578173505988058],[7.727005470012583,8.578173950177908],[7.72710125439966,8.578289142733976],[7.72721665472909,8.578289523407198],[7.727292950834162,8.57848123602691],[7.727523751631564,8.57848199724113],[7.727600430312566,8.578558834499884],[7.727715830745879,8.578559215035709],[7.727927589364005,8.578502474924337],[7.728158071716293,8.578598965220715],[7.728465551563056,8.578676563043006],[7.728465870004066,8.578580833572067],[7.72861980099051,8.578562194706334],[7.728697116697533,8.578447572821373],[7.728697689768801,8.578275259755738],[7.728793856766013,8.578275576587494],[7.72887015370649,8.578467289010291],[7.728850410950262,8.578620392825417],[7.728965811458405,8.57862077299016],[7.72917769733114,8.578525740371495],[7.729217182540641,8.578219532662168],[7.72933302843265,8.578085891391709],[7.729333792110196,8.57785614057594],[7.729545104814981,8.577933420803582],[7.729545613841561,8.577780253579519],[7.72975762635268,8.577646928739938],[7.729815326479573,8.577647118669592],[7.729777368644654,8.577493824810622],[7.730046445006924,8.577552148766994],[7.730104145126003,8.577552338651389],[7.730161718055789,8.57759082034293],[7.730045681785068,8.57778189965015],[7.729930027046477,8.577858103468838],[7.729853093498359,8.577857850244069],[7.729891051379451,8.578011144102453],[7.729890796929579,8.578087727724032],[7.729794566320864,8.578106557077122],[7.729601723316638,8.57825909112562],[7.729466198576813,8.578526690463603],[7.729331564658042,8.578526247114114],[7.729254249103242,8.578640869151183],[7.729253548957484,8.578851474050673],[7.729099681504366,8.578850967257889],[7.728869198688929,8.578754477468605],[7.728676291338513,8.578926156843565],[7.728676036617744,8.579002740425274]]],[[[7.725656452892218,8.578973632843836],[7.725560732687697,8.578839294099225],[7.725734471587479,8.578648407086865],[7.725927188441257,8.578534166979104],[7.726138947165955,8.578477427886321],[7.726273899882235,8.578382142957077],[7.726620228416114,8.578344993866434],[7.726715630058271,8.578575061793845],[7.726715374955328,8.578651645318365],[7.726676971927236,8.57863237249503],[7.726677099482559,8.578594080733344],[7.72656214556492,8.578459678724899],[7.72642757561117,8.578440088486571],[7.726273453305873,8.578516164102998],[7.726023227779723,8.578572776262769],[7.726023036348763,8.57863021389066],[7.725734152459983,8.578744136455414],[7.725733578021177,8.578916449317576],[7.725829362131462,8.579031642156387],[7.725829298308115,8.57905078803047],[7.725790384694256,8.579184682109757],[7.725656133732904,8.579069362207859],[7.725656452892218,8.578973632843836]]],[[[7.72569281325907,8.579605573695872],[7.725750449758445,8.579624910149304],[7.725768598059425,8.579950453513504],[7.725460351902431,8.580102603921123],[7.725171849918434,8.580101650660614],[7.725056576873976,8.580062977561505],[7.725057023958718,8.579928956490027],[7.725134213237992,8.579852627259585],[7.725231210658903,8.579604048741308],[7.725231593801557,8.579489173526676],[7.725366547091823,8.579393889004965],[7.725558945242133,8.579375378515161],[7.72569326009656,8.579471552587899],[7.72569281325907,8.579605573695872]]],[[[7.726173075092057,8.579779474487358],[7.726346367608732,8.579722608367339],[7.726461513148414,8.579799572841816],[7.726518766960774,8.579933784460591],[7.726653401227553,8.579934228863713],[7.726729952385106,8.580049358066521],[7.726710208612406,8.580202461622962],[7.72697896716178,8.580356517327866],[7.726978775834039,8.5804139549719],[7.7271310495321,8.580893109757632],[7.726996478681251,8.580873519590938],[7.72699622356521,8.580950103114752],[7.727092199847378,8.581007858113445],[7.727341279225773,8.581295871376463],[7.727456361677632,8.581391981530075],[7.727455596551949,8.581621732135659],[7.727455405267209,8.581679169786618],[7.727301090393538,8.58181268328776],[7.727147285643709,8.58179302966147],[7.727109137413381,8.581697173311047],[7.727148369850021,8.581467549678107],[7.727052202111494,8.581467232319204],[7.727033733929987,8.581237418275022],[7.726919161916213,8.580988140975034],[7.726649637430571,8.581063835712005],[7.726572511930902,8.581121019372013],[7.726476982360162,8.580929243112713],[7.726554299230298,8.580814621834548],[7.726362091749928,8.58077569509188],[7.726361900319997,8.580833132720834],[7.72626541369372,8.580928544566774],[7.725937997143164,8.581061485878406],[7.725975506695477,8.581348801025497],[7.725802468743891,8.581329083372198],[7.725706045702443,8.581405349166298],[7.725494540694058,8.581385504289873],[7.725649494381548,8.581060532869394],[7.725631027037423,8.580830718879296],[7.725304121343163,8.580810492686393],[7.725265335014602,8.580906094911784],[7.725130700478507,8.58090564997433],[7.725035554973992,8.58059899827003],[7.724958940412962,8.580503014658662],[7.724959259801022,8.580407285327821],[7.72524776199173,8.580408238780985],[7.725382779492461,8.580293808435359],[7.72551747767466,8.580275107382864],[7.725844893604681,8.58014216634599],[7.725883360548153,8.580142293393346],[7.725940741832302,8.580238213326071],[7.725940997138333,8.580161629831005],[7.725883615862784,8.580065709899618],[7.725884190312061,8.579893397037589],[7.726018824531247,8.579893841660057],[7.726114736572002,8.579970742720116],[7.72611460893957,8.580009034470667],[7.726096141270018,8.579779220457237],[7.726173075092057,8.579779474487358]]],[[[7.725360097570035,8.581327621802924],[7.72543652079477,8.581481042975726],[7.725263418977706,8.581480470943445],[7.725360097570035,8.581327621802924]]],[[[7.726243627392722,8.581694316054458],[7.726378645157817,8.581579885390372],[7.726474812899403,8.581580202921316],[7.726589767559748,8.58171460506713],[7.726416410301312,8.581790617040033],[7.726243627392722,8.581694316054458]]],[[[7.72642766598998,8.584183914882475],[7.726215584778594,8.58433638302106],[7.726080885133126,8.584355084109596],[7.726024141867272,8.58406770541764],[7.725890336322508,8.583818364276608],[7.72594893122812,8.583550512735174],[7.726064460785165,8.58351260224202],[7.726238138100864,8.583340861194035],[7.726277435193934,8.583092091896333],[7.726181841599971,8.58291946140558],[7.725931932326551,8.582880343715495],[7.72593365614691,8.582363405190163],[7.725876083087351,8.582324922833958],[7.725857615656248,8.582095108840553],[7.725954166546285,8.581980551288025],[7.726204202902773,8.581981377132005],[7.726300689846739,8.581885965347473],[7.726512514287389,8.581810080445754],[7.726762614384296,8.581791760033239],[7.726800698732331,8.581906762284701],[7.726934887178273,8.582041227846913],[7.726953738013154,8.582156166607442],[7.727088436869375,8.582137465092531],[7.727145818708446,8.582233384924136],[7.727145627363305,8.582290822566332],[7.727183201607996,8.58255899184751],[7.727163075027805,8.582826970697527],[7.727220584530974,8.582884598771201],[7.727219436419224,8.58322922462022],[7.727122375158395,8.58349694952701],[7.726890805713032,8.583725938161068],[7.726736808812499,8.583763721892414],[7.72665949126449,8.583878343111056],[7.726370539462247,8.584011411444315],[7.726427857485894,8.584126477261998],[7.72642766598998,8.584183914882475]]],[[[7.725776020018496,8.583492503188278],[7.725756020041151,8.583722190063282],[7.725236839291803,8.583682181988982],[7.725257606185235,8.583222744799171],[7.725372944043303,8.583242272107718],[7.725488920633742,8.583070340708993],[7.72575812741871,8.583090376379102],[7.725892571204601,8.583148258821481],[7.725853337710413,8.583377882171876],[7.725776275455825,8.583415919711028],[7.725776020018496,8.583492503188278]]],[[[7.725352431610164,8.589388094254526],[7.725237091943632,8.589368566675125],[7.725237859105268,8.589138816360672],[7.725468410483557,8.58921616318904],[7.725564004886301,8.58938879398481],[7.725352431610164,8.589388094254526]]],[[[7.726679190209295,8.589507356772899],[7.726640722310874,8.589507229667403],[7.726582062479049,8.589794227040041],[7.726428318527852,8.589755426803556],[7.726351382689153,8.589755172531365],[7.726333106898697,8.589467920950288],[7.72621757546723,8.589505831253682],[7.726121405740005,8.589505513367628],[7.726006832675211,8.58925623562556],[7.726257320948946,8.58912304105935],[7.726526340479789,8.589200514422684],[7.726679190209295,8.589507356772899]]],[[[7.725678705491064,8.589599780095583],[7.725678513758523,8.589657217682984],[7.725485662901613,8.589809748494138],[7.725409174556911,8.589675473009825],[7.725678705491064,8.589599780095583]]],[[[7.725948998296863,8.595057304659727],[7.72612261774679,8.59490471039788],[7.7263534283633,8.594905473759116],[7.726450430303526,8.594656895564823],[7.726393238982004,8.594503537854264],[7.726413112282099,8.594312142824311],[7.72654787941694,8.594274296274492],[7.726701561245784,8.594332242586896],[7.726758688789041,8.594504746133019],[7.726565643835356,8.59471471474586],[7.726526600247722,8.594886900325738],[7.726410747534414,8.595020539753765],[7.726063828242379,8.595229999155316],[7.725948998296863,8.595057304659727]]],[[[7.725365958085394,8.596855105622762],[7.725538555095362,8.597008845459102],[7.725461169975229,8.597142611770364],[7.725326593688983,8.597123020213782],[7.725307743279865,8.597008081424153],[7.725365958085394,8.596855105622762]]],[[[7.725344292349893,8.597582584344082],[7.725325441932971,8.597467645553898],[7.725614085001553,8.597430308904904],[7.72565204190983,8.597583603064946],[7.725344292349893,8.597582584344082]]],[[[7.726303580044471,8.598313309668809],[7.726438860156398,8.59812229649523],[7.726592671285969,8.59814195134158],[7.726804569109194,8.598046921785375],[7.726900037961693,8.598257844309074],[7.726668585997433,8.598448539592356],[7.726533945201531,8.59844809424321],[7.726475858378357,8.598562778522666],[7.726360707730729,8.598485813299916],[7.726303580044471,8.598313309668809]]],[[[7.725938062690622,8.59833124628272],[7.72611104428334,8.598370110840124],[7.726110468680927,8.598542423552653],[7.72599512624295,8.59852289580027],[7.725938062690622,8.59833124628272]]],[[[7.726801884426821,8.598851047994929],[7.726917290956862,8.598851429663084],[7.727089633835655,8.599081752465633],[7.726935758360167,8.599081243622429],[7.726801884426821,8.598851047994929]]],[[[7.725262043157247,8.599171435233297],[7.725434897013848,8.599248591840654],[7.725376745727448,8.599382421734218],[7.725223254275257,8.599267037092098],[7.725088613266436,8.599266591195452],[7.725089061355598,8.599132570255499],[7.725262043157247,8.599171435233297]]],[[[7.726195545857337,8.60761793978714],[7.726272869393232,8.607503319520314],[7.726447647223269,8.607006100700167],[7.726563440189445,8.606891607722268],[7.726736617609641,8.606873034996628],[7.726890752137951,8.606796960959029],[7.726814964526365,8.606452080905042],[7.72704552631699,8.606529428292133],[7.727141060714032,8.60672120513762],[7.727140548977664,8.60687437198858],[7.727275064859429,8.606913109272911],[7.727178378970732,8.607065957863856],[7.727236083487058,8.607066148826645],[7.727235699698704,8.607181023967183],[7.727120098719042,8.607238079595213],[7.726927750258365,8.607237442948335],[7.726965644131111,8.607409882976274],[7.72677239971906,8.607677288179875],[7.726656798528873,8.607734343635181],[7.72648310864929,8.607906083070004],[7.72629050382555,8.60798202945107],[7.726117517982844,8.607943164355573],[7.726117966168994,8.607809143422012],[7.726195225751822,8.607713669029343],[7.726195545857337,8.60761793978714]]],[[[7.726751820963842,8.6080792873992],[7.726675777406276,8.6078109907291],[7.726887297024025,8.607830837073733],[7.726847995398233,8.608079605809529],[7.726905380116133,8.608175526110651],[7.726999890935233,8.60867363668252],[7.726923015254963,8.608654236116235],[7.726904484251868,8.60844356805414],[7.726808437715518,8.608404957940035],[7.726751820963842,8.6080792873992]]],[[[7.726209210437474,8.609283692252903],[7.726210106879713,8.609015650393864],[7.726267939724546,8.60897754984952],[7.726269156217713,8.608613778740068],[7.726538380959268,8.608633816471341],[7.726710791145202,8.608844994088868],[7.726825432706741,8.609075126446838],[7.726825048703621,8.609190001556998],[7.726401687922942,8.60924603771252],[7.726324620099607,8.609284074558285],[7.726209210437474,8.609283692252903]]],[[[7.724996704268816,8.609490280171812],[7.724997345212679,8.609298821794228],[7.724882897080967,8.6090112515328],[7.724883473950009,8.608838938996449],[7.72526797996567,8.60889765199483],[7.725344663339793,8.608974490409157],[7.725517777635997,8.60897506422298],[7.725498030180796,8.609128167204538],[7.725343509988519,8.609319115539993],[7.725304591559796,8.609453008890549],[7.725189053721847,8.60949091794985],[7.724996704268816,8.609490280171812]]],[[[7.72866373076642,8.571133649146484],[7.728701942365364,8.571210359394085],[7.728528399569094,8.571343810817995],[7.728451467373254,8.571343557504822],[7.728471018585449,8.571247891327147],[7.728625264687301,8.57113352250837],[7.72866373076642,8.571133649146484]]],[[[7.729062726871077,8.57260921332716],[7.728966306816276,8.572685480385354],[7.728965797864616,8.572838647615166],[7.728831102348129,8.572857350285489],[7.728773784739205,8.572742284900473],[7.729062854096719,8.572570921517926],[7.729062726871077,8.57260921332716]]],[[[7.729128398216976,8.575998291467164],[7.729340218888683,8.575922404432406],[7.729358815936267,8.5761139267858],[7.729185461750413,8.576189940475349],[7.729128398216976,8.575998291467164]]],[[[7.730063833918601,8.578107443363075],[7.730102809534486,8.577954402704103],[7.730199294483443,8.577858989634812],[7.730353288778725,8.577821204112968],[7.730391310452983,8.57795535204188],[7.730487413851212,8.577974814349826],[7.730351953406717,8.5782232681991],[7.730236362166187,8.578280326189631],[7.730063261474425,8.578279756521924],[7.730063706709815,8.57814573517629],[7.730063833918601,8.578107443363075]]],[[[7.727583217561875,8.583728223496623],[7.727679003290485,8.583843416105328],[7.727543793623681,8.584015284797882],[7.727428646672562,8.583938320445883],[7.727448263019816,8.583823508630607],[7.727583217561875,8.583728223496623]]],[[[7.728812183090791,8.59010792756826],[7.72902388454465,8.590070333683435],[7.72917826641685,8.589917674058007],[7.7293130955336,8.589860680377022],[7.729814708127519,8.58940282760875],[7.729814007399415,8.58961343243699],[7.729756114345999,8.58967067992301],[7.729717646384966,8.589670553122215],[7.729582881094941,8.589708401072349],[7.729582753663307,8.589746692855412],[7.729659498460276,8.589804384158494],[7.729774201599639,8.59001536939326],[7.729909221797576,8.589900937814757],[7.729852093144862,8.589728434588919],[7.729890879613865,8.589632831907771],[7.730063603289203,8.589748277771776],[7.730101752811729,8.589844134015856],[7.730255178968042,8.589978662327391],[7.730254924230898,8.590055245912422],[7.730427520858883,8.590208983449267],[7.730889137208744,8.590210504049903],[7.731274962965128,8.58986714452599],[7.731370942094389,8.589924898853479],[7.731370687582674,8.590001482471978],[7.731331901411536,8.590097085348742],[7.731158604372653,8.590153953103252],[7.731022947900779,8.590459844176003],[7.7310602702878,8.590804597087821],[7.731175547287397,8.590843268931094],[7.731136379069116,8.591053747175765],[7.731115681046032,8.591494039567523],[7.730634892700598,8.591473309746796],[7.730616040682903,8.591358370992177],[7.731039253960406,8.591340618974433],[7.731020401818697,8.5912256802221],[7.730386123443315,8.591089567952084],[7.73038663292487,8.59093640078209],[7.730463887524563,8.590840924798615],[7.730386951346056,8.590840671300208],[7.730368226775751,8.590687440752333],[7.73023384328449,8.590610413512596],[7.730234480175276,8.590418954556508],[7.73013856483887,8.590342054059183],[7.729907629232676,8.590379585153546],[7.729926226208163,8.590571107483676],[7.72977235399447,8.590570600272637],[7.729771716860511,8.590762059192768],[7.729694589564003,8.590819243232426],[7.729636887450464,8.590819052995348],[7.729463143810427,8.591009941126964],[7.729347739537433,8.591009560566489],[7.729193484709202,8.5911239284226],[7.728943505834347,8.59110395776003],[7.728943888381159,8.590989082447287],[7.728809951494055,8.590778033545556],[7.728810652872491,8.5905674288124],[7.728887652705628,8.590548536731967],[7.728887843975548,8.590491099075283],[7.728849375944865,8.590490972175802],[7.728849822249683,8.590356950978203],[7.728811928060305,8.59018451110973],[7.728812183090791,8.59010792756826]]],[[[7.727273080903889,8.590217723761443],[7.727216017310658,8.590026074440328],[7.727100677278659,8.590006547377511],[7.727024507513482,8.589776542764957],[7.727082528616746,8.589681004005914],[7.727294485176932,8.589566827562852],[7.727428995233855,8.58960556394118],[7.727639803043863,8.589836013073619],[7.727639547786408,8.589912596581152],[7.727927100438159,8.590200737258556],[7.728233951323262,8.590469795381482],[7.728233185844031,8.590699545948857],[7.728117717923517,8.590718310913324],[7.727964356189958,8.590564635943206],[7.727964611401923,8.590488052428551],[7.727791441520747,8.590506626813585],[7.727561590764537,8.59021867656396],[7.727330782873362,8.590217914339215],[7.727273080903889,8.590217723761443]]],[[[7.728155930785653,8.590795021408631],[7.728328781871305,8.590872176281914],[7.728289356955175,8.591159237530155],[7.728077527263316,8.591235122668465],[7.727904420847207,8.591234551177518],[7.727865633688164,8.591330153554859],[7.727365484596361,8.591347647949238],[7.72734669742692,8.591213563304624],[7.727250654914783,8.591174953892311],[7.727289633719707,8.59102191397698],[7.727520378264177,8.59104182217199],[7.727616931374233,8.59092726451166],[7.728040526636432,8.590794640466141],[7.728155930785653,8.590795021408631]]],[[[7.729381937029895,8.59229246192944],[7.729267297374086,8.592062330647302],[7.729267871111116,8.59189001766473],[7.729402509736479,8.59189046172164],[7.729421233900238,8.592043692259383],[7.729555490177536,8.592159011604448],[7.72965102338794,8.592350787626202],[7.729458427277855,8.592426736887004],[7.729381937029895,8.59229246192944]]],[[[7.729550900840006,8.593537515556175],[7.729474537889002,8.593364948813216],[7.729475430355454,8.593096906391635],[7.729552749415051,8.59298228480997],[7.729572557222951,8.592810035248508],[7.729688344450271,8.592695540484854],[7.729765153523387,8.592734085956925],[7.729822027473469,8.592983172789667],[7.729591217707344,8.592982411675733],[7.729551729526904,8.593288619016795],[7.729608858334234,8.5934611223139],[7.729627200107228,8.593729228180433],[7.729550072128208,8.593786412092266],[7.729550900840006,8.593537515556175]]],[[[7.72975852487873,8.594725258402596],[7.729642991967923,8.594763169541357],[7.729663564916621,8.594361169349167],[7.729741075462281,8.594189110101283],[7.729913291068883,8.594457723414099],[7.72993156926717,8.594744975179848],[7.729835461821461,8.594725512140231],[7.72975852487873,8.594725258402596]]],[[[7.729719673926246,8.594840006853277],[7.730046082457156,8.595013398187936],[7.730026465802506,8.595128210100649],[7.729891634778588,8.595185203761192],[7.729738206947035,8.595050675054647],[7.729719673926246,8.594840006853277]]],[[[7.729658847260917,8.59577796497398],[7.729755082453958,8.595759136320224],[7.729850871403982,8.595874328853558],[7.729850297660208,8.596046641839713],[7.729619932365789,8.595911859274258],[7.729658847260917,8.59577796497398]]],[[[7.729672789244126,8.597367136913824],[7.729441466591599,8.597519542387875],[7.729403380542514,8.59740454014555],[7.729480764462645,8.597270772850036],[7.729673618226341,8.597118240411994],[7.729674128356865,8.596965073332306],[7.729751512078193,8.596831305952643],[7.729771702801259,8.596544181113698],[7.729848895125195,8.596467851354788],[7.729849660153133,8.596238100711371],[7.730061428819564,8.596181360858662],[7.730215175847126,8.596220160062511],[7.730233517898915,8.596488265943961],[7.730291220883047,8.596488456216186],[7.730502033845591,8.596718904505945],[7.730501587785724,8.59685292574565],[7.730290009964256,8.596852228124803],[7.73028975502721,8.596928811683618],[7.730097092807151,8.597023906817206],[7.730020155393099,8.597023653064527],[7.730000538538709,8.597138464948108],[7.729827238036266,8.597195331589962],[7.729672916781472,8.597328845144524],[7.729672789244126,8.597367136913824]]],[[[7.72850185459742,8.596654866649148],[7.728502046063425,8.596597429019262],[7.728617707250972,8.596521226568486],[7.728732857918254,8.596598191103608],[7.728732538865396,8.596693920495264],[7.728732219808853,8.59678964988643],[7.728731134989032,8.597115129812773],[7.728653112669479,8.597440355695475],[7.728480003399589,8.597439784053787],[7.728404023429959,8.597152341837399],[7.728211871482317,8.597094268949949],[7.728154934558477,8.596864327868634],[7.728232127232706,8.596787998491621],[7.72850185459742,8.596654866649148]]],[[[7.729211419622842,8.597289030073437],[7.729230207446877,8.597423114724771],[7.729037799978653,8.597441625731873],[7.728999905467748,8.59726918582894],[7.729211419622842,8.597289030073437]]],[[[7.729036523924129,8.597824543324366],[7.729210271353968,8.597633655933071],[7.729306379456061,8.597653119227736],[7.729305677764135,8.597863723924304],[7.729035694457068,8.598073439755309],[7.728959139720349,8.59795831048785],[7.729036523924129,8.597824543324366]]],[[[7.727900034953741,8.598318588081318],[7.727841756929785,8.598490710240004],[7.727668519481931,8.598528429901334],[7.727707690934901,8.59831795247853],[7.727900034953741,8.598318588081318]]],[[[7.728919522313568,8.598302809294706],[7.729054290797028,8.59826496204401],[7.729034354496108,8.598475503213729],[7.728918692723322,8.598551705708132],[7.728937225175591,8.598762373870477],[7.728764115286538,8.598761802269323],[7.728842265587337,8.598398284656584],[7.728919522313568,8.598302809294706]]],[[[7.728452469864817,8.599928684185642],[7.72852985473284,8.599794917221304],[7.728683858265189,8.599757133719534],[7.728702390546916,8.599967801870006],[7.728529343972284,8.599948084210236],[7.728394702549235,8.599947639434818],[7.728336488237216,8.60010061577857],[7.728335913522818,8.60027292862531],[7.728143313014554,8.600348876578181],[7.728105035610473,8.600291311849842],[7.728125036526588,8.600061624965571],[7.728221336713201,8.600023650996356],[7.728221592158792,8.599947067511547],[7.728318147731458,8.599832510024196],[7.728394766401578,8.599928493562274],[7.728452469864817,8.599928684185642]]],[[[7.728621047202107,8.601288613028354],[7.728602131903114,8.601192820122657],[7.72900637669931,8.601098424902142],[7.729102294153406,8.601175325999565],[7.72915904045603,8.601462704697497],[7.728947460187844,8.60146200596758],[7.728831669722509,8.601576500038599],[7.728697219256451,8.601518617665773],[7.728697730044247,8.601365450679284],[7.728621047202107,8.601288613028354]]],[[[7.731259355992901,8.606122136905723],[7.731144202108653,8.606045172672204],[7.731047836730895,8.606102293069243],[7.730874850914722,8.606063430163912],[7.730722247997255,8.605680004744686],[7.730607413283263,8.605507310966342],[7.730531558500077,8.605181577054392],[7.730473917982343,8.605162240744473],[7.730436150120519,8.604951509079008],[7.730282910020851,8.604759542412143],[7.730205907242599,8.604778434351369],[7.73010903167723,8.604988721586192],[7.730108648848858,8.605103596867764],[7.729916301241468,8.60510296187155],[7.729915854534057,8.605236983022463],[7.729703952974311,8.605332013789615],[7.729703633836364,8.605427743174168],[7.729510903067369,8.605541983203958],[7.729471986622783,8.605675877270913],[7.729143973544047,8.605981131064524],[7.729124291713513,8.606115088618056],[7.729008691280479,8.606172144905047],[7.728950475883918,8.606325121191261],[7.728757808333858,8.606420214870898],[7.728757297265521,8.606573381820835],[7.728487754130681,8.606649075169093],[7.728506222180116,8.606878889155041],[7.728602268588594,8.606917498817072],[7.728640738272376,8.606917625981982],[7.728814043507692,8.606860760570171],[7.728872131310388,8.60674607606733],[7.729160589988422,8.606766175360674],[7.729160142927566,8.606900196460572],[7.729524774973728,8.607150300200825],[7.729543371337364,8.607341822477975],[7.72938955623841,8.607322168258854],[7.729274530212763,8.60720691172845],[7.729216314698026,8.60735988803945],[7.729100586122817,8.607455236038431],[7.728889002532853,8.60745453679344],[7.728869064916696,8.607665077773687],[7.728407427803548,8.60766355168352],[7.728425767941655,8.607931657391356],[7.728483089165751,8.608046723377335],[7.728501557156505,8.608276537356689],[7.72840506303527,8.608371948674097],[7.728135774258029,8.608371058124744],[7.727926555901012,8.6076619614174],[7.727830637286029,8.607585059849258],[7.727946430099103,8.607470566423352],[7.727831212724934,8.607412747101796],[7.72773554995183,8.607259262079543],[7.727755232378513,8.607125304684356],[7.727659441809138,8.607010111376017],[7.727794341430293,8.606933973326825],[7.728063884841616,8.606858280515048],[7.728199039998385,8.606705558846512],[7.728372153456541,8.6067061312258],[7.728449284476308,8.606648947992822],[7.728430624753659,8.606476571607134],[7.728565587948089,8.606381287368073],[7.728623739614274,8.606247457032248],[7.728778001364944,8.60613309040576],[7.728894048920803,8.605942013099598],[7.729164166215222,8.605694006527102],[7.729357918671838,8.605273432709728],[7.729550904661116,8.605082609237895],[7.729628737281165,8.604814821045533],[7.729705931547359,8.604738491594519],[7.729745358321964,8.604451430447206],[7.729861213365067,8.604317790325627],[7.729880958566151,8.604164686791702],[7.729881405229329,8.604030665635156],[7.729804466408003,8.604030411634183],[7.729825615389022,8.603456098752782],[7.730017962158534,8.603456733673765],[7.730018855306727,8.603188691335587],[7.73024986263774,8.603132015440293],[7.730346482400051,8.602998311606928],[7.730519913160777,8.602903153348656],[7.73063532108451,8.602903534080284],[7.730865818193164,8.603000024879684],[7.730769007321302,8.603191166531008],[7.730672515159553,8.603286578711234],[7.730691431020746,8.603382371595607],[7.730537170966959,8.60349673925046],[7.730575257714057,8.603611741483132],[7.730690474560004,8.60366955988725],[7.73078594665667,8.603880481903724],[7.731054403796617,8.604130266686136],[7.731130577707222,8.604360271104198],[7.73093797536568,8.604436220221581],[7.730841164056967,8.60462736182953],[7.730994276909718,8.604857620082448],[7.731109621693411,8.604877146645498],[7.731224392760068,8.60506898617341],[7.731261714827983,8.605413739044996],[7.731396039615994,8.605509912544736],[7.731414955692919,8.60560570542512],[7.731626538464378,8.605606403131976],[7.731664498210271,8.605759697105047],[7.731932574835455,8.606124356882805],[7.73193231994942,8.606200940453764],[7.732124222273272,8.606335595780816],[7.732123903705567,8.60643132525055],[7.731950598950901,8.606488192255405],[7.731912702779722,8.606315752396606],[7.731624881364525,8.60610419629175],[7.731644562333218,8.60597023848257],[7.731472022671772,8.605797354618053],[7.731471257758433,8.606027105292736],[7.731317060458059,8.606122327235614],[7.731259355992901,8.606122136905723]]],[[[7.731469755992717,8.583338959577024],[7.731566305775275,8.58322440042697],[7.731777304132009,8.58339740947883],[7.731796220023964,8.583493202302316],[7.731584458793079,8.583549944204934],[7.731469755992717,8.583338959577024]]],[[[7.732927768937316,8.584473374559009],[7.73288872985133,8.584645561442194],[7.732753712483293,8.584759994494645],[7.732772628644609,8.584855787308982],[7.732618250342717,8.585008448919615],[7.732484566982353,8.584720817568831],[7.73242807287727,8.584356855443742],[7.732678429018967,8.584261947717474],[7.732774280096121,8.584357993379315],[7.732928022970659,8.584396790872246],[7.732927768937316,8.584473374559009]]],[[[7.731537153640124,8.586211099295628],[7.731690960619122,8.586230751457762],[7.731651793523503,8.586441229913824],[7.731536390532944,8.5864408502092],[7.73144053936618,8.586344804218909],[7.731537153640124,8.586211099295628]]],[[[7.732012659008611,8.587820937764326],[7.731897700679354,8.58768653673205],[7.731802421432047,8.587418177586605],[7.732014121301543,8.587380581794074],[7.732032846576738,8.587533812359926],[7.732147677777633,8.587706505178476],[7.732397718485229,8.587707327552009],[7.732570378745749,8.587841918202646],[7.732435232908678,8.587994642776305],[7.73231982941358,8.587994263238063],[7.73216557665282,8.588108632607993],[7.732050681770049,8.58795508569124],[7.732012659008611,8.587820937764326]]],[[[7.732941139811516,8.59203613861251],[7.732864012611516,8.592093323314714],[7.732344818453506,8.592053323070258],[7.732345263613421,8.591919301701148],[7.732460795471717,8.591881389582216],[7.732672307138611,8.591901231523376],[7.732711538261546,8.591671607108328],[7.732865474660706,8.591652967296122],[7.732941521197359,8.591921263126608],[7.732941139811516,8.59203613861251]]],[[[7.731167590595342,8.59323650656641],[7.731090844912023,8.59317881544043],[7.731072247408463,8.592987293088399],[7.731322291470081,8.59298811666155],[7.731359868658562,8.593256285970533],[7.731167590595342,8.59323650656641]]],[[[7.73175761323965,8.595114768641286],[7.731834804893175,8.595038438378992],[7.731856139260619,8.594406686897525],[7.732029247381864,8.594407256822],[7.732027974786337,8.594790174920556],[7.731892825891706,8.594942898861873],[7.731969126581696,8.5951346112201],[7.732219108513203,8.595154580321013],[7.732218917639357,8.595212018038309],[7.732141916898407,8.59523091066765],[7.732045045527452,8.59544119899811],[7.732044790985145,8.595517782614813],[7.732064025277669,8.595517845942297],[7.732063643465586,8.595632721367627],[7.73215943317092,8.595747913423857],[7.732158860478337,8.595920226565928],[7.731985306165381,8.596053677922791],[7.731909641795892,8.595670506520014],[7.731717298811848,8.595669873113728],[7.731544190138782,8.595669302965987],[7.731391461806147,8.595324169915504],[7.731469226529534,8.595075526642384],[7.731469417513154,8.595018088941424],[7.731546354566163,8.595018342345913],[7.731699910430349,8.595114578618892],[7.73175761323965,8.595114768641286]]],[[[7.730545854522377,8.595110776356663],[7.730585151210912,8.594862006535159],[7.730469809432623,8.594842480248488],[7.730412488967058,8.594727414682932],[7.730586043055027,8.594593964018433],[7.73073998063381,8.594575325244758],[7.730952130376556,8.594403709362014],[7.731106067880744,8.594385070428054],[7.73125898669443,8.594672765818817],[7.731219690472924,8.594921535778091],[7.730911942392197,8.594920521818333],[7.73062311008542,8.595015300478343],[7.730584323044107,8.595110903154419],[7.730545854522377,8.595110776356663]]],[[[7.730908885187835,8.595839524817967],[7.730890415232198,8.595609710686459],[7.730986586676283,8.595610027605867],[7.731100973453171,8.595916742227375],[7.730889332404622,8.595935190906278],[7.730908885187835,8.595839524817967]]],[[[7.731849010995564,8.596551028004923],[7.731906332119414,8.596666093448636],[7.73152164516267,8.596664826391182],[7.731579793873782,8.59653099517707],[7.731849010995564,8.596551028004923]]],[[[7.732270002997887,8.59720338212107],[7.732309044468201,8.59703119563658],[7.732213381722137,8.596877711763721],[7.732175485747958,8.596705271968236],[7.732233697886526,8.596552294718744],[7.732560872642705,8.596495933402586],[7.732887856539528,8.596497009522585],[7.732886838906002,8.596803344071125],[7.732963839960748,8.596784451334946],[7.733003389820865,8.596459097442757],[7.733234138412985,8.596479002729287],[7.733407629012832,8.596364696690438],[7.733369668923924,8.59621140285051],[7.733370558953866,8.595943360062316],[7.733236300163868,8.59582804170892],[7.73339036541597,8.59577111010242],[7.733543985691593,8.595848199832652],[7.73346653987097,8.596001114117435],[7.733466222028354,8.596096843688366],[7.733484502825286,8.596384095661115],[7.733753783696081,8.596384981240522],[7.733831102406955,8.596270358728923],[7.73383129306194,8.5962129209788],[7.734081212427253,8.596252034904529],[7.734061469756686,8.5964051390191],[7.733945745908355,8.596500489186186],[7.73369544504741,8.596576250643984],[7.733502465759582,8.596767077201772],[7.733271208284842,8.59690033934485],[7.733232294432425,8.59703423417006],[7.733020589088866,8.59707182985463],[7.732885694023312,8.59714797043228],[7.732596987464125,8.597204458575895],[7.73257737134916,8.59731927070094],[7.732442730641952,8.597318827475714],[7.732442221601789,8.597471994717594],[7.732325987955142,8.597720511520174],[7.732267457390889,8.597969218271167],[7.731998239213839,8.59794918558908],[7.732094856847109,8.597815481002232],[7.732095556995077,8.597604876076511],[7.732153260189911,8.597605066094236],[7.732230388711175,8.59754788172733],[7.732269812085523,8.597260819833407],[7.732270002997887,8.59720338212107]]],[[[7.731248606700903,8.597793547117465],[7.731402736655182,8.59771747057312],[7.731595080648065,8.59771810428621],[7.731575336835867,8.597871208106309],[7.73128688442999,8.597851111572904],[7.731248606700903,8.597793547117465]]],[[[7.73178322242362,8.59898236726341],[7.731706602956698,8.598886384299169],[7.731726665207667,8.598637550987043],[7.731822582763362,8.598714451405726],[7.73178322242362,8.59898236726341]]],[[[7.732454965007372,8.599424940278862],[7.732340512794754,8.599137371706375],[7.732456174228989,8.599061168112367],[7.732667753453997,8.599061864720664],[7.73257107198364,8.59921471533066],[7.7325704992426,8.599387028469355],[7.732627693627727,8.599540385691476],[7.732626611780283,8.599865866064913],[7.732511650198896,8.599731464740035],[7.732377008643601,8.599731021368452],[7.732454646782335,8.59952066979519],[7.732454965007372,8.599424940278862]]],[[[7.731666096199189,8.59949892628407],[7.731781948893464,8.599365285234589],[7.731761631845748,8.599690702131841],[7.731646352218077,8.599652030084794],[7.731666096199189,8.59949892628407]]],[[[7.730833277286298,8.601219330359129],[7.730873276088886,8.60075995585805],[7.731046705652318,8.600664797184722],[7.731046259576073,8.60079881842544],[7.73104555858454,8.601009423230355],[7.731141667673366,8.601028886200458],[7.731141858840601,8.600971448524536],[7.731237904210988,8.601010057362629],[7.73125618300748,8.60129730916075],[7.731178671185802,8.601469368541462],[7.731120967428141,8.601469178292911],[7.73112071251903,8.601545761858173],[7.731158289524978,8.601813931172622],[7.731100521984956,8.601832886804303],[7.731100139597834,8.601947762149003],[7.731157652240602,8.602005390084557],[7.731176249564226,8.602196912415202],[7.731175357334285,8.602464954887912],[7.731040714883714,8.602464510909043],[7.730982628527512,8.602579195953652],[7.730924924606277,8.602579005651355],[7.73092639070637,8.602138650203973],[7.730888622642713,8.601927918557884],[7.730812257923312,8.601755351821684],[7.730812640388489,8.601640476488711],[7.730755446581646,8.601487119073242],[7.730428331153649,8.601524332294359],[7.730544184946981,8.601390691783445],[7.730755956540719,8.601333951963714],[7.730775573574233,8.601219140064282],[7.730833277286298,8.601219330359129]]],[[[7.731873281733317,8.60082069034252],[7.731912132942535,8.600705941703508],[7.732123840376858,8.600668346943817],[7.732161991137474,8.600764203164484],[7.732296633046313,8.600764646664114],[7.732237974370423,8.601051645102084],[7.732064608512795,8.60112765842941],[7.731872199078418,8.601146170598913],[7.731814813800908,8.601050250976973],[7.731873281733317,8.60082069034252]]],[[[7.732002319450913,8.602505972947636],[7.732097983185357,8.60265945702164],[7.732135815634994,8.602851042751098],[7.732212754288072,8.602851296251457],[7.732365358075481,8.603234721187297],[7.732384019662496,8.603407097645468],[7.732518471501581,8.603464978902034],[7.732441023305492,8.603617892637887],[7.732247912024794,8.603847009686271],[7.732151674763123,8.603865838677486],[7.732093397349736,8.60403796158746],[7.73172787393195,8.604055902939006],[7.731632273811239,8.603883272861841],[7.731690487673547,8.603730295940498],[7.731806087028362,8.603673238674656],[7.731864237075154,8.603539407605462],[7.731806915234833,8.603424342047507],[7.731653420011098,8.603308959475019],[7.731635141037772,8.60302170766761],[7.731732015157998,8.602811419832884],[7.73186716735963,8.602658696422438],[7.731790419862044,8.602601005173062],[7.731790674668362,8.602524421592035],[7.731809973012598,8.602505339087982],[7.732002319450913,8.602505972947636]]],[[[7.730507603203026,8.60659830887833],[7.730547093575372,8.60629210173385],[7.730681737352204,8.606292546081457],[7.730873128965784,8.606580369050763],[7.730891853587622,8.606733599593687],[7.730602948101875,8.606847522765044],[7.730487794181159,8.606770558325206],[7.730507475609981,8.60663660064168],[7.730507603203026,8.60659830887833]]],[[[7.731177187984611,8.607691845803524],[7.731216741837271,8.607366492659422],[7.731466922849261,8.607329025729598],[7.731466476569985,8.607463046945927],[7.731600610820563,8.60761665814291],[7.731620738179755,8.607348679133567],[7.73173614749911,8.607349059730085],[7.731736593677533,8.60721503849891],[7.731564053486976,8.607042154598853],[7.731564563455308,8.606888987485245],[7.731642140314981,8.6066977823184],[7.731719079729836,8.606698036029945],[7.731911938085312,8.606545503104485],[7.731968814224053,8.606794589948393],[7.732141290812037,8.606986619572831],[7.732140653632608,8.607178078506614],[7.732294405266272,8.6072168775318],[7.732292876154065,8.607676378991469],[7.732157913194328,8.607771664601309],[7.732022376596607,8.60803926317823],[7.73177238634079,8.608019292739483],[7.731445201422744,8.608075651902011],[7.731483224953367,8.608209800011561],[7.731405711364314,8.608381859188944],[7.731155529645293,8.608419325975882],[7.730924710415604,8.608418564305886],[7.730616951475652,8.608417548530513],[7.730385940846271,8.608474224174316],[7.73015512165246,8.60847346203764],[7.730136269692935,8.608358523257285],[7.730618227537557,8.608034630912572],[7.730714721087745,8.607939218945207],[7.73088809042433,8.607863206740703],[7.731061140811643,8.607882923870655],[7.731176996671086,8.607749283460223],[7.731177187984611,8.607691845803524]]],[[[7.733949300942065,8.578024480624203],[7.734083998328161,8.578005776400412],[7.734121704366619,8.578235653837027],[7.734044263365615,8.578388568925247],[7.733736718534616,8.578330121351632],[7.733660228754927,8.578195847339192],[7.733660355604261,8.578157555472524],[7.733641249024719,8.578119200485029],[7.733602782168581,8.578119074240648],[7.733603226154784,8.577985052709433],[7.733776200116245,8.578023912638697],[7.733949300942065,8.578024480624203]]],[[[7.735389781431729,8.57864188109187],[7.735678220134449,8.578661972500464],[7.73565841670394,8.578834223004824],[7.735504675548885,8.578795426874036],[7.735158409647735,8.578813438063353],[7.735158853125071,8.57867941645604],[7.735389781431729,8.57864188109187]]],[[[7.734810686166907,8.579271805580548],[7.734830299905109,8.579156993005437],[7.734964934333821,8.579157434468765],[7.735060087978559,8.579464084852804],[7.734849153157064,8.57927193172135],[7.734810686166907,8.579271805580548]]],[[[7.733964475949466,8.579249883578727],[7.733926452907017,8.57911573580986],[7.734176361353632,8.579154848087136],[7.734214130867081,8.57936557958964],[7.734040585511035,8.579499033179273],[7.733963905186146,8.579422196988732],[7.733964475949466,8.579249883578727]]],[[[7.735981016914772,8.580156364807308],[7.735826451884424,8.580366466041868],[7.735576288957652,8.58040393847847],[7.735614312665192,8.58053808617851],[7.735536428165891,8.580825023180637],[7.735363516042354,8.580767017893086],[7.735306322208855,8.580613661180081],[7.735345232847888,8.580479765686514],[7.735326759579859,8.58024995130997],[7.735519791876665,8.58003997639256],[7.735577302465415,8.580097603350195],[7.735789124767201,8.580021712933924],[7.735885609102356,8.57992629832181],[7.735981206883954,8.580098926961387],[7.735981016914772,8.580156364807308]]],[[[7.733197803280063,8.584244508224629],[7.733294416364007,8.584110802680271],[7.733294797286566,8.583995927131491],[7.733429623778786,8.583938931600226],[7.733525221100327,8.584111560798464],[7.733293654503024,8.584340553775727],[7.733197422317143,8.584359383767604],[7.733197803280063,8.584244508224629]]],[[[7.73350205151911,8.585298545021116],[7.733578478812045,8.585451965140587],[7.733462885565855,8.585509023829873],[7.733386267837198,8.585413041465488],[7.73350205151911,8.585298545021116]]],[[[7.735281675855662,8.593862712341847],[7.735416696214743,8.59374827881273],[7.73539606595469,8.594169426138794],[7.735261426211696,8.594168984059808],[7.735281675855662,8.593862712341847]]],[[[7.734973864666687,8.593880847678427],[7.73516608005796,8.5939197711859],[7.734972214225018,8.594378641787848],[7.734645485865135,8.594300984001585],[7.734646374798162,8.59403294105412],[7.734877693509429,8.593880531817641],[7.734973864666687,8.593880847678427]]],[[[7.734489833697058,8.594836564308627],[7.734586513102061,8.594683712910806],[7.734740260272913,8.594722510289689],[7.734701220253059,8.594894697234011],[7.734624156126879,8.59493273631111],[7.73462358460247,8.595105049625404],[7.734508242368736,8.595085524508198],[7.734489833697058,8.594836564308627]]],[[[7.735200740344373,8.595068653222608],[7.73523978017538,8.594896466199103],[7.735355185887983,8.594896845165133],[7.735393146749947,8.595050138916024],[7.735315892232725,8.595145615923322],[7.735200740344373,8.595068653222608]]],[[[7.732947340271648,8.595961113913361],[7.732754997063515,8.59596048100405],[7.732890146077398,8.595807756770153],[7.732947340271648,8.595961113913361]]],[[[7.736005726134222,8.595932872405736],[7.735832870848039,8.595855720440467],[7.735697215187313,8.596161613320975],[7.735581745613574,8.596180380331887],[7.735426918717558,8.596467063979084],[7.735331572094395,8.596217851076377],[7.735389973349285,8.596007435366321],[7.735524677212564,8.595988731564658],[7.735563653595332,8.595835690438765],[7.735679059606507,8.595836069348838],[7.735679757612414,8.59562546410847],[7.735776563726556,8.595434320514011],[7.73627646572558,8.595493399662459],[7.736256724003681,8.595646504028613],[7.736314046457338,8.595761568994082],[7.736449003898956,8.595666281103032],[7.736467540657807,8.595876949515942],[7.736563585553609,8.59591555692722],[7.736679308663374,8.595820205850046],[7.736775416975839,8.595839667270678],[7.736774719557087,8.596050272598127],[7.736563141665338,8.596049578487982],[7.736562824597892,8.596145308173657],[7.736543209748591,8.596260120687571],[7.736638620626642,8.596490187468303],[7.736927136279608,8.596491133944923],[7.736926692488886,8.596625155520561],[7.736753392808094,8.59668202546552],[7.73671416310237,8.596911650511773],[7.73657952232291,8.596911208753678],[7.736406666468442,8.596834056969024],[7.736426217987485,8.596738390411096],[7.736426725384012,8.596585222926596],[7.736099867843027,8.596545857933792],[7.736061208767492,8.59660316946478],[7.735791990957525,8.596583139545519],[7.735734668585402,8.596468074512014],[7.735946627322001,8.596353893517325],[7.736043370110235,8.59618189580339],[7.736139541890999,8.59618221145701],[7.736197688984983,8.596048379296825],[7.736005535812899,8.59599031020514],[7.736005726134222,8.595932872405736]]],[[[7.734638182826632,8.596502765211445],[7.734638436877945,8.59642618152151],[7.734830843964328,8.596407667600236],[7.734810847551255,8.596637355488966],[7.734676206967952,8.596636913079445],[7.734638182826632,8.596502765211445]]],[[[7.735405653101425,8.5970796705049],[7.735347378570842,8.597251794329539],[7.735154907546899,8.59728945437575],[7.735155415486896,8.597136286971104],[7.735405653101425,8.5970796705049]]],[[[7.735269234674306,8.597615314217185],[7.735442852324984,8.597462715399285],[7.735480876807435,8.597596863236067],[7.73538451424237,8.597653985147046],[7.735384069848713,8.597788006634488],[7.735153256677059,8.597787248432244],[7.735173126059249,8.597595852368677],[7.735269234674306,8.597615314217185]]],[[[7.735495286473925,8.59905201686074],[7.73557273233891,8.59889910216328],[7.735707119856666,8.598976128086651],[7.735706231150167,8.599244171075757],[7.735533247564119,8.599205310633565],[7.735495286473925,8.59905201686074]]],[[[7.735298305709155,8.600449037461054],[7.735299004305569,8.600238432302111],[7.73549166735058,8.600143334627177],[7.735569113502504,8.599990419971132],[7.735721974085794,8.600297260247096],[7.735644083461434,8.600584196412928],[7.735393652963985,8.600698250468522],[7.735374926441607,8.600545019878918],[7.735298305709155,8.600449037461054]]],[[[7.735417321539877,8.605159376668906],[7.735416876763989,8.605293398105927],[7.735320575622373,8.605331373777314],[7.735243127979846,8.605484288170778],[7.735147144550426,8.605426534202198],[7.735167396203301,8.605120262764284],[7.735417321539877,8.605159376668906]]],[[[7.735377199821047,8.605657044104024],[7.735512161313737,8.605561757129228],[7.735666103447651,8.605543117001545],[7.735723236180534,8.605715619950828],[7.735434713682167,8.605714671563838],[7.735377199821047,8.605657044104024]]],[[[7.735086961255664,8.606173035207986],[7.73502976522157,8.606019678115786],[7.734933845278331,8.605942778165439],[7.734934353826126,8.605789610842614],[7.735069251898272,8.605713469963185],[7.735242301816334,8.60573318510348],[7.735261091787247,8.605867269770698],[7.73547242085308,8.6059445490606],[7.73549133799008,8.60604034188975],[7.735356503404483,8.60609733699321],[7.735375356964658,8.606212275742502],[7.735125430961291,8.606173161713537],[7.735086961255664,8.606173035207986]]],[[[7.734258208956637,8.606668108063147],[7.734412469534784,8.606553738958244],[7.734604754620372,8.606573517724767],[7.734739843790305,8.60643993927368],[7.734777868449869,8.606574087212737],[7.7345081351061,8.606707222688867],[7.734258081739449,8.606706399882182],[7.734258208956637,8.606668108063147]]],[[[7.734833729217343,8.60712950852019],[7.73498760841451,8.607130014676413],[7.734930666641824,8.606900073904832],[7.735334726438306,8.606863110462125],[7.735335107770578,8.606748234957745],[7.735546627954145,8.606768076519348],[7.735777573663724,8.60673054342975],[7.735777255999023,8.606826273033288],[7.736123420540988,8.606846556832469],[7.736200169582474,8.606904247423316],[7.736161064633949,8.60709558024796],[7.736372331093622,8.60719200508789],[7.736468632666233,8.607154029209445],[7.736468823168638,8.607096591432963],[7.73668066114165,8.607020702771374],[7.736641619899617,8.607192889750163],[7.736640730988565,8.607460932722175],[7.736294248236119,8.607536378924022],[7.736159603726271,8.607535936477333],[7.736063302032,8.607573912259262],[7.735967127380508,8.607573596171607],[7.735793822402218,8.607630464913303],[7.735389698195799,8.607686574642868],[7.735312758471654,8.607686321636645],[7.735062513656771,8.607742937003602],[7.734985573931005,8.607742683930288],[7.734446614271692,8.607855787445263],[7.734292734813704,8.607855281030272],[7.734292671198011,8.607874426938874],[7.734196496536708,8.607874110397542],[7.73421668574661,8.607586985085206],[7.734313114785402,8.607510717974744],[7.734640171947232,8.607492648061452],[7.734717493159004,8.607378025723452],[7.734717874700529,8.607263150249645],[7.734737554723881,8.60712919214131],[7.734833729217343,8.60712950852019]]],[[[7.733234177099486,8.608043256768058],[7.733023102284791,8.607889392557071],[7.732985651324229,8.607582931432063],[7.733062845658401,8.60750660130164],[7.733428436190103,8.607469513251884],[7.733447161849685,8.607622743818624],[7.733350668975665,8.607718156584044],[7.733792881201902,8.607777051136845],[7.733734539992787,8.607968320186579],[7.733311116833648,8.608043510200481],[7.733234177099486,8.608043256768058]]],[[[7.736696382214876,8.584849517009777],[7.736715932610937,8.584753850279975],[7.736927314323766,8.584811981254592],[7.737004566015671,8.584716503513512],[7.737119652226554,8.584812611268616],[7.737099658800369,8.585042299697777],[7.736753450380419,8.585041165555443],[7.736696382214876,8.584849517009777]]],[[[7.73909630898861,8.586159312483652],[7.738903401259128,8.586330997035807],[7.738922066135261,8.586503373631922],[7.739095107932408,8.586523085829503],[7.73895983846962,8.586714105075343],[7.738729094909307,8.586694204019985],[7.738729600780623,8.586541036319304],[7.738517964755211,8.58655949000471],[7.738479307238078,8.586616802005944],[7.737979226096131,8.586615165191995],[7.737883689412936,8.586423390781594],[7.737903809110908,8.586155410356243],[7.73786584756773,8.586002116766021],[7.738231860149515,8.585830999349463],[7.738366497107062,8.585831439965775],[7.738636340132355,8.585660007392612],[7.738713085830039,8.585717696983595],[7.73894389202187,8.58571845199914],[7.738904602470633,8.585967223713299],[7.739096751469694,8.58602529072288],[7.73909630898861,8.586159312483652]]],[[[7.735669132106115,8.587220272332502],[7.735995981700519,8.587259636547843],[7.735937899709191,8.587374322979292],[7.735822496244641,8.587373944516738],[7.735745116876913,8.587507713766724],[7.735629966963335,8.587430751485579],[7.735669132106115,8.587220272332502]]],[[[7.737087222868041,8.59461533637331],[7.737298736641877,8.594635176024765],[7.73733752203315,8.59453957241932],[7.737472225371345,8.59452086784615],[7.737761246356373,8.594368645902087],[7.738107843305018,8.594254904658952],[7.73828126834285,8.59415974200541],[7.738280445264464,8.594408639377072],[7.738068234899523,8.594599405724184],[7.737875701986057,8.594656213316267],[7.73797143012286,8.594790550099427],[7.737971176789552,8.59486713389476],[7.738028309719354,8.595039636514493],[7.737893732870745,8.595020049363114],[7.737720624077681,8.595019482033868],[7.737605915097672,8.594808498364749],[7.737279058785073,8.594769134571923],[7.737067164669457,8.594864170552142],[7.73695131519337,8.59499781368866],[7.736932904905758,8.594748853374865],[7.736702156830549,8.59472895042703],[7.736818006287606,8.59459530736448],[7.73701028573084,8.594615084087273],[7.737087222868041,8.59461533637331]]],[[[7.735969477834096,8.595262638474773],[7.736008897962036,8.594975575723229],[7.736297412399274,8.59497652250608],[7.736393330230115,8.595053421800168],[7.73633480289185,8.59530212964621],[7.736238885019701,8.595225230331174],[7.736123288880558,8.595282289419679],[7.735969477834096,8.595262638474773]]],[[[7.738312898459837,8.596227630727705],[7.738371044848161,8.596093798130427],[7.738506065325722,8.595979363510999],[7.738640642568305,8.595998950500757],[7.738775599640075,8.595903661723446],[7.738851967409432,8.596076227282225],[7.738601667348756,8.596151992112812],[7.73848632442871,8.596132468113321],[7.738370538261657,8.596246965734125],[7.738370158315634,8.59636184143608],[7.738196985548335,8.596380420182086],[7.738216726586688,8.59622731561513],[7.738312898459837,8.596227630727705]]],[[[7.737101576833958,8.596089636967614],[7.737178767800214,8.59601330551137],[7.737486010574054,8.596167482143489],[7.737408376016062,8.59637783526747],[7.73713909476872,8.596376952244045],[7.737004707728333,8.596299926901073],[7.737101576833958,8.596089636967614]]],[[[7.73902381093288,8.596459713276275],[7.739061140459508,8.59680446643911],[7.738868669763971,8.596842128428714],[7.738869049581427,8.596727252707467],[7.738638489995109,8.596649912878945],[7.738562312198785,8.59641990942537],[7.73865848413334,8.596420224458653],[7.73873618135569,8.596190725031626],[7.739063165773651,8.59619179587091],[7.739198122836664,8.596096506941022],[7.739486954809683,8.59600172166308],[7.739486258874401,8.596212327209724],[7.739332067436812,8.59630755327522],[7.73912055247963,8.596287714593476],[7.739024127394573,8.596363983500979],[7.73902381093288,8.596459713276275]]],[[[7.737501506048114,8.59729715586917],[7.737577746645359,8.597508013512204],[7.737442154895812,8.597794761157395],[7.73744152106779,8.597986220576125],[7.737307006651407,8.597947487135984],[7.737346870062168,8.597526402590846],[7.737424124699585,8.597430925183666],[7.737309035056303,8.597334817019874],[7.73723260447276,8.597181397171381],[7.737252472750877,8.59699000083926],[7.737368005946011,8.596952087409239],[7.737445450565456,8.596799172148627],[7.737599325748975,8.596799676658666],[7.737713971800856,8.597029806339195],[7.737521754442768,8.59699088384588],[7.737502203168299,8.59708655049605],[7.737501506048114,8.59729715586917]]],[[[7.737270122495641,8.597468712448944],[7.737307957484877,8.59766029802154],[7.737250000602336,8.597736692537596],[7.737115422901692,8.597717104985184],[7.737173950348432,8.597468397030811],[7.737270122495641,8.597468712448944]]],[[[7.738115994124647,8.59760550872388],[7.738308465236065,8.597567847178386],[7.73828840738912,8.597816681476312],[7.738134341711236,8.597873615023575],[7.738115994124647,8.59760550872388]]],[[[7.736538009168527,8.597830087441958],[7.73665316213774,8.597907049891415],[7.736652654752948,8.598060217378865],[7.736440822018058,8.598136106777623],[7.736441646659196,8.597887209631292],[7.736538009168527,8.597830087441958]]],[[[7.738747881500779,8.598469156333612],[7.738767495913117,8.598354343640766],[7.738921308490608,8.598373993665383],[7.738863035186649,8.598546118211612],[7.738747691535404,8.598526594186447],[7.738747881500779,8.598469156333612]]],[[[7.738205577981214,8.59959700238429],[7.73809017071924,8.599596624067114],[7.738052271911709,8.599424184450614],[7.738167742477574,8.599405416825887],[7.738245187441366,8.59925250144894],[7.738418234846431,8.599272214767261],[7.738340473194225,8.599520859923127],[7.738205577981214,8.59959700238429]]],[[[7.738437216002001,8.599348861595134],[7.738572174421865,8.599253573083598],[7.738572301094085,8.599215281185767],[7.738880686751955,8.59902483001188],[7.738996093876186,8.599025208067147],[7.738879673628289,8.599331165231893],[7.738706499482674,8.599349744013463],[7.738704156163948,8.60005814414255],[7.738664990299918,8.60026862351929],[7.738991154996326,8.600518592284283],[7.738951925873936,8.600748217651594],[7.738816903610119,8.600862652175648],[7.738739395096675,8.601034713589486],[7.738605132841079,8.600919396645033],[7.738740155180251,8.600804962207688],[7.738779701114743,8.60047960713602],[7.738607159871937,8.60030672631549],[7.738588368688909,8.60017264164368],[7.73843442873561,8.600191283279557],[7.738357807202057,8.600095301368276],[7.738377801990121,8.599865613053012],[7.738493146001468,8.599885137243396],[7.738512950652212,8.599712886749405],[7.738436582557243,8.599540321072174],[7.738437216002001,8.599348861595134]]],[[[7.736416321880347,8.599725156109931],[7.736666307441305,8.59974512278705],[7.736685224806406,8.59984091558642],[7.736185126683789,8.599839273941162],[7.736127803838232,8.59972420889727],[7.736416321880347,8.599725156109931]]],[[[7.73683301144114,8.60167943029275],[7.736640855412704,8.601621361110922],[7.736621620778215,8.601621297967544],[7.736564424509359,8.601467941077718],[7.736449016754472,8.601467562186828],[7.73637176093589,8.601563039225404],[7.736371887863632,8.601524747364774],[7.736468695585534,8.6013336038195],[7.736680276400795,8.60133429840483],[7.736776449504503,8.60133461408701],[7.736776386062445,8.601353760020523],[7.73689179379752,8.601354138808288],[7.737064524841475,8.601469582538593],[7.737083061759535,8.601680250949903],[7.736967653917199,8.601679872205239],[7.73683301144114,8.60167943029275]]],[[[7.737947606554612,8.601989425499792],[7.738082566102997,8.601894137325166],[7.738275736510646,8.601645870730895],[7.738333060255803,8.601760935578874],[7.7383321097342,8.602048124746238],[7.738197467056978,8.602047683292298],[7.738159568117061,8.601875243665598],[7.738005183773213,8.602027906620215],[7.737908376538571,8.602219050631158],[7.737561201273874,8.602505104040102],[7.737560059846076,8.602849730924179],[7.737444651628408,8.602849352271473],[7.737329814240119,8.602676660158314],[7.737445539490789,8.602581309151928],[7.737445856577541,8.60248557946545],[7.737638774086497,8.602313897057291],[7.737947606554612,8.601989425499792]]],[[[7.736792511891519,8.602291973879513],[7.736831552242669,8.60211978676041],[7.736928296506639,8.601947789027808],[7.737081983442369,8.602005731849804],[7.737004283577686,8.602235230560739],[7.736792511891519,8.602291973879513]]],[[[7.736081019670897,8.602232199252024],[7.73635049535185,8.602175645823902],[7.736388647332327,8.6022715017937],[7.736349606762061,8.602443688835404],[7.73621451969551,8.602577268165101],[7.736060959697635,8.60248103312988],[7.736081019670897,8.602232199252024]]],[[[7.738615180733763,8.60369562188578],[7.738596706388635,8.603465807488611],[7.738674342338877,8.603255454313887],[7.738501356494636,8.603216594907687],[7.738502497120873,8.602871967904635],[7.738656501535592,8.60283418045368],[7.738657198473433,8.602623575046863],[7.738829994036322,8.602719872189827],[7.738848531903002,8.602930540652242],[7.738963940207936,8.6029309188875],[7.738945275589501,8.602758542317856],[7.739118451312205,8.602739963653534],[7.739098646574253,8.602912214169091],[7.73919482016601,8.602912529304373],[7.73927194902682,8.602855343543883],[7.739253664229097,8.602568091265425],[7.739465182641212,8.602587930370811],[7.739542121459778,8.602588182398256],[7.739657276464122,8.602665144224924],[7.739791159818811,8.602895336652645],[7.739790780002615,8.603010212378125],[7.739502069144391,8.603066705192434],[7.739386280828584,8.603181202819133],[7.739328006673578,8.603353327318295],[7.739154197279131,8.603563365527965],[7.738808098493187,8.603523938914053],[7.738826066103361,8.603906920889058],[7.73882581266902,8.603983504673533],[7.738922176582406,8.603926382075468],[7.739019237292085,8.603658654023931],[7.739153690560505,8.603716533118762],[7.739346038157617,8.603717163396244],[7.739345278178009,8.603946914797191],[7.739421520643319,8.604157772342768],[7.739248027563774,8.604272080796365],[7.739094085919095,8.604290722458385],[7.738940524398966,8.60419448837663],[7.738844350493225,8.604194173131205],[7.738844033693791,8.604289902861003],[7.738997848630762,8.604309553194884],[7.73899746851209,8.604424428876714],[7.738843463445592,8.604462216373415],[7.73870970703133,8.604193731747248],[7.73876753809774,8.60415562902665],[7.73876766482363,8.604117337135657],[7.738633211500888,8.604059457895127],[7.738614737159039,8.603829643498946],[7.738615180733763,8.60369562188578]]],[[[7.736096762563899,8.603285288416322],[7.736250767249979,8.603247501987836],[7.736405025811544,8.603133131777431],[7.736424577884565,8.603037465296769],[7.736578518989047,8.603018824647807],[7.736597182515658,8.603191201177465],[7.736481647295988,8.603229114080046],[7.736385092867889,8.603343673827329],[7.73626981151786,8.603305002945111],[7.736230643750531,8.603515481797372],[7.736172749103439,8.603572730042021],[7.735999700041287,8.603553015453002],[7.736000081024298,8.603438139899296],[7.736096762563899,8.603285288416322]]],[[[7.737113347707965,8.604150202738749],[7.737094557068525,8.604016118068504],[7.736902082576349,8.604053778507419],[7.7369785774457,8.604188052615756],[7.736766931558231,8.604206503896446],[7.736748585287032,8.603938397712197],[7.736517323945434,8.604071661293046],[7.736517704795756,8.603956785719385],[7.736344528554983,8.603975363113625],[7.736324976380008,8.604071029575827],[7.736055689813032,8.60407014501028],[7.736037344039879,8.60380203886344],[7.736076004006651,8.60374472746169],[7.73638388678445,8.603707446467723],[7.736402677169317,8.603841531136494],[7.736518022166993,8.60386105607413],[7.736653553922491,8.603593455184745],[7.736750679482256,8.603306581987418],[7.736827428001853,8.603364272374202],[7.73682647616606,8.603651461350319],[7.736902970946449,8.603785735460923],[7.736960675184268,8.603785924893275],[7.736998827429282,8.603881780840165],[7.737229136944129,8.604035705942774],[7.737228819744951,8.60413143561353],[7.737209521538191,8.60415051841521],[7.737113347707965,8.604150202738749]]],[[[7.737555747357321,8.604151654651545],[7.737633130371573,8.60401788554622],[7.737844585954895,8.604056871583845],[7.737883752953764,8.603846392452404],[7.738056992557122,8.603808668405176],[7.738094701326738,8.604038545868066],[7.73788267504469,8.604171873416647],[7.73784350798561,8.604382352539606],[7.737554922833841,8.604400551824465],[7.737555747357321,8.604151654651545]]],[[[7.735979068310003,8.603974162617968],[7.736055562815398,8.604108436861164],[7.735977734739879,8.60437622703843],[7.735900795666558,8.604375974246313],[7.735882577035146,8.60406957626153],[7.735979068310003,8.603974162617968]]],[[[7.738111907377703,8.604651279049552],[7.738168914399536,8.604862073664457],[7.737957268095146,8.604880525553884],[7.737957902179969,8.604689066165342],[7.738111907377703,8.604651279049552]]],[[[7.73608920612924,8.605563653537345],[7.736204234091259,8.605678908265315],[7.736146148544172,8.60579359422505],[7.735954054202979,8.605716378504706],[7.73608920612924,8.605563653537345]]],[[[7.738643129573864,8.606873974619306],[7.738585171259483,8.606950369137458],[7.738584537320708,8.607141828550017],[7.738334293051746,8.607198446169823],[7.738142070607061,8.607159523257744],[7.738200853401559,8.60683423162414],[7.738335117338269,8.60694954895794],[7.738335941600058,8.606700651742765],[7.738182696484663,8.606508687563835],[7.738490327996705,8.606547988945263],[7.738510830743201,8.606165133203332],[7.738587770255479,8.606165385525603],[7.738682423431373,8.606625203529939],[7.738643383131344,8.606797390851716],[7.738643129573864,8.606873974619306]]],[[[7.73779660317848,8.606928635930107],[7.737835326722304,8.606852178432264],[7.737989142563995,8.60687182930864],[7.738122708845732,8.607197752024506],[7.738064877222791,8.60723585456643],[7.737930232726823,8.60723541275484],[7.737660943756403,8.607234528990347],[7.737661451285414,8.607081361515926],[7.737796476312973,8.606966927801134],[7.73779660317848,8.606928635930107]]],[[[7.739115076531421,8.580472959797246],[7.739114697516799,8.580587835626046],[7.738903128000327,8.580587144037699],[7.738845869503763,8.58045293361618],[7.739076609356848,8.580472834064242],[7.739115076531421,8.580472959797246]]],[[[7.739347423728369,8.585834648752039],[7.73950110503665,8.585892589771886],[7.739365962421336,8.586045317292172],[7.739212154673027,8.586025668146503],[7.739135472038961,8.585948832669729],[7.739136104117243,8.585757373006214],[7.739174319002857,8.585834082676882],[7.739347423728369,8.585834648752039]]],[[[7.739433480391775,8.588898317939544],[7.739702503792006,8.588975782468012],[7.73970187175724,8.58916724214156],[7.739528575858158,8.589224113905452],[7.739317444088817,8.589089400102786],[7.739395012364107,8.588898192115836],[7.739433480391775,8.588898317939544]]],[[[7.739910412629477,8.590086940458598],[7.739699217051606,8.589971372749234],[7.739719209623756,8.58974168405378],[7.739816327944202,8.589454809040502],[7.740028028826213,8.589417208897814],[7.740066876039699,8.589302458847293],[7.74022062199804,8.589341253816267],[7.740220116557401,8.589494421583023],[7.740412457063246,8.58949505029476],[7.740257952862735,8.589686007042587],[7.740103764447745,8.589781233856451],[7.740103385313275,8.589896109673838],[7.739910412629477,8.590086940458598]]],[[[7.741022074112283,8.591277637280104],[7.741080723796404,8.590990636189941],[7.741311596523438,8.590972244270082],[7.741561892753647,8.590896477090904],[7.741619973868707,8.590781789665453],[7.741754865200136,8.590705645426628],[7.741734810587491,8.59095448036633],[7.741503811599936,8.591011164501902],[7.741465343328628,8.591011038854155],[7.741445099086524,8.591317311679585],[7.7413679099366,8.591393644269282],[7.741021568877567,8.591430805078913],[7.741022074112283,8.591277637280104]]],[[[7.739695993133837,8.590947817012447],[7.739869226630331,8.590910091254244],[7.739868468113832,8.59113984285407],[7.739694981630305,8.591254152457152],[7.739695993133837,8.590947817012447]]],[[[7.741058647783358,8.591852142223619],[7.741020305749892,8.591813724570494],[7.741002145255957,8.59148818015221],[7.741213657836209,8.591508017435846],[7.741232576268632,8.591603810157418],[7.741116855530467,8.591699162971935],[7.741443141898512,8.591910836988733],[7.741461934120922,8.592044921663135],[7.741327294811457,8.592044481812092],[7.74123169221549,8.591871853821774],[7.741058647783358,8.591852142223619]]],[[[7.739826206839948,8.592288474981263],[7.739864864873048,8.592231162914997],[7.739846578969781,8.591943910519477],[7.739981281377652,8.591925204916215],[7.739961099014395,8.592212331504742],[7.74001848551255,8.592308250059013],[7.73994123267317,8.592403728254805],[7.739826206839948,8.592288474981263]]],[[[7.738994897971454,8.593568547916378],[7.7391293478992,8.59362642653584],[7.739032670478144,8.59377927938416],[7.738936625749118,8.593740672626218],[7.738994897971454,8.593568547916378]]],[[[7.738896448662993,8.594257487508397],[7.738551054533906,8.594007456373602],[7.738666839876865,8.593892958579657],[7.738801479700036,8.59389339945439],[7.738801099989322,8.594008275189491],[7.739204703295014,8.594105327343074],[7.739281007765699,8.59429703876757],[7.739011474682032,8.594372741093299],[7.738896448662993,8.594257487508397]]],[[[7.739797803889901,8.595064576777],[7.739702201483158,8.594891948423976],[7.739818555994723,8.594605136614087],[7.739800143797176,8.594356176165174],[7.73999261317812,8.594318513511066],[7.740069234221269,8.59441449501695],[7.740145033405421,8.59475937405923],[7.740144590835665,8.594893395813704],[7.740298591844974,8.594855607202545],[7.74025955423002,8.595027795069608],[7.739990147171271,8.595065206104081],[7.73998913541185,8.595371541518302],[7.739854684733313,8.595313663096695],[7.739797803889901,8.595064576777]]],[[[7.73900938643741,8.59500455766333],[7.739067405790095,8.594909016804223],[7.739029759800904,8.594659993419342],[7.739202995058801,8.594622268220455],[7.739356426629549,8.594756793616304],[7.739413749991038,8.594871858241097],[7.739163830457844,8.594832747825986],[7.739086323712657,8.595004809561416],[7.739066393308526,8.595215352111667],[7.738778004972624,8.595176115467876],[7.738778321448025,8.595080385695315],[7.738893980528928,8.595004179787406],[7.73900938643741,8.59500455766333]]],[[[7.741010514529991,8.594781350366533],[7.7410878308768,8.594666726026455],[7.741088841669995,8.594360390471078],[7.741338698118589,8.594418645595619],[7.741530346511728,8.594629879836559],[7.741664923597253,8.594649465724274],[7.741702571344429,8.59489848909931],[7.741548254599672,8.595032008165218],[7.741412793112016,8.595280465854321],[7.741123582901984,8.595490128557568],[7.741124467408966,8.595222084954615],[7.741087072757372,8.594896477689721],[7.741010514529991,8.594781350366533]]],[[[7.73868069391868,8.595520427674044],[7.738700181467414,8.595443906855836],[7.738911506034162,8.595521183564177],[7.739065380789515,8.59552168741413],[7.739064937800676,8.595655709107394],[7.738776549138683,8.595616472415392],[7.73868069391868,8.595520427674044]]],[[[7.740001982258823,8.597305346649675],[7.739982241805175,8.597458451395129],[7.739809131765892,8.597457884845069],[7.739808752198776,8.597572760603715],[7.739673794681044,8.597668049687273],[7.739692522989023,8.597821280318904],[7.739557881733343,8.59782083955583],[7.739577875488727,8.597591151030397],[7.739732447031714,8.597381049182866],[7.739732700086634,8.597304465345346],[7.739886828631797,8.59722838512848],[7.739906632350626,8.597056134429002],[7.739983696563966,8.597018094284397],[7.740043486878501,8.596386466351172],[7.740197614982049,8.596310385943951],[7.74037053485395,8.596368390139666],[7.740370092279316,8.59650241189465],[7.740235072057975,8.596616847218778],[7.740368827740913,8.59688533118934],[7.740309859816509,8.597268061696752],[7.740213750845777,8.597248601082033],[7.740156047524618,8.597248412279914],[7.740002235257369,8.597228762803878],[7.740001982258823,8.597305346649675]]],[[[7.74133010683099,8.59702249790087],[7.741137636081414,8.597060161041007],[7.741138141605547,8.596906993279983],[7.741388189211098,8.596907810690176],[7.741464937419599,8.596965500086137],[7.741676579383565,8.59694704560247],[7.741676958360186,8.596832169757251],[7.74185013139394,8.596813589451267],[7.741984456677707,8.596909759244237],[7.742234693770868,8.596853138170202],[7.742156935218393,8.597101784557008],[7.742156366950205,8.59727409835407],[7.741579270155842,8.597291358822401],[7.741368007087293,8.597194937394704],[7.74133010683099,8.59702249790087]]],[[[7.740818884943959,8.600390552855302],[7.740992628607209,8.60019965948533],[7.741089370532003,8.600027660348925],[7.741128408624498,8.59985547246097],[7.741378331762031,8.599894582093672],[7.741396934345517,8.600086104677441],[7.74155081109011,8.600086607799403],[7.741549989569608,8.600335505409078],[7.741453500540277,8.600430920801266],[7.741318858271732,8.600430480521391],[7.74120319776575,8.600506686969798],[7.741049384093461,8.600487037718517],[7.740914425685001,8.600582327119225],[7.740818695247446,8.600447990748386],[7.740818884943959,8.600390552855302]]],[[[7.741529933405755,8.600584340124882],[7.741703297734015,8.600508322222403],[7.741702602652509,8.600718927900129],[7.741644646000254,8.600795323126114],[7.741510066793303,8.600775736925483],[7.741529933405755,8.600584340124882]]],[[[7.740586678318686,8.600811008858352],[7.74081724086384,8.60088834792288],[7.740797500336869,8.601041452702844],[7.740566621463087,8.601059843423885],[7.740586678318686,8.600811008858352]]],[[[7.741528985423887,8.60087152966449],[7.741663375085401,8.60094855377373],[7.741624337043048,8.601120741725104],[7.741489694522048,8.601120301469953],[7.741432622645473,8.600928653091808],[7.741528985423887,8.60087152966449]]],[[[7.739659302221763,8.602052473701589],[7.739697011961208,8.602282351142048],[7.739812040325432,8.602397604824686],[7.739868858279368,8.602665837163968],[7.739695745883759,8.602665270222488],[7.739657846223589,8.60249283064225],[7.739659302221763,8.602052473701589]]],[[[7.741639084406189,8.602480168418788],[7.741792772534793,8.602538109491336],[7.74188844057364,8.602691591700497],[7.741734373147628,8.602748526468885],[7.741619407236382,8.602614127296134],[7.741639084406189,8.602480168418788]]],[[[7.740170538010377,8.604504856686809],[7.74028601014029,8.604486088637843],[7.740305751248465,8.604332983966053],[7.74044014171988,8.604410008629179],[7.740266205715963,8.604658339261226],[7.740131435419157,8.604696190261308],[7.740170538010377,8.604504856686809]]],[[[7.739670623055772,8.604445780832698],[7.739824438145199,8.604465430851048],[7.739939403809152,8.60459983053699],[7.739977873428237,8.604599956534459],[7.740112074004085,8.604734419179774],[7.739976670595205,8.604963729656838],[7.739745979308933,8.60492468167806],[7.739670179812919,8.604579802495342],[7.739670623055772,8.604445780832698]]],[[[7.739361789558453,8.60477025365784],[7.739515731402792,8.604751611915136],[7.73959229070037,8.604866739700967],[7.73945714028738,8.60501946614294],[7.739342048029747,8.604923358219924],[7.739361789558453,8.60477025365784]]],[[[7.740533847858632,8.605157015842975],[7.740610470835811,8.605252997521749],[7.740629009619208,8.605463666030813],[7.740532708761796,8.605501643075778],[7.740456338914796,8.605329077551263],[7.740533847858632,8.605157015842975]]],[[[7.739070416366836,8.605630875703827],[7.739224105157112,8.605688817920198],[7.739223661692231,8.605822839551072],[7.739012014813926,8.605841291950552],[7.739070416366836,8.605630875703827]]],[[[7.739435941978187,8.60561292754332],[7.739532116263939,8.605613242692426],[7.739646955437725,8.605785934393742],[7.739473461598509,8.605900242842608],[7.739415883671305,8.605861761843848],[7.739435941978187,8.60561292754332]]],[[[7.740570608931943,8.605674082643615],[7.740628186975303,8.605712563482548],[7.740646662472122,8.605942377948105],[7.740512334740992,8.605846207322648],[7.740570608931943,8.605674082643615]]],[[[7.746403306021751,8.586757528793825],[7.746557743266313,8.586585714961387],[7.746846189710626,8.586605798956372],[7.746846001229116,8.5866632370238],[7.746807156338184,8.586777988104776],[7.747018353007176,8.586893551992036],[7.747114774116539,8.586817280472799],[7.747268143386552,8.58697094874531],[7.747594367466079,8.587201763539706],[7.747978042863129,8.587509349657816],[7.747977917309,8.587547641717643],[7.747900541802114,8.587681414015654],[7.74803486603515,8.587777581500111],[7.748150584014897,8.58768222616957],[7.748189052049809,8.587682351101938],[7.748534385872066,8.587951519792679],[7.748591836975015,8.58802829127405],[7.748975639519699,8.588297584547357],[7.748975514053907,8.588335876620283],[7.748840938402925,8.588316293546418],[7.748589828900803,8.588640964349857],[7.74864640155298,8.588985780305997],[7.748723086897471,8.589062614241191],[7.748568900377788,8.589157844785653],[7.748414274407358,8.589387097476362],[7.748394726450775,8.589482765165037],[7.748144494685307,8.5895393910881],[7.748048700861185,8.589424202500881],[7.747913748161154,8.589519495221378],[7.747683001680899,8.589499599219879],[7.747492230991819,8.58902032352044],[7.747088126848205,8.589076448671838],[7.747049910028346,8.588999739523103],[7.747204096769535,8.588904509630938],[7.747128102915815,8.588617069193878],[7.746993590190174,8.588578339452782],[7.746723684965497,8.588768924115588],[7.746589046538525,8.588768486268787],[7.746589486526308,8.588634464139016],[7.746743610348426,8.588558380444493],[7.746743924579588,8.588462650345164],[7.746610668981944,8.58804100009991],[7.746495264840531,8.588040624803254],[7.746341581248202,8.587982686301801],[7.746071613350882,8.588192416542565],[7.74613044715512,8.587847975976924],[7.745995997719322,8.587790099924376],[7.745861171019113,8.5878470999151],[7.745861674098891,8.587693931802269],[7.745900204983545,8.58767491094873],[7.745900330747889,8.58763661891972],[7.746035723233039,8.587407304762245],[7.74615137863253,8.587331096102465],[7.746152007296961,8.587139635934756],[7.746210149259482,8.58700580149772],[7.746345289881234,8.586853071239716],[7.746364838106374,8.586757403696634],[7.746403306021751,8.586757528793825]]],[[[7.743268298841901,8.586709028796314],[7.74336415349156,8.586805072286246],[7.743518087993266,8.586786427854507],[7.743498161089609,8.586996971135415],[7.743343848465786,8.587130491524094],[7.743151382900978,8.587168156435983],[7.743075266334749,8.586919007651252],[7.743152895251419,8.586708652556968],[7.743268298841901,8.586709028796314]]],[[[7.743690374604371,8.587035890028156],[7.743805778317625,8.587036266120844],[7.74380521146865,8.58720858011721],[7.74363204283005,8.587227161951972],[7.743594078860711,8.587073868587416],[7.743690374604371,8.587035890028156]]],[[[7.745803594770277,8.587808620135865],[7.745611003121885,8.587884578285115],[7.745553993001463,8.587673784364744],[7.745784863872308,8.58765538944162],[7.745803783434087,8.587751182094859],[7.745803594770277,8.587808620135865]]],[[[7.743763027130364,8.58833806867473],[7.743301410742882,8.588336563819341],[7.743302545034842,8.587991935912042],[7.74345673205005,8.58789670759043],[7.743591307007581,8.58791629248435],[7.743763846045236,8.588089170698066],[7.74376315311887,8.588299776678536],[7.743763027130364,8.58833806867473]]],[[[7.746437185620611,8.588155313250091],[7.746533104347079,8.588232210092851],[7.746398151810014,8.588327502294392],[7.746128812432395,8.588345772386555],[7.746090784501923,8.588211625132004],[7.746263890766603,8.588212188256795],[7.746437185620611,8.588155313250091]]],[[[7.743954611488972,8.5885684475273],[7.743936133297304,8.588338632853056],[7.744282660506618,8.58824403096683],[7.744455703706524,8.588263740908952],[7.744628180374243,8.588455764815752],[7.744627361987271,8.588704662870535],[7.744261915201109,8.588703472341248],[7.744108483740963,8.588568948959846],[7.743954611488972,8.5885684475273]]],[[[7.74224202643643,8.588792616787755],[7.742298908588295,8.58904170292054],[7.74206791083451,8.589098387578584],[7.74203026286601,8.588849364214333],[7.74218432434855,8.588792428473486],[7.74224202643643,8.588792616787755]]],[[[7.748818943621462,8.589158656644518],[7.748973694734693,8.588891111668971],[7.748972628180492,8.589216594276122],[7.748818943621462,8.589158656644518]]],[[[7.74679905003468,8.589247824787252],[7.746819038286144,8.589018135095067],[7.747068452926099,8.589210408292532],[7.747145012282042,8.589325534545942],[7.747125024181433,8.589555224277294],[7.747009933761049,8.589459118964825],[7.746836826881449,8.589458556093987],[7.74679905003468,8.589247824787252]]],[[[7.74445117027269,8.589642253093258],[7.744624214115747,8.589661963050633],[7.744644077800564,8.58947056567401],[7.744490645914479,8.589336042386355],[7.744587131084852,8.589240625666879],[7.744702283687018,8.589317585603151],[7.744778527518016,8.589528442248971],[7.744758852756025,8.589662401628981],[7.744757971381249,8.589930445684589],[7.744700017227306,8.59000684173573],[7.744546207328287,8.589987194453853],[7.744469270902392,8.589986943791564],[7.744449595987156,8.590120903133688],[7.744449029222086,8.59029321714527],[7.74437158890547,8.590446134459157],[7.744256184136531,8.590445758387741],[7.744218660674296,8.590158443030594],[7.743930211995663,8.590138356706538],[7.743813862244953,8.590425170464295],[7.743698772571178,8.590329064248861],[7.743698961607852,8.590271626261883],[7.743680483638263,8.590041811605424],[7.743584250108447,8.590060644052224],[7.743527556085716,8.58975411999479],[7.743624167604858,8.589620411576803],[7.743624671687464,8.589467243609906],[7.743894011730362,8.58944897540025],[7.743951713955481,8.58944916347285],[7.744067244384211,8.589411247593663],[7.744200875202395,8.589718022355397],[7.744354621981939,8.58975681575832],[7.744411820479933,8.589910171779708],[7.744507990991202,8.589910485116732],[7.744450666511221,8.589795421107516],[7.74445117027269,8.589642253093258]]],[[[7.74231587194122,8.58973102119831],[7.742450636626999,8.589693168612458],[7.742449879772925,8.589922920455683],[7.742449185971575,8.590133526309511],[7.742525680874987,8.590267799289041],[7.742505437601968,8.590574072309861],[7.742582311017641,8.590593469368342],[7.742581617234379,8.59080407522562],[7.742485320415441,8.590842053347911],[7.742409456233895,8.59051632049139],[7.742351816963104,8.590496986179183],[7.742333592143651,8.59019058763321],[7.742334538325355,8.589903397845601],[7.742315304239274,8.5899033350717],[7.74231587194122,8.58973102119831]]],[[[7.746720165184683,8.589841101174933],[7.747028225258649,8.589746371814412],[7.747027785367057,8.589880393959067],[7.747143190088121,8.589880769176032],[7.747123453264178,8.590033874812079],[7.746469492990031,8.59003174805484],[7.746469933085468,8.58989772593999],[7.746643228723894,8.58984085095083],[7.746720165184683,8.589841101174933]]],[[[7.747470609895908,8.589747809935773],[7.747585637714772,8.589863061163049],[7.747720213771871,8.589882644742762],[7.747719711307558,8.590035812947633],[7.747449993705851,8.590168959939172],[7.747470609895908,8.589747809935773]]],[[[7.746297077557547,8.589820578737138],[7.746315116972129,8.590184415601223],[7.746294184999027,8.590701295419436],[7.746121140497492,8.590681586133217],[7.746122398340073,8.590298665866705],[7.746084118749278,8.590241102650497],[7.746085062115417,8.589953912448884],[7.746277466167717,8.589935392252066],[7.746297077557547,8.589820578737138]]],[[[7.743735665498474,8.5908078395556],[7.743832277272618,8.590674131120398],[7.743986024364462,8.590712924718535],[7.744024051646773,8.59084707209344],[7.743965971188873,8.590961759983513],[7.743812097980991,8.590961258355467],[7.743735665498474,8.5908078395556]]],[[[7.748714174780028,8.591781350854685],[7.748676020190678,8.591685495761206],[7.748272164335699,8.591665037655744],[7.748118604591327,8.591568807572033],[7.748138215595806,8.59145399390548],[7.747926953367108,8.591357576274177],[7.747715314348303,8.5913760346872],[7.74763787496297,8.591528952805644],[7.747752714841357,8.591701642129225],[7.747675463857354,8.59179712217506],[7.747406184776225,8.591796246793267],[7.747445407229973,8.59156661959676],[7.747369224440696,8.591336617209016],[7.747099820017101,8.591374033699104],[7.747120248311361,8.591010321865372],[7.747331949941344,8.590972717732294],[7.747369915626288,8.59112601096952],[7.747542771993926,8.59120315780174],[7.747639508332832,8.59103115618938],[7.74792764424671,8.591146969989808],[7.748042484178771,8.59131965923265],[7.748119672170179,8.591243325111176],[7.748312014142166,8.591243950007037],[7.748312139717635,8.591205657949624],[7.748331436700256,8.591186574404771],[7.748504544462727,8.591187136716554],[7.748504607240457,8.591167990686383],[7.748639246612645,8.591168427985266],[7.748715681258899,8.591321846102462],[7.74885019517304,8.591360575400456],[7.748849567548266,8.59155203572474],[7.748752643236261,8.59178147578995],[7.748714174780028,8.591781350854685]]],[[[7.742253816826782,8.591051905834373],[7.742253375191144,8.591185927723663],[7.74221396047602,8.591472991903501],[7.742098997197568,8.59133859326202],[7.742119430213443,8.59097488237724],[7.742253816826782,8.591051905834373]]],[[[7.744291503038709,8.591403183719919],[7.744291251074695,8.591479767715516],[7.744349394530826,8.591345933777268],[7.744522313163832,8.591403935890208],[7.744580393553258,8.591289247904458],[7.744695735621927,8.591308769917429],[7.744656700522436,8.591480958598762],[7.744714025248512,8.59159602261281],[7.74482949335062,8.591577252594341],[7.744867520983628,8.591711399935084],[7.744597675449256,8.591882836606992],[7.744578000383885,8.592016795935274],[7.744327766694812,8.592073419052074],[7.744288920297103,8.592188169660036],[7.744135235588258,8.592130230098816],[7.744058298742632,8.592129979292425],[7.744039316565554,8.592053332602843],[7.743943145531815,8.592053019071301],[7.74378914584364,8.592090809360077],[7.743731065076709,8.592205497170163],[7.743538344749779,8.5923197458734],[7.743461092685974,8.592415224901636],[7.74334568736221,8.592414848471996],[7.743250335907343,8.592165636879336],[7.743308668978668,8.591974365197073],[7.743443686588713,8.591859928399176],[7.743539857555301,8.591860242048384],[7.743540613926585,8.591630490131676],[7.743637415084121,8.591439343808567],[7.74377230636705,8.591363198841286],[7.744099413284042,8.591325972815554],[7.744291503038709,8.591403183719919]]],[[[7.746597152997124,8.592157393811135],[7.746751026852042,8.592157894396273],[7.746750460989529,8.592330208542219],[7.746500478753912,8.59231024902933],[7.746346290378712,8.59240547840097],[7.746289153729618,8.592232976508075],[7.746597152997124,8.592157393811135]]],[[[7.746249615966852,8.592558333530846],[7.746461318494413,8.592520730014694],[7.74651845524931,8.592693231896883],[7.746383563866371,8.59276937783203],[7.746363889324051,8.592903337328972],[7.7462485466274,8.592883815735723],[7.746249615966852,8.592558333530846]]],[[[7.74299884078468,8.592605178858882],[7.743171759667359,8.592663181627003],[7.742978975895602,8.592796575978289],[7.74299884078468,8.592605178858882]]],[[[7.745458242355111,8.593398190501249],[7.745478106093916,8.593206793085608],[7.745650899901378,8.593303086846207],[7.745650459341234,8.593437108895227],[7.745669127193816,8.593609485591138],[7.745572892764724,8.593628318416295],[7.745419270188322,8.59355123325529],[7.745458053513378,8.593455628517836],[7.745458242355111,8.593398190501249]]],[[[7.747592997568084,8.593481722024649],[7.747630523583468,8.593769037416209],[7.747418883219231,8.59378749547039],[7.747419323176563,8.593653473332711],[7.747554026213122,8.593634765115656],[7.747592997568084,8.593481722024649]]],[[[7.744322348682489,8.593719974854707],[7.744322537701052,8.593662536864011],[7.744399852873487,8.593547911676698],[7.744688304179552,8.59356799801939],[7.74470709756265,8.593702082699915],[7.74484129676715,8.593836543458465],[7.744821495618591,8.594008794784346],[7.744667621131626,8.594008293321524],[7.744628459577795,8.594218773932333],[7.744339818766319,8.594256125464742],[7.74435955715052,8.594103020195632],[7.74455171129173,8.594161085169688],[7.744513809652849,8.59398864579926],[7.744514061646883,8.593912061807048],[7.744321844626584,8.593873142829034],[7.744322348682489,8.593719974854707]]],[[[7.746128044904255,8.59443426695089],[7.745897106938253,8.594471807495005],[7.745859519327646,8.594203638129681],[7.746186502940886,8.594204702677093],[7.746186125439364,8.594319578737462],[7.746185747932605,8.594434454797133],[7.746128044904255,8.59443426695089]]],[[[7.742916542539861,8.594232336691384],[7.74295463268181,8.594347338158258],[7.743089146742003,8.594386069531739],[7.74306921859941,8.594596612618524],[7.742819550873862,8.594480920607689],[7.742839542221916,8.594251231566139],[7.742916542539861,8.594232336691384]]],[[[7.742953181810217,8.594787695834773],[7.743107308810026,8.594711614080023],[7.743087317556844,8.594941303149845],[7.742933379711379,8.594959946925691],[7.742953181810217,8.594787695834773]]],[[[7.746183545705507,8.595104565131264],[7.746183419858578,8.59514285714964],[7.746067698940229,8.595238211458438],[7.745952292646984,8.595237835687085],[7.745836949300601,8.595218313874637],[7.745798480541024,8.595218188598603],[7.745952859064313,8.59506552161995],[7.746106482344969,8.595142606665112],[7.746183545705507,8.595104565131264]]],[[[7.742316681498914,8.595321711101226],[7.742335347790125,8.595494087739182],[7.74216198597178,8.595570106291639],[7.742162617250302,8.595378646499713],[7.742316681498914,8.595321711101226]]],[[[7.74277698111435,8.595725284008381],[7.742911243242359,8.59584059944609],[7.742795584510836,8.5959168066367],[7.742526492366381,8.595858489482312],[7.742489096514498,8.595532882182884],[7.742758314624265,8.595552907363524],[7.742777296606913,8.595629554090731],[7.74277698111435,8.595725284008381]]],[[[7.743372805565739,8.595861252061257],[7.74346866221041,8.595957295815092],[7.743391346191812,8.596071920691102],[7.743257083823039,8.595956605389617],[7.743372805565739,8.595861252061257]]],[[[7.743178758428651,8.596377565989306],[7.74319843442211,8.596243606864952],[7.743467590069128,8.59628277761432],[7.743563572959918,8.596340529383845],[7.743543518683634,8.596589364473951],[7.743409003809588,8.596550633145233],[7.743409445319173,8.59641661123347],[7.743178758428651,8.596377565989306]]],[[[7.744096588950453,8.598027133528745],[7.74421205904901,8.598008363985452],[7.744230663121477,8.598199886641842],[7.744037939618428,8.598314135146964],[7.743961442936315,8.598179862214037],[7.744096588950453,8.598027133528745]]],[[[7.745574875487282,8.598874386054952],[7.745632579174951,8.598874574080373],[7.745767410033991,8.598817574765452],[7.745805879156077,8.598817700096633],[7.74634180319854,8.599623586594323],[7.746341677300341,8.599661878606064],[7.746762762002002,8.600295074826027],[7.746589209628867,8.600428533188463],[7.746358204997678,8.600485219489205],[7.746358079088322,8.600523511499475],[7.746185030195877,8.60050380161237],[7.746165039964474,8.600733490997257],[7.746068866663927,8.600733177682573],[7.745991487199198,8.600866949028548],[7.745799392487836,8.600789738275996],[7.745798888604351,8.600942906281286],[7.745702652273611,8.600961738867419],[7.745684929370136,8.600502172182894],[7.745819697853594,8.600464318936941],[7.745916563810791,8.600254026281869],[7.745993124520371,8.600369152967971],[7.746050828443494,8.600369340963125],[7.746262598380949,8.600312592190937],[7.746359086346883,8.600217175415127],[7.746359212251584,8.600178883404233],[7.746168188086482,8.599776190798586],[7.745995013614926,8.599794772881726],[7.745860371335429,8.599794334222477],[7.745744711751059,8.59987054219652],[7.745573993726603,8.599142430066854],[7.745459027198562,8.599008031978657],[7.745574875487282,8.598874386054952]]],[[[7.742438570372756,8.59918963863441],[7.742611807639395,8.59915191215773],[7.742610986901959,8.599400809881317],[7.742553030650678,8.599477205304193],[7.742399596109496,8.599342680778886],[7.742438570372756,8.59918963863441]]],[[[7.744416325816488,8.600229989148822],[7.744474849285334,8.599981279485766],[7.744436884439123,8.59982798607213],[7.744744575059175,8.59984813578842],[7.744840559008903,8.59990588738569],[7.745109780535173,8.599925911378277],[7.745032337948626,8.600078828507886],[7.744878461000719,8.60007832677797],[7.744781405469934,8.600346057078994],[7.744781027271308,8.600460933040727],[7.744511679327676,8.600479200750096],[7.744416325816488,8.600229989148822]]],[[[7.74512794392061,8.600251456025608],[7.745320353217578,8.600232937068517],[7.745358444456183,8.60034793845277],[7.745127124718969,8.600500353976226],[7.745030888494263,8.600519186406022],[7.74512794392061,8.600251456025608]]],[[[7.747006582552508,8.602191343812798],[7.746948374827442,8.602344323983273],[7.746736603764794,8.60240107298003],[7.746678521800394,8.602515761076972],[7.746447704760669,8.602515009234745],[7.74641080938689,8.602036233820256],[7.746411879743929,8.60171075174939],[7.746373976980998,8.601538312399692],[7.746297290032235,8.601461477753565],[7.74629798263673,8.601250871711269],[7.746375047306588,8.601212830325032],[7.746375802805233,8.600983078268946],[7.746491777413691,8.600811140110958],[7.746741953969549,8.600773662396444],[7.746800350241323,8.60056324419765],[7.746916009890747,8.600487035908847],[7.747183973849721,8.60088997874364],[7.747183722184253,8.6009665627868],[7.747048638962027,8.601100146551893],[7.746990053909336,8.601368002817377],[7.747066866853524,8.601406545324217],[7.747066174661014,8.601617151427046],[7.747142735965229,8.60173227796541],[7.74714229549086,8.60186630003276],[7.747007274824839,8.601980737721057],[7.747006582552508,8.602191343812798]]],[[[7.743950721020166,8.6014346801964],[7.743971911156605,8.60084121737763],[7.744106553707893,8.600841656750392],[7.744471381571099,8.601034309004426],[7.744528328945107,8.601264249134383],[7.744469679077439,8.601551250746589],[7.744258286708336,8.601493122459665],[7.744046389793385,8.601588161962539],[7.743950721020166,8.6014346801964]]],[[[7.741815103785834,8.601600019849261],[7.741815925255876,8.601351122230438],[7.741989163556931,8.601313396188273],[7.742104066113396,8.601466941194538],[7.742084515562179,8.601562608188424],[7.741930511820232,8.60160039713701],[7.741929500839005,8.601906732676985],[7.741679449903637,8.60190591514694],[7.741679765902038,8.601810185300463],[7.741795426766949,8.601733978756998],[7.741815103785834,8.601600019849261]]],[[[7.742619865591998,8.602540812963051],[7.742504646731621,8.602482997916878],[7.742525207821915,8.602080995295113],[7.742370888044835,8.602214514265777],[7.742140261107265,8.602156321949222],[7.742102928931673,8.60181156870211],[7.742218273870563,8.601831091886076],[7.742488127921709,8.601659658133372],[7.742506983659315,8.60177459683714],[7.742641373860028,8.601851620675426],[7.742563614068176,8.602100266973137],[7.742659598126309,8.602158019141893],[7.742677443459242,8.602579293462991],[7.742677253993749,8.60263673139075],[7.742773238196555,8.602694483551465],[7.742753308781969,8.602905026445967],[7.742464787626938,8.602904083636657],[7.74223416026478,8.6028458913164],[7.742234855227107,8.602635285618707],[7.742408283621461,8.60254012154637],[7.74254292669158,8.602540561552255],[7.742619865591998,8.602540812963051]]],[[[7.744734425211308,8.602930640554662],[7.744619079709501,8.60291111805993],[7.744619899475927,8.60266222018908],[7.744754731856984,8.602605221453784],[7.744831481694499,8.602662910399628],[7.744831166455738,8.602758640358138],[7.744734803534213,8.602815764609687],[7.744734425211308,8.602930640554662]]],[[[7.741888061398562,8.60280646752021],[7.742061426754022,8.602730449599946],[7.742079650489523,8.603036848019304],[7.741925582933885,8.60309378284732],[7.741888061398562,8.60280646752021]]],[[[7.745292422411886,8.602875021855471],[7.745350189721561,8.602856064014656],[7.745447119735895,8.602626625631187],[7.74577398451843,8.602665983561428],[7.745734884981225,8.602857318154513],[7.745580061686203,8.6031440064987],[7.745366840466705,8.603641112530834],[7.745347101430929,8.603794217764944],[7.74526997309476,8.603851404844587],[7.745210503566041,8.604387304463765],[7.745210125316359,8.604502180420406],[7.745055679118677,8.604673992429035],[7.744997280963448,8.60488441009092],[7.74493951332173,8.60490336783019],[7.744861501792298,8.605228598637796],[7.744860681935432,8.605477496498686],[7.744764192126016,8.605572912628585],[7.744765453545229,8.605189992857357],[7.744728055988937,8.60486438552315],[7.744670919055615,8.604691883335947],[7.744728938940121,8.604596341677986],[7.744633710778087,8.604308838037046],[7.744902998405816,8.604309716623794],[7.744826563555316,8.604156297696994],[7.744557843688384,8.603983105177267],[7.744692739635298,8.603906960546414],[7.744693307201906,8.603734646640177],[7.744809094346942,8.603620147214153],[7.745097553263267,8.6036402343364],[7.745193916369963,8.603583110018455],[7.74523282719949,8.603449213518857],[7.745233583585961,8.603219461590326],[7.745291855173648,8.60304733580911],[7.745292422411886,8.602875021855471]]],[[[7.744348783905877,8.603216575220992],[7.74432999066709,8.603082490538258],[7.744503040494516,8.603102201411312],[7.744580421005848,8.60296843051981],[7.744714749060539,8.603064599740184],[7.744348783905877,8.603216575220992]]],[[[7.742231948903567,8.60351600033885],[7.742385700728583,8.603554795271663],[7.742385068952603,8.603746254998947],[7.742327111873756,8.603822650269542],[7.742096547201824,8.603745311822086],[7.742116540275847,8.603515623058145],[7.742231948903567,8.60351600033885]]],[[[7.74296198625359,8.603786432657744],[7.742903839810496,8.6039202659598],[7.742788367871043,8.603939034838447],[7.742808297403444,8.603728491958126],[7.74296198625359,8.603786432657744]]],[[[7.742633920987125,8.604110845755534],[7.742961165295831,8.60403533035515],[7.742960596926023,8.604207644143731],[7.742672011594556,8.604225847322514],[7.742633920987125,8.604110845755534]]],[[[7.747266240296299,8.605121559859564],[7.747362792376807,8.60500699698554],[7.747458840937425,8.605045602148735],[7.747419741804674,8.605236936976231],[7.747246690682887,8.605217227257109],[7.747266240296299,8.605121559859564]]]]},"properties":{"fid":6,"DN":2,"count":409,"mean_0":80.4229828850856,"stdev_0":9.36145413029034,"min_0":68,"max_0":160,"mean_1":73.6308068459658,"stdev_1":5.26811809092712,"min_1":55,"max_1":87,"mean_2":66.5574572127139,"stdev_2":4.14294218991449,"min_2":51,"max_2":78,"mean_3":255,"stdev_3":0,"min_3":255,"max_3":255,"predicted":1,"Area":5867.702}}
]}